Price,Adj Close,Adj Close,Adj Close,Adj Close,Close,Close,Close,Close,High,High,High,High,Low,Low,Low,Low,Open,Open,Open,Open,Volume,Volume,Volume,Volume
Ticker,GLD,SPY,TLT,^VIX,GLD,SPY,TLT,^VIX,GLD,SPY,TLT,^VIX,GLD,SPY,TLT,^VIX,GLD,SPY,TLT,^VIX,GLD,SPY,TLT,^VIX
Date,,,,,,,,,,,,,,,,,,,,,,,,
2020-01-02,143.9499969482422,296.125244140625,112.4310073852539,12.470000267028809,143.9499969482422,324.8699951171875,137.00999450683594,12.470000267028809,144.2100067138672,324.8900146484375,137.52999877929688,13.720000267028809,143.39999389648438,322.5299987792969,136.6699981689453,12.420000076293945,143.86000061035156,323.5400085449219,136.7899932861328,13.460000038146973,7733800,59151200,11034100,0
2020-01-03,145.86000061035156,293.8828430175781,114.16250610351562,14.020000457763672,145.86000061035156,322.4100036621094,139.1199951171875,14.020000457763672,146.32000732421875,323.6400146484375,139.16000366210938,16.200000762939453,145.39999389648438,321.1000061035156,137.8800048828125,13.130000114440918,145.75,321.1600036621094,138.27000427246094,15.010000228881836,12272800,77709700,12366000,0
2020-01-06,147.38999938964844,295.004150390625,113.51421356201172,13.850000381469727,147.38999938964844,323.6400146484375,138.3300018310547,13.850000381469727,148.47999572753906,323.7300109863281,139.7100067138672,16.389999389648438,146.9499969482422,320.3599853515625,138.14999389648438,13.539999961853027,148.44000244140625,320.489990234375,139.69000244140625,15.449999809265137,14403300,55653900,11369800,0
2020-01-07,147.97000122070312,294.1746520996094,112.95620727539062,13.789999961853027,147.97000122070312,322.7300109863281,137.64999389648438,13.789999961853027,148.13999938964844,323.5400085449219,138.47000122070312,14.460000038146973,147.42999267578125,322.239990234375,137.63999938964844,13.390000343322754,147.57000732421875,323.0199890136719,138.22000122070312,13.84000015258789,7978500,40496400,8381200,0
2020-01-08,146.86000061035156,295.7425231933594,112.20946502685547,13.449999809265137,146.86000061035156,324.45001220703125,136.74000549316406,13.449999809265137,148.61000061035156,325.7799987792969,138.30999755859375,15.239999771118164,146.13999938964844,322.6700134277344,136.32000732421875,12.829999923706055,148.49000549316406,322.94000244140625,137.92999267578125,15.15999984741211,22248500,68296000,10621700,0
2020-01-09,146.02999877929688,297.747802734375,112.60338592529297,12.539999961853027,146.02999877929688,326.6499938964844,137.22000122070312,12.539999961853027,146.41000366210938,326.7300109863281,137.44000244140625,13.239999771118164,145.44000244140625,325.5199890136719,135.91000366210938,12.529999732971191,146.07000732421875,326.1600036621094,136.0,12.949999809265137,10292300,48473300,7411500,0
2020-01-10,146.91000366210938,296.8909912109375,113.60445404052734,12.5600004196167,146.91000366210938,325.7099914550781,138.44000244140625,12.5600004196167,146.99000549316406,327.4599914550781,138.47000122070312,12.869999885559082,146.1699981689453,325.20001220703125,137.6300048828125,12.09000015258789,146.22000122070312,327.2900085449219,137.6699981689453,12.420000076293945,6183300,53029300,8776000,0
2020-01-13,145.82000732421875,298.9328308105469,113.25984954833984,12.319999694824219,145.82000732421875,327.95001220703125,138.02000427246094,12.319999694824219,146.3800048828125,327.9599914550781,138.08999633789062,13.09000015258789,145.77999877929688,325.9200134277344,137.38999938964844,12.319999694824219,146.35000610351562,326.3900146484375,137.8800048828125,12.84000015258789,7593800,47086800,5966900,0
2020-01-14,145.69000244140625,298.47705078125,113.84245300292969,12.390000343322754,145.69000244140625,327.45001220703125,138.72999572753906,12.390000343322754,145.80999755859375,328.6199951171875,138.82000732421875,13.819999694824219,145.0800018310547,326.8399963378906,138.13999938964844,12.050000190734863,145.4199981689453,327.4700012207031,138.17999267578125,12.720000267028809,6589700,62832800,13920300,0
2020-01-15,146.5399932861328,299.1514587402344,114.59744262695312,12.420000076293945,146.5399932861328,328.19000244140625,139.64999389648438,12.420000076293945,146.72999572753906,329.0199890136719,139.75999450683594,12.829999923706055,145.82000732421875,327.260009765625,139.02000427246094,11.949999809265137,146.2100067138672,327.3500061035156,139.52000427246094,12.789999961853027,6510000,72056600,6290500,0
2020-01-16,146.30999755859375,301.6399841308594,114.23640441894531,12.319999694824219,146.30999755859375,330.9200134277344,139.2100067138672,12.319999694824219,146.47000122070312,330.9200134277344,139.52999877929688,12.420000076293945,145.75999450683594,329.45001220703125,138.74000549316406,11.779999732971191,146.27000427246094,329.70001220703125,139.25999450683594,12.199999809265137,6069100,54050300,6798600,0
2020-01-17,146.5800018310547,302.578857421875,113.25984954833984,12.100000381469727,146.5800018310547,331.95001220703125,138.02000427246094,12.100000381469727,146.99000549316406,332.17999267578125,138.13999938964844,12.479999542236328,146.30999755859375,330.8500061035156,137.36000061035156,11.75,146.50999450683594,331.70001220703125,137.5800018310547,12.210000038146973,11121100,95846000,9693100,0
2020-01-21,146.74000549316406,301.9863586425781,114.44975280761719,12.850000381469727,146.74000549316406,331.29998779296875,139.47000122070312,12.850000381469727,146.86000061035156,332.17999267578125,139.64999389648438,13.329999923706055,145.5500030517578,330.82000732421875,138.77000427246094,12.319999694824219,145.77000427246094,330.8999938964844,138.80999755859375,13.229999542236328,6086100,77742400,6794900,0
2020-01-22,146.7899932861328,302.0228576660156,114.85185241699219,12.90999984741211,146.7899932861328,331.3399963378906,139.9600067138672,12.90999984741211,146.80999755859375,332.95001220703125,140.13999938964844,13.010000228881836,146.3800048828125,331.1700134277344,139.58999633789062,12.3100004196167,146.67999267578125,332.239990234375,139.72000122070312,12.449999809265137,4778200,48914900,6317000,0
2020-01-23,147.1199951171875,302.36920166015625,115.65599060058594,12.979999542236328,147.1199951171875,331.7200012207031,140.94000244140625,12.979999542236328,147.6199951171875,332.1700134277344,141.3800048828125,14.149999618530273,146.6199951171875,329.4100036621094,140.77999877929688,12.9399995803833,147.0,330.6300048828125,140.85000610351562,13.260000228881836,8419800,51963000,9747400,0
2020-01-24,147.97999572753906,299.68017578125,116.59146118164062,14.5600004196167,147.97999572753906,328.7699890136719,142.0800018310547,14.5600004196167,148.3800048828125,332.5299987792969,142.5500030517578,15.979999542236328,146.88999938964844,327.3599853515625,141.3000030517578,12.619999885559082,146.89999389648438,332.44000244140625,141.4199981689453,12.75,9919900,87578400,8585000,0
2020-01-27,148.99000549316406,294.87652587890625,118.40499877929688,18.229999542236328,148.99000549316406,323.5,144.2899932861328,18.229999542236328,149.32000732421875,325.1199951171875,144.2899932861328,19.020000457763672,148.4600067138672,322.6600036621094,143.5,16.81999969482422,149.24000549316406,323.0299987792969,143.9499969482422,17.420000076293945,9988100,84062500,10935200,0
2020-01-28,147.66000366210938,297.96661376953125,117.47773742675781,16.280000686645508,147.66000366210938,326.8900146484375,143.16000366210938,16.280000686645508,148.55999755859375,327.8500061035156,144.08999633789062,18.030000686645508,147.52999877929688,323.6000061035156,142.82000732421875,15.6899995803833,148.36000061035156,325.05999755859375,143.92999267578125,16.940000534057617,7543100,63834000,10612900,0
2020-01-29,148.4600067138672,297.7204284667969,118.6265869140625,16.389999389648438,148.4600067138672,326.6199951171875,144.55999755859375,16.389999389648438,148.55999755859375,328.6300048828125,144.6999969482422,16.649999618530273,147.61000061035156,326.3999938964844,143.42999267578125,14.9399995803833,147.6999969482422,328.3800048828125,143.44000244140625,15.680000305175781,5013100,53888900,9566800,0
2020-01-30,148.47000122070312,298.6866149902344,118.64302062988281,15.489999771118164,148.47000122070312,327.67999267578125,144.5800018310547,15.489999771118164,149.30999755859375,327.9100036621094,145.6699981689453,18.389999389648438,148.00999450683594,323.5400085449219,144.2899932861328,15.300000190734863,148.69000244140625,324.3599853515625,144.89999389648438,17.81999969482422,9119500,75491800,14711800,0
2020-01-31,149.3300018310547,293.2630920410156,119.72611999511719,18.84000015258789,149.3300018310547,321.7300109863281,145.89999389648438,18.84000015258789,149.67999267578125,327.1700134277344,145.99000549316406,19.989999771118164,148.80999755859375,320.7300109863281,145.08999633789062,16.18000030517578,148.8800048828125,327.0,145.1699981689453,16.25,14788300,113845600,14538100,0
2020-02-03,148.36000061035156,295.4416198730469,119.62921905517578,17.969999313354492,148.36000061035156,324.1199951171875,145.5399932861328,17.969999313354492,148.77999877929688,326.1600036621094,145.75999450683594,18.8799991607666,147.67999267578125,323.2200012207031,144.1199951171875,17.100000381469727,148.66000366210938,323.3500061035156,144.9499969482422,18.639999389648438,9105300,69083000,15309000,0
2020-02-04,146.42999267578125,299.94464111328125,118.01803588867188,16.049999237060547,146.42999267578125,329.05999755859375,143.5800018310547,16.049999237060547,147.02999877929688,330.010009765625,144.13999938964844,16.459999084472656,145.8000030517578,327.7200012207031,143.05999755859375,15.630000114440918,146.97000122070312,328.07000732421875,143.99000549316406,16.450000762939453,10525600,62573200,11388300,0
2020-02-05,146.61000061035156,303.4082946777344,116.72761535644531,15.149999618530273,146.61000061035156,332.8599853515625,142.00999450683594,15.149999618530273,146.80999755859375,333.0899963378906,142.6999969482422,16.31999969482422,146.16000366210938,330.6700134277344,141.89999389648438,15.020000457763672,146.3800048828125,332.2699890136719,142.3000030517578,16.290000915527344,6160700,65951100,10782600,0
2020-02-06,147.39999389648438,304.4292297363281,117.25370025634766,14.960000038146973,147.39999389648438,333.9800109863281,142.64999389648438,14.960000038146973,147.6300048828125,334.19000244140625,142.8800048828125,15.65999984741211,147.0,332.79998779296875,142.0,14.699999809265137,147.27999877929688,333.9100036621094,142.17999267578125,15.130000114440918,4819800,50359700,6683100,0
2020-02-07,147.7899932861328,302.8067932128906,118.7167739868164,15.470000267028809,147.7899932861328,332.20001220703125,144.42999267578125,15.470000267028809,148.17999267578125,333.989990234375,144.74000549316406,16.15999984741211,147.33999633789062,331.6000061035156,143.8699951171875,14.8100004196167,147.8300018310547,332.82000732421875,144.22000122070312,15.069999694824219,6379300,64139400,11374800,0
2020-02-10,148.1699981689453,305.06732177734375,119.04561614990234,15.039999961853027,148.1699981689453,334.67999267578125,144.8300018310547,15.039999961853027,148.4499969482422,334.75,145.25,16.43000030517578,147.91000366210938,331.19000244140625,144.67999267578125,15.010000228881836,148.2100067138672,331.2300109863281,145.10000610351562,15.880000114440918,5793600,42070000,6699300,0
2020-02-11,147.66000366210938,305.5959777832031,118.44556427001953,15.180000305175781,147.66000366210938,335.260009765625,144.10000610351562,15.180000305175781,148.16000366210938,337.0199890136719,144.72000122070312,15.270000457763672,147.00999450683594,334.67999267578125,143.94000244140625,14.380000114440918,148.02999877929688,336.1600036621094,144.58999633789062,14.90999984741211,5179400,54864500,7784100,0
2020-02-12,147.5399932861328,307.56500244140625,117.84553527832031,13.739999771118164,147.5399932861328,337.4200134277344,143.3699951171875,13.739999771118164,147.80999755859375,337.6499938964844,143.5500030517578,14.880000114440918,147.16000366210938,336.42999267578125,142.99000549316406,13.729999542236328,147.4199981689453,336.8299865722656,143.3699951171875,14.859999656677246,5040600,43992700,5595500,0
2020-02-13,148.3800048828125,307.2366943359375,118.29757690429688,14.149999618530273,148.3800048828125,337.05999755859375,143.9199981689453,14.149999618530273,148.5800018310547,338.1199951171875,144.1999969482422,15.4399995803833,147.9499969482422,335.55999755859375,143.27000427246094,14.0,148.24000549316406,335.8599853515625,143.44000244140625,14.430000305175781,7082100,54501900,7883400,0
2020-02-14,149.0,307.7289123535156,118.81541442871094,13.680000305175781,149.0,337.6000061035156,144.5500030517578,13.680000305175781,149.1300048828125,337.7300109863281,145.0800018310547,14.539999961853027,148.6300048828125,336.20001220703125,144.4499969482422,13.380000114440918,148.74000549316406,337.510009765625,144.75999450683594,14.119999885559082,5345400,64582200,7137400,0
2020-02-18,150.91000366210938,306.9359436035156,119.62921905517578,14.829999923706055,150.91000366210938,336.7300109863281,145.5399932861328,14.829999923706055,151.08999633789062,337.6700134277344,146.0500030517578,15.489999771118164,149.47000122070312,335.2099914550781,144.9199981689453,14.529999732971191,149.8800048828125,336.510009765625,145.33999633789062,14.979999542236328,11524900,57226200,6909200,0
2020-02-19,151.7899932861328,308.4035339355469,119.62103271484375,14.380000114440918,151.7899932861328,338.3399963378906,145.52999877929688,14.380000114440918,151.82000732421875,339.0799865722656,145.6199951171875,14.739999771118164,150.82000732421875,337.4800109863281,144.97999572753906,14.210000038146973,151.0,337.7900085449219,145.1199951171875,14.65999984741211,9269800,48814700,5707700,0
2020-02-20,152.41000366210938,307.1364440917969,120.5579833984375,15.5600004196167,152.41000366210938,336.95001220703125,146.6699981689453,15.5600004196167,152.8300018310547,338.6400146484375,146.94000244140625,17.209999084472656,151.9499969482422,333.67999267578125,146.0,14.489999771118164,152.0,337.739990234375,146.0800018310547,14.539999961853027,8457300,74163400,9332900,0
2020-02-21,154.6999969482422,303.9734802246094,121.68408966064453,17.079999923706055,154.6999969482422,333.4800109863281,148.0399932861328,17.079999923706055,155.22000122070312,335.80999755859375,148.8800048828125,18.209999084472656,154.17999267578125,332.5799865722656,147.64999389648438,16.190000534057617,154.42999267578125,335.4700012207031,147.8000030517578,17.329999923706055,16344500,113788200,13860300,0
2020-02-24,156.08999633789062,293.8919982910156,123.500732421875,25.030000686645508,156.08999633789062,322.4200134277344,150.25,25.030000686645508,158.52999877929688,333.55999755859375,150.9600067138672,26.350000381469727,155.36000061035156,321.239990234375,150.0,22.0,158.5,323.1400146484375,150.8300018310547,22.25,27171000,161088400,15929300,0
2020-02-25,153.3000030517578,284.9864807128906,124.15824127197266,27.850000381469727,153.3000030517578,312.6499938964844,151.0500030517578,27.850000381469727,156.0800018310547,324.6099853515625,151.75999450683594,30.25,152.91000366210938,311.69000244140625,150.13999938964844,22.190000534057617,155.1199951171875,323.94000244140625,150.2100067138672,22.190000534057617,28091500,218913200,20802900,0
2020-02-26,153.97000122070312,283.9383544921875,123.500732421875,27.559999465942383,153.97000122070312,311.5,150.25,27.559999465942383,155.27999877929688,318.1099853515625,151.72000122070312,29.56999969482422,152.89999389648438,310.70001220703125,149.5800018310547,24.760000228881836,153.82000732421875,314.17999267578125,149.9499969482422,26.6299991607666,17912500,194773800,22589500,0
2020-02-27,154.0,271.1861877441406,124.84049224853516,39.15999984741211,154.0,297.510009765625,151.8800048828125,39.15999984741211,156.27000427246094,311.55999755859375,153.0800018310547,39.310001373291016,153.89999389648438,297.510009765625,150.8300018310547,27.790000915527344,155.5800018310547,305.4599914550781,152.6999969482422,28.950000762939453,27878500,284353500,30687900,0
2020-02-28,148.3800048828125,270.04669189453125,127.65985870361328,40.11000061035156,148.3800048828125,296.260009765625,155.30999755859375,40.11000061035156,152.77000427246094,297.8900146484375,155.97999572753906,49.47999954223633,147.0500030517578,285.5400085449219,154.16000366210938,39.369998931884766,152.7100067138672,288.70001220703125,154.4499969482422,42.02000045776367,42699600,384975800,44935200,0
2020-03-02,149.1999969482422,281.741455078125,126.72063446044922,33.41999816894531,149.1999969482422,309.0899963378906,153.94000244140625,33.41999816894531,150.72999572753906,309.1600036621094,156.5,40.40999984741211,149.0399932861328,294.4599914550781,153.75999450683594,31.5,150.0,298.2099914550781,155.3000030517578,38.540000915527344,16295400,238703600,28152400,0
2020-03-03,153.88999938964844,273.6745300292969,128.68798828125,36.81999969482422,153.88999938964844,300.239990234375,156.3300018310547,36.81999969482422,155.24000549316406,313.8399963378906,159.6999969482422,41.060001373291016,150.74000549316406,297.57000732421875,152.36000061035156,24.93000030517578,150.83999633789062,309.5,153.80999755859375,33.650001525878906,28687700,300139100,38608000,0
2020-03-04,154.16000366210938,285.17791748046875,127.3215560913086,31.989999771118164,154.16000366210938,312.8599853515625,154.6699981689453,31.989999771118164,154.9600067138672,313.1000061035156,157.35000610351562,35.58000183105469,153.6999969482422,303.3299865722656,154.19000244140625,30.299999237060547,154.39999389648438,306.1199951171875,156.41000366210938,34.439998626708984,12315500,176613400,23463700,0
2020-03-05,157.49000549316406,275.6980895996094,130.49075317382812,39.619998931884766,157.49000549316406,302.4599914550781,158.52000427246094,39.619998931884766,157.6199951171875,308.4700012207031,158.82000732421875,42.84000015258789,155.72000122070312,300.010009765625,156.80999755859375,33.540000915527344,156.05999755859375,304.9800109863281,157.1300048828125,33.61000061035156,17973500,186366800,17786200,0
2020-03-06,157.5500030517578,271.1405334472656,137.28207397460938,41.939998626708984,157.5500030517578,297.4599914550781,166.77000427246094,41.939998626708984,159.25,298.7799987792969,169.3300018310547,54.38999938964844,154.5399932861328,290.2300109863281,164.11000061035156,40.84000015258789,158.3300018310547,293.1499938964844,167.3000030517578,48.93000030517578,26973400,228667200,76288300,0
2020-03-09,157.80999755859375,249.96600341796875,141.00271606445312,54.459999084472656,157.80999755859375,274.2300109863281,171.2899932861328,54.459999084472656,159.3699951171875,284.19000244140625,179.6999969482422,62.119998931884766,156.3300018310547,273.45001220703125,170.33999633789062,41.939998626708984,158.60000610351562,275.29998779296875,179.10000610351562,41.939998626708984,24868700,309417300,41552800,0
2020-03-10,154.47999572753906,262.9004821777344,133.7752685546875,47.29999923706055,154.47999572753906,288.4200134277344,162.50999450683594,47.29999923706055,156.41000366210938,288.5199890136719,172.92999267578125,55.65999984741211,154.38999938964844,273.5,162.02999877929688,43.560001373291016,156.17999267578125,284.6400146484375,169.63999938964844,49.68000030517578,18811500,276444100,37728300,0
2020-03-11,153.92999267578125,250.08444213867188,128.8525390625,53.900001525878906,153.92999267578125,274.3599853515625,156.52999877929688,53.900001525878906,156.5,281.94000244140625,167.02999877929688,55.81999969482422,153.61000061035156,270.8800048828125,155.6300048828125,49.97999954223633,156.25,280.70001220703125,165.42999267578125,52.2400016784668,18159900,255316300,29519300,0
2020-03-12,147.7899932861328,226.15707397460938,129.6510772705078,75.47000122070312,147.7899932861328,248.11000061035156,157.5,75.47000122070312,151.5500030517578,266.6600036621094,166.36000061035156,76.83000183105469,146.85000610351562,247.67999267578125,155.66000366210938,59.90999984741211,151.52999877929688,256.0,163.50999450683594,61.459999084472656,32893400,392220700,24361800,0
2020-03-13,143.27999877929688,245.4904022216797,126.72063446044922,57.83000183105469,143.27999877929688,269.32000732421875,153.94000244140625,57.83000183105469,149.60000610351562,271.4800109863281,158.1999969482422,77.56999969482422,141.5800018310547,248.52000427246094,152.19000244140625,55.16999816894531,149.4199981689453,263.0899963378906,155.0,71.30999755859375,35177200,329566100,19812900,0
2020-03-16,141.63999938964844,218.6279296875,134.9276885986328,82.69000244140625,141.63999938964844,239.85000610351562,163.91000366210938,82.69000244140625,142.9600067138672,256.8999938964844,166.14999389648438,83.55999755859375,136.1199951171875,237.36000061035156,157.80999755859375,57.83000183105469,137.55999755859375,241.17999267578125,160.3800048828125,57.83000183105469,24496000,297240000,30496700,0
2020-03-17,143.55999755859375,230.43211364746094,125.93032836914062,75.91000366210938,143.55999755859375,252.8000030517578,152.97999572753906,75.91000366210938,146.1999969482422,256.1700134277344,165.6300048828125,84.83000183105469,139.92999267578125,237.07000732421875,152.7100067138672,70.37000274658203,140.17999267578125,245.0399932861328,163.5,82.69000244140625,24490300,262070500,18570900,0
2020-03-18,140.6999969482422,218.76467895507812,118.82624816894531,76.44999694824219,140.6999969482422,240.0,144.35000610351562,76.44999694824219,142.8800048828125,248.3699951171875,154.13999938964844,85.47000122070312,138.5,228.02000427246094,139.00999450683594,69.37000274658203,141.75,236.25,152.83999633789062,69.37000274658203,21953400,327597100,47061000,0
2020-03-19,138.0399932861328,219.22955322265625,122.06136322021484,72.0,138.0399932861328,240.50999450683594,148.27999877929688,72.0,140.5,247.3800048828125,153.4499969482422,84.26000213623047,137.85000610351562,232.22000122070312,145.25,68.56999969482422,139.0800018310547,239.25,146.9499969482422,80.62000274658203,20828900,289322000,21175300,0
2020-03-20,140.11000061035156,209.781982421875,131.2398681640625,66.04000091552734,140.11000061035156,228.8000030517578,159.42999267578125,66.04000091552734,141.1699981689453,244.47000122070312,159.42999267578125,69.51000213623047,139.13999938964844,228.5,152.11000061035156,57.41999816894531,140.7100067138672,242.52999877929688,153.3000030517578,67.86000061035156,20056000,347158800,20863100,0
2020-03-23,146.3000030517578,204.4182586669922,136.648193359375,61.59000015258789,146.3000030517578,222.9499969482422,166.0,61.59000015258789,146.92999267578125,229.67999267578125,166.69000244140625,76.73999786376953,142.27999877929688,218.25999450683594,156.57000732421875,60.459999084472656,142.67999267578125,228.19000244140625,157.5,74.08000183105469,28275200,326025200,19971800,0
2020-03-24,153.39999389648438,222.93923950195312,134.1045379638672,61.66999816894531,153.39999389648438,243.14999389648438,162.91000366210938,61.66999816894531,155.66000366210938,244.10000610351562,165.4499969482422,61.880001068115234,152.0500030517578,233.8000030517578,160.41000366210938,36.2400016784668,153.5,234.4199981689453,161.25,58.7599983215332,20743500,235494500,11948600,0
2020-03-25,151.3000030517578,226.276611328125,133.79994201660156,63.95000076293945,151.3000030517578,246.7899932861328,162.5399932861328,63.95000076293945,152.8800048828125,256.3500061035156,166.67999267578125,68.86000061035156,151.00999450683594,239.75,161.6199951171875,58.029998779296875,152.5800018310547,244.8699951171875,163.58999633789062,61.439998626708984,16457200,299430300,10750600,0
2020-03-26,153.24000549316406,239.48887634277344,134.45848083496094,61.0,153.24000549316406,261.20001220703125,163.33999633789062,61.0,154.80999755859375,262.79998779296875,165.67999267578125,67.05999755859375,152.0800018310547,249.0500030517578,162.27000427246094,57.65999984741211,153.30999755859375,249.52000427246094,164.0,65.66999816894531,12778200,257632800,10576200,0
2020-03-27,152.25,232.35552978515625,138.0475311279297,65.54000091552734,152.25,253.4199981689453,167.6999969482422,65.54000091552734,153.5500030517578,260.80999755859375,168.25,69.0999984741211,152.0,251.0500030517578,164.58999633789062,61.79999923706055,153.0,253.27000427246094,165.52000427246094,64.94999694824219,9824600,224341200,12550000,0
2020-03-30,152.9199981689453,239.9014892578125,136.91156005859375,57.08000183105469,152.9199981689453,261.6499938964844,166.32000732421875,57.08000183105469,153.0800018310547,262.42999267578125,170.11000061035156,67.69000244140625,151.57000732421875,253.52999877929688,165.94000244140625,56.599998474121094,152.41000366210938,255.6999969482422,168.3000030517578,66.30000305175781,12080900,171369500,13473200,0
2020-03-31,148.0500030517578,236.32566833496094,135.80026245117188,53.540000915527344,148.0500030517578,257.75,164.97000122070312,53.540000915527344,151.8000030517578,263.3299865722656,166.9199981689453,58.75,147.97000122070312,256.2200012207031,164.55999755859375,50.880001068115234,151.36000061035156,260.55999755859375,165.6999969482422,56.689998626708984,13319500,194881100,11464800,0
2020-04-01,149.4499969482422,225.6898651123047,137.7029571533203,57.060001373291016,149.4499969482422,246.14999389648438,167.0399932861328,57.060001373291016,150.0800018310547,257.6600036621094,168.9600067138672,60.59000015258789,147.85000610351562,243.89999389648438,166.39999389648438,52.7599983215332,148.1999969482422,247.97999572753906,168.47999572753906,57.380001068115234,11827400,189554600,11334700,0
2020-04-02,151.89999389648438,230.89768981933594,138.57679748535156,50.90999984741211,151.89999389648438,251.8300018310547,168.10000610351562,50.90999984741211,152.5,252.67999267578125,169.22000122070312,57.2400016784668,150.6999969482422,244.58999633789062,167.25999450683594,50.45000076293945,151.1999969482422,245.19000244140625,168.8300018310547,54.459999084472656,9188300,177660400,5771200,0
2020-04-03,152.64999389648438,227.56027221679688,138.90650939941406,46.79999923706055,152.64999389648438,248.19000244140625,168.5,46.79999923706055,153.08999633789062,253.32000732421875,170.3300018310547,52.290000915527344,151.66000366210938,245.22000122070312,168.13999938964844,46.7400016784668,152.22999572753906,250.75999450683594,168.5500030517578,51.11000061035156,8469100,135561200,6570800,0
2020-04-06,156.8800048828125,242.84458923339844,138.5438232421875,45.2400016784668,156.8800048828125,264.8599853515625,168.05999755859375,45.2400016784668,157.22000122070312,267.0,168.27000427246094,45.72999954223633,153.9600067138672,248.1699981689453,166.52999877929688,43.45000076293945,154.16000366210938,257.8399963378906,167.0,44.16999816894531,14739300,188061200,9434800,0
2020-04-07,156.0399932861328,243.0922393798828,137.09288024902344,46.70000076293945,156.0399932861328,265.1300048828125,166.3000030517578,46.70000076293945,156.13999938964844,275.0299987792969,166.4199981689453,47.5099983215332,154.3800048828125,264.8900146484375,163.7100067138672,43.5099983215332,155.3300018310547,274.2099914550781,164.9600067138672,44.83000183105469,9195400,201427200,13811400,0
2020-04-08,154.64999389648438,251.25247192382812,136.09536743164062,43.349998474121094,154.64999389648438,274.0299987792969,165.08999633789062,43.349998474121094,155.94000244140625,276.0,166.19000244140625,47.279998779296875,154.58999633789062,265.25,164.1300048828125,42.529998779296875,155.91000366210938,267.9599914550781,165.11000061035156,45.900001525878906,7600800,153774500,10147100,0
2020-04-09,158.69000244140625,255.07586669921875,136.34274291992188,41.66999816894531,158.69000244140625,278.20001220703125,165.38999938964844,41.66999816894531,159.0800018310547,281.20001220703125,165.7899932861328,45.72999954223633,157.2100067138672,275.4700012207031,163.77999877929688,41.38999938964844,158.0800018310547,277.5799865722656,164.27999877929688,43.0,18123000,189999200,14259100,0
2020-04-13,161.41000366210938,252.7469024658203,135.097900390625,41.16999816894531,161.41000366210938,275.6600036621094,163.8800048828125,41.16999816894531,162.3800048828125,277.510009765625,165.7100067138672,45.040000915527344,158.6300048828125,271.4100036621094,163.8800048828125,41.16999816894531,159.1699981689453,277.1400146484375,164.75,44.599998474121094,20549200,114839100,8750300,0
2020-04-14,162.67999267578125,260.20123291015625,135.06495666503906,37.7599983215332,162.67999267578125,283.7900085449219,163.83999633789062,37.7599983215332,164.4199981689453,284.8999938964844,164.74000549316406,40.56999969482422,161.77999877929688,275.510009765625,163.47999572753906,37.310001373291016,162.72999572753906,280.9800109863281,163.83999633789062,40.2400016784668,17095100,134143400,9019100,0
2020-04-15,161.85000610351562,254.6724395751953,138.64268493652344,40.84000015258789,161.85000610351562,277.760009765625,168.17999267578125,40.84000015258789,162.5399932861328,283.94000244140625,168.60000610351562,43.22999954223633,160.80999755859375,275.4599914550781,166.74000549316406,40.04999923706055,161.8000030517578,277.57000732421875,166.8000030517578,42.56999969482422,12141900,121775000,10027800,0
2020-04-16,161.7100067138672,255.90101623535156,140.21725463867188,40.11000061035156,161.7100067138672,279.1000061035156,170.08999633789062,40.11000061035156,163.14999389648438,280.0299987792969,170.32000732421875,43.02000045776367,160.64999389648438,275.760009765625,169.02000427246094,39.869998931884766,161.8800048828125,279.1499938964844,169.25999450683594,41.91999816894531,9233200,131798300,8265400,0
2020-04-17,158.57000732421875,262.8143310546875,138.3376922607422,38.150001525878906,158.57000732421875,286.6400146484375,167.80999755859375,38.150001525878906,160.07000732421875,287.29998779296875,170.83999633789062,40.2599983215332,158.1199951171875,282.3999938964844,167.27000427246094,37.630001068115234,159.72000122070312,285.3800048828125,169.82000732421875,39.5,14652700,146684800,8612100,0
2020-04-20,159.6999969482422,258.1840515136719,139.4505615234375,43.83000183105469,159.6999969482422,281.5899963378906,169.16000366210938,43.83000183105469,160.22000122070312,286.7900085449219,169.2899932861328,43.83000183105469,158.4600067138672,281.3500061035156,167.9600067138672,39.880001068115234,158.6199951171875,282.6099853515625,168.44000244140625,40.68000030517578,10688700,100109300,6462600,0
2020-04-21,158.61000061035156,250.34474182128906,141.2064971923828,45.40999984741211,158.61000061035156,273.0400085449219,171.2899932861328,45.40999984741211,159.2100067138672,278.0400085449219,172.14999389648438,47.77000045776367,157.0399932861328,272.0199890136719,170.77999877929688,43.77000045776367,157.60000610351562,276.7300109863281,171.92999267578125,44.279998779296875,12478100,126385700,7850700,0
2020-04-22,161.72999572753906,255.90101623535156,139.76380920410156,41.97999954223633,161.72999572753906,279.1000061035156,169.5399932861328,41.97999954223633,161.74000549316406,281.0,170.38999938964844,45.06999969482422,160.4199981689453,276.9100036621094,168.7100067138672,41.40999984741211,160.5,278.3500061035156,169.97000122070312,44.90999984741211,12902100,92951600,6230200,0
2020-04-23,163.33999633789062,255.88265991210938,140.5057830810547,41.380001068115234,163.33999633789062,279.0799865722656,170.44000244140625,41.380001068115234,163.60000610351562,283.94000244140625,170.92999267578125,42.470001220703125,161.83999633789062,278.75,169.61000061035156,39.060001373291016,162.38999938964844,280.489990234375,169.8699951171875,41.29999923706055,14928500,104709700,5968600,0
2020-04-24,162.63999938964844,259.4493408203125,140.83554077148438,35.93000030517578,162.63999938964844,282.9700012207031,170.83999633789062,35.93000030517578,163.30999755859375,283.70001220703125,170.83999633789062,40.16999816894531,160.88999938964844,278.5,169.57000732421875,35.599998474121094,163.1300048828125,280.7300109863281,169.61000061035156,38.79999923706055,11199300,85063200,6211800,0
2020-04-27,161.55999755859375,263.190185546875,138.21401977539062,33.290000915527344,161.55999755859375,287.04998779296875,167.66000366210938,33.290000915527344,162.0,288.2699890136719,169.75,36.439998626708984,160.41000366210938,284.6199951171875,167.44000244140625,32.5099983215332,161.8800048828125,285.1199951171875,169.66000366210938,36.290000915527344,9033500,77896600,9039500,0
2020-04-28,160.83999633789062,261.97991943359375,139.80508422851562,33.56999969482422,160.83999633789062,285.7300109863281,169.58999633789062,33.56999969482422,160.97999572753906,291.3999938964844,169.85000610351562,35.38999938964844,159.16000366210938,285.3999938964844,168.4499969482422,30.540000915527344,160.88999938964844,291.0199890136719,168.5500030517578,33.209999084472656,10383000,105270000,9905400,0
2020-04-29,161.72999572753906,268.8381652832031,139.07962036132812,31.229999542236328,161.72999572753906,293.2099914550781,168.7100067138672,31.229999542236328,161.85000610351562,294.8800048828125,170.25999450683594,33.189998626708984,159.75999450683594,290.4100036621094,167.9600067138672,30.709999084472656,160.10000610351562,291.5299987792969,169.52999877929688,32.47999954223633,12232300,118745600,8619600,0
2020-04-30,158.8000030517578,266.3350524902344,137.45562744140625,34.150001525878906,158.8000030517578,290.4800109863281,166.74000549316406,34.150001525878906,160.82000732421875,293.32000732421875,169.22999572753906,35.939998626708984,158.1300048828125,288.5899963378906,166.7100067138672,30.93000030517578,160.22000122070312,291.7099914550781,168.74000549316406,30.989999771118164,13633500,122901700,11606100,0
2020-05-01,159.77999877929688,259.2843322753906,138.63270568847656,37.189998626708984,159.77999877929688,282.7900085449219,167.9499969482422,37.189998626708984,160.4499969482422,290.6600036621094,168.11000061035156,39.56999969482422,157.8000030517578,281.5199890136719,166.44000244140625,36.59000015258789,158.0,285.30999755859375,167.5,38.16999816894531,10914300,125180000,10209400,0
2020-05-04,160.33999633789062,259.9994201660156,137.98057556152344,35.970001220703125,160.33999633789062,283.57000732421875,167.16000366210938,35.970001220703125,160.9499969482422,283.8999938964844,167.67999267578125,40.31999969482422,159.91000366210938,279.1300048828125,166.47999572753906,35.529998779296875,160.3300018310547,280.739990234375,167.55999755859375,39.130001068115234,7986200,80873200,8300900,0
2020-05-05,161.02000427246094,262.40167236328125,137.0972900390625,33.61000061035156,161.02000427246094,286.19000244140625,166.08999633789062,33.61000061035156,161.10000610351562,289.25,166.27000427246094,36.220001220703125,159.3300018310547,283.7099914550781,165.27000427246094,31.950000762939453,160.16000366210938,286.6400146484375,165.57000732421875,34.81999969482422,10563100,79569900,7831800,0
2020-05-06,158.9499969482422,260.6229248046875,134.88516235351562,34.119998931884766,158.9499969482422,284.25,163.41000366210938,34.119998931884766,159.80999755859375,288.4599914550781,163.63999938964844,35.689998626708984,158.10000610351562,283.7799987792969,162.0500030517578,31.68000030517578,158.99000549316406,288.0400085449219,163.22999572753906,32.689998626708984,13352000,73632600,14721500,0
2020-05-07,161.38999938964844,263.7677917480469,137.13865661621094,31.440000534057617,161.38999938964844,287.67999267578125,166.13999938964844,31.440000534057617,161.9600067138672,289.7799987792969,166.3699951171875,32.279998779296875,159.36000061035156,287.1300048828125,163.33999633789062,30.3700008392334,159.5,287.75,163.55999755859375,32.119998931884766,13691700,75250400,9164800,0
2020-05-08,160.4199981689453,268.13214111328125,135.3556671142578,27.979999542236328,160.4199981689453,292.44000244140625,163.97999572753906,27.979999542236328,162.0,292.95001220703125,165.39999389648438,30.389999389648438,160.0,289.8599853515625,163.67999267578125,27.889999389648438,161.0800018310547,291.0899963378906,164.49000549316406,30.139999389648438,12240900,76452400,8129800,0
2020-05-11,159.4199981689453,268.1872253417969,134.29913330078125,27.56999969482422,159.4199981689453,292.5,162.6999969482422,27.56999969482422,160.7100067138672,294.0,164.22000122070312,31.459999084472656,158.88999938964844,289.8800048828125,162.10000610351562,26.969999313354492,160.33999633789062,290.3399963378906,163.66000366210938,28.459999084472656,11209800,79514200,8713500,0
2020-05-12,160.0399932861328,262.8418273925781,135.6775360107422,33.040000915527344,160.0399932861328,286.6700134277344,164.3699951171875,33.040000915527344,160.9499969482422,294.239990234375,164.92999267578125,33.040000915527344,159.72000122070312,286.5199890136719,163.1300048828125,26.0,160.3000030517578,293.7900085449219,163.16000366210938,28.469999313354492,10406000,95870800,10057300,0
2020-05-13,161.5800018310547,258.1932373046875,136.6268768310547,35.279998779296875,161.5800018310547,281.6000061035156,165.52000427246094,35.279998779296875,161.6199951171875,287.19000244140625,166.2899932861328,37.41999816894531,160.5399932861328,278.9599914550781,164.8300018310547,30.770000457763672,160.94000244140625,286.05999755859375,165.08999633789062,32.7400016784668,10950400,144721100,13305600,0
2020-05-14,163.00999450683594,261.2830505371094,137.9640655517578,32.61000061035156,163.00999450683594,284.9700012207031,167.13999938964844,32.61000061035156,163.33999633789062,285.1099853515625,168.14999389648438,39.279998779296875,161.50999450683594,272.989990234375,167.0500030517578,32.33000183105469,161.52999877929688,278.95001220703125,167.32000732421875,35.15999984741211,17084400,121977900,10080000,0
2020-05-15,163.92999267578125,262.4842224121094,137.6091766357422,31.889999389648438,163.92999267578125,286.2799987792969,166.7100067138672,31.889999389648438,164.8000030517578,286.3299865722656,168.49000549316406,35.130001068115234,163.0800018310547,281.3399963378906,166.3300018310547,31.040000915527344,164.02000427246094,282.3699951171875,168.3000030517578,32.5,13918800,111146300,7225600,0
2020-05-18,162.69000244140625,270.47943115234375,134.5880126953125,29.299999237060547,162.69000244140625,295.0,163.0500030517578,29.299999237060547,164.5,296.75,165.05999755859375,31.079999923706055,162.41000366210938,292.70001220703125,162.4199981689453,28.350000381469727,164.3300018310547,293.04998779296875,164.92999267578125,30.709999084472656,14133800,119703800,10073100,0
2020-05-19,164.25999450683594,267.7012634277344,135.09156799316406,30.530000686645508,164.25999450683594,291.9700012207031,163.66000366210938,30.530000686645508,164.42999267578125,296.2099914550781,163.6999969482422,30.739999771118164,163.0399932861328,291.95001220703125,162.47999572753906,28.3700008392334,163.60000610351562,294.3500061035156,162.52000427246094,28.729999542236328,8535800,95189300,8639100,0
2020-05-20,164.64999389648438,272.2490234375,135.4960479736328,27.989999771118164,164.64999389648438,296.92999267578125,164.14999389648438,27.989999771118164,164.9600067138672,297.8699951171875,164.6999969482422,29.829999923706055,163.88999938964844,295.57000732421875,162.8800048828125,27.829999923706055,164.5399932861328,295.82000732421875,163.1699981689453,29.520000457763672,10666100,85861700,10927300,0
2020-05-21,162.25,270.369384765625,135.8345184326172,29.530000686645508,162.25,294.8800048828125,164.55999755859375,29.530000686645508,163.5800018310547,297.6700134277344,165.36000061035156,30.200000762939453,161.3699951171875,293.69000244140625,164.2899932861328,27.670000076293945,163.4600067138672,296.7900085449219,164.86000061035156,28.969999313354492,11791000,78293900,8920000,0
2020-05-22,163.2100067138672,270.8829040527344,136.65162658691406,28.15999984741211,163.2100067138672,295.44000244140625,165.5500030517578,28.15999984741211,163.47000122070312,295.6300048828125,165.67999267578125,31.549999237060547,162.74000549316406,293.2200012207031,164.61000061035156,28.030000686645508,162.8800048828125,294.57000732421875,164.72000122070312,31.360000610351562,8540900,63958200,4956700,0
2020-05-26,160.88999938964844,274.2203674316406,134.81915283203125,28.010000228881836,160.88999938964844,299.0799865722656,163.3300018310547,28.010000228881836,162.5800018310547,302.19000244140625,163.7899932861328,28.579999923706055,160.69000244140625,295.4599914550781,162.97999572753906,27.18000030517578,162.5800018310547,301.92999267578125,163.7100067138672,27.719999313354492,13972000,88951400,8098900,0
2020-05-27,161.17999267578125,278.30035400390625,134.57151794433594,27.6200008392334,161.17999267578125,303.5299987792969,163.02999877929688,27.6200008392334,161.33999633789062,303.57000732421875,163.91000366210938,30.530000686645508,159.1999969482422,296.8699951171875,162.58999633789062,25.920000076293945,159.4199981689453,302.1199951171875,162.7899932861328,27.6200008392334,13063500,104817400,8047400,0
2020-05-28,161.72000122070312,277.78692626953125,134.07627868652344,28.59000015258789,161.72000122070312,302.9700012207031,162.42999267578125,28.59000015258789,162.4600067138672,306.8399963378906,162.57000732421875,29.889999389648438,160.89999389648438,302.239990234375,161.66000366210938,27.43000030517578,162.1199951171875,304.6499938964844,161.9600067138672,27.81999969482422,9758500,90405200,10272600,0
2020-05-29,162.91000366210938,279.0247497558594,135.0338134765625,27.510000228881836,162.91000366210938,304.32000732421875,163.58999633789062,27.510000228881836,163.39999389648438,304.9599914550781,164.08999633789062,30.15999984741211,162.32000732421875,299.4700012207031,162.35000610351562,27.290000915527344,162.5800018310547,302.4599914550781,162.7100067138672,29.299999237060547,12581800,119090800,14632700,0
2020-06-01,163.66000366210938,280.1524353027344,134.12460327148438,28.229999542236328,163.66000366210938,305.54998779296875,162.27999877929688,28.229999542236328,163.74000549316406,306.2099914550781,162.44000244140625,30.600000381469727,162.38999938964844,303.05999755859375,161.6699981689453,28.110000610351562,162.9199981689453,303.6199951171875,162.10000610351562,28.940000534057617,8140200,55758300,13341400,0
2020-06-02,162.60000610351562,282.47216796875,133.63697814941406,26.84000015258789,162.60000610351562,308.0799865722656,161.69000244140625,26.84000015258789,164.0800018310547,308.1300048828125,162.08999633789062,28.520000457763672,161.86000061035156,305.1000061035156,161.25,26.65999984741211,163.88999938964844,306.54998779296875,161.6699981689453,28.399999618530273,10388900,74267200,11517100,0
2020-06-03,159.60000610351562,286.2314758300781,131.8599395751953,25.65999984741211,159.60000610351562,312.17999267578125,159.5399932861328,25.65999984741211,160.89999389648438,313.2200012207031,160.3300018310547,26.979999542236328,158.82000732421875,309.94000244140625,158.94000244140625,25.040000915527344,160.33999633789062,310.239990234375,160.17999267578125,26.75,17000500,92567600,12255700,0
2020-06-04,161.27999877929688,285.4794921875,129.95079040527344,25.809999465942383,161.27999877929688,311.3599853515625,157.22999572753906,25.809999465942383,161.8699951171875,313.0,159.00999450683594,26.43000030517578,159.83999633789062,309.0799865722656,157.19000244140625,24.3799991607666,161.13999938964844,311.1099853515625,158.9199981689453,26.229999542236328,10094000,75794400,14038600,0
2020-06-05,158.00999450683594,292.7962951660156,129.02511596679688,24.520000457763672,158.00999450683594,319.3399963378906,156.11000061035156,24.520000457763672,158.72000122070312,321.2699890136719,156.16000366210938,25.09000015258789,157.0399932861328,317.1600036621094,153.16000366210938,23.540000915527344,158.72000122070312,317.2300109863281,154.61000061035156,24.790000915527344,16021200,150524700,17778500,0
2020-06-08,159.72000122070312,296.3354187011719,129.52098083496094,25.809999465942383,159.72000122070312,323.20001220703125,156.7100067138672,25.809999465942383,159.86000061035156,323.4100036621094,156.85000610351562,25.979999542236328,158.47000122070312,319.6300048828125,155.0500030517578,24.649999618530273,158.89999389648438,320.2200012207031,155.07000732421875,25.559999465942383,9244400,73641200,10346700,0
2020-06-09,161.25999450683594,294.125732421875,130.9921417236328,27.56999969482422,161.25999450683594,320.7900085449219,158.49000549316406,27.56999969482422,161.77999877929688,323.2799987792969,159.63999938964844,27.700000762939453,160.8699951171875,319.3599853515625,158.3000030517578,25.709999084472656,161.10000610351562,320.29998779296875,159.0500030517578,25.93000030517578,9045600,77479200,9095300,0
2020-06-10,163.57000732421875,292.4845275878906,132.93438720703125,27.56999969482422,163.57000732421875,319.0,160.83999633789062,27.56999969482422,163.6300048828125,322.3900146484375,160.89999389648438,29.010000228881836,160.52000427246094,318.2200012207031,159.0500030517578,26.059999465942383,162.10000610351562,321.4200134277344,159.24000549316406,26.729999542236328,13009300,95000800,13135500,0
2020-06-11,162.38999938964844,275.6231384277344,135.447021484375,40.790000915527344,162.38999938964844,300.6099853515625,163.8800048828125,40.790000915527344,164.05999755859375,312.1499938964844,164.22999572753906,42.58000183105469,161.97000122070312,300.010009765625,162.6300048828125,29.489999771118164,163.35000610351562,311.4599914550781,163.25,30.450000762939453,11673900,209243600,17086400,0
2020-06-12,162.6199951171875,278.9239196777344,134.1411590576172,36.09000015258789,162.6199951171875,304.2099914550781,162.3000030517578,36.09000015258789,163.8800048828125,309.0799865722656,163.66000366210938,44.15999984741211,162.55999755859375,298.6000061035156,162.0500030517578,34.970001220703125,163.41000366210938,308.239990234375,162.41000366210938,37.68000030517578,6895400,194678900,9716100,0
2020-06-15,162.3300018310547,281.52783203125,134.21559143066406,34.400001525878906,162.3300018310547,307.04998779296875,162.38999938964844,34.400001525878906,162.55999755859375,308.2799987792969,164.22000122070312,44.439998626708984,160.16000366210938,296.739990234375,162.13999938964844,34.279998779296875,160.52000427246094,298.0199890136719,163.88999938964844,44.09000015258789,8532500,135782700,7759800,0
2020-06-16,162.25,286.9465026855469,132.1575469970703,33.66999816894531,162.25,312.9599914550781,159.89999389648438,33.66999816894531,162.69000244140625,315.6400146484375,161.22999572753906,37.45000076293945,161.36000061035156,307.6700134277344,158.6999969482422,31.729999542236328,161.85000610351562,315.4800109863281,159.41000366210938,34.279998779296875,7964000,137627500,13698900,0
2020-06-17,162.55999755859375,285.75457763671875,132.7030487060547,33.470001220703125,162.55999755859375,311.6600036621094,160.55999755859375,33.470001220703125,162.6199951171875,314.3900146484375,160.77000427246094,35.16999816894531,161.77000427246094,310.8599853515625,159.33999633789062,32.25,162.0,314.07000732421875,160.27000427246094,33.279998779296875,4758200,83398900,7113900,0
2020-06-18,162.24000549316406,285.8646545410156,134.1081085205078,32.939998626708984,162.24000549316406,311.7799987792969,162.25999450683594,32.939998626708984,162.32000732421875,312.29998779296875,162.47999572753906,36.25,161.44000244140625,309.510009765625,161.61000061035156,32.2400016784668,162.1999969482422,310.010009765625,162.0399932861328,33.83000183105469,5397600,80828700,7691400,0
2020-06-19,164.02999877929688,284.2310791015625,134.21559143066406,35.119998931884766,164.02999877929688,308.6400146484375,162.38999938964844,35.119998931884766,164.08999633789062,314.3800048828125,162.5,35.119998931884766,162.77999877929688,306.5299987792969,160.91000366210938,30.399999618530273,162.8699951171875,314.1700134277344,161.0,32.06999969482422,12187400,135549600,8565500,0
2020-06-22,165.08999633789062,286.054443359375,134.23204040527344,31.770000457763672,165.08999633789062,310.6199951171875,162.41000366210938,31.770000457763672,165.72999572753906,311.04998779296875,163.4199981689453,35.38999938964844,164.41000366210938,306.75,162.07000732421875,31.639999389648438,165.05999755859375,307.989990234375,163.19000244140625,35.220001220703125,12385600,74649400,9319700,0
2020-06-23,166.47999572753906,287.3712463378906,133.3146514892578,31.3700008392334,166.47999572753906,312.04998779296875,161.3000030517578,31.3700008392334,166.52000427246094,314.5,162.05999755859375,31.709999084472656,165.52000427246094,311.6099853515625,161.1199951171875,29.260000228881836,165.6300048828125,313.489990234375,161.47999572753906,31.709999084472656,12137300,68471200,9088600,0
2020-06-24,165.89999389648438,280.0408020019531,134.7445068359375,33.84000015258789,165.89999389648438,304.0899963378906,163.02999877929688,33.84000015258789,166.99000549316406,310.510009765625,163.08999633789062,37.119998931884766,165.4499969482422,302.1000061035156,161.52000427246094,30.950000762939453,166.00999450683594,309.8399963378906,161.52999877929688,31.049999237060547,10901400,132813500,11436500,0
2020-06-25,165.8000030517578,283.04296875,135.1329345703125,32.220001220703125,165.8000030517578,307.3500061035156,163.5,32.220001220703125,165.91000366210938,307.6400146484375,164.35000610351562,36.93000030517578,165.16000366210938,301.2799987792969,163.39999389648438,31.59000015258789,165.88999938964844,303.4700012207031,164.2100067138672,36.59000015258789,7093800,89468000,10968000,0
2020-06-26,166.5399932861328,276.3203125,136.57937622070312,34.72999954223633,166.5399932861328,300.04998779296875,165.25,34.72999954223633,166.55999755859375,306.3900146484375,165.32000732421875,36.25,164.22000122070312,299.4200134277344,164.17999267578125,31.040000915527344,164.8699951171875,306.1600036621094,164.25,33.0099983215332,9753500,127961000,12119300,0
2020-06-29,166.6300048828125,280.38153076171875,136.1494903564453,31.780000686645508,166.6300048828125,304.4599914550781,164.72999572753906,31.780000686645508,166.8000030517578,304.6099853515625,165.27000427246094,36.310001373291016,166.17999267578125,298.92999267578125,164.3800048828125,31.780000686645508,166.55999755859375,301.4100036621094,164.85000610351562,35.04999923706055,6735700,79773300,7274400,0
2020-06-30,167.3699951171875,283.9731140136719,135.4883270263672,30.43000030517578,167.3699951171875,308.3599853515625,163.92999267578125,30.43000030517578,167.99000549316406,310.20001220703125,165.2899932861328,32.939998626708984,166.19000244140625,303.82000732421875,163.47999572753906,29.559999465942383,166.30999755859375,303.989990234375,165.22999572753906,32.540000915527344,12762300,113394800,14841700,0
2020-07-01,166.6199951171875,285.9622497558594,135.22518920898438,28.6200008392334,166.6199951171875,310.5199890136719,163.4199981689453,28.6200008392334,167.05999755859375,311.8900146484375,163.55999755859375,31.760000228881836,165.33999633789062,309.07000732421875,162.14999389648438,28.200000762939453,167.0500030517578,309.57000732421875,162.80999755859375,30.959999084472656,13214800,72396500,13181000,0
2020-07-02,166.97999572753906,287.5370178222656,135.36593627929688,27.68000030517578,166.97999572753906,312.2300109863281,163.58999633789062,27.68000030517578,167.24000549316406,315.70001220703125,163.74000549316406,28.440000534057617,166.02000427246094,311.510009765625,162.24000549316406,25.899999618530273,166.1999969482422,314.239990234375,162.6999969482422,28.329999923706055,8753500,69344200,7599800,0
2020-07-06,167.97999572753906,291.9757995605469,134.8114471435547,27.940000534057617,167.97999572753906,317.04998779296875,162.9199981689453,27.940000534057617,168.0,317.67999267578125,163.02000427246094,28.329999923706055,167.19000244140625,315.55999755859375,161.75,24.920000076293945,167.75,316.3699951171875,162.3300018310547,27.760000228881836,7265700,61713800,7972700,0
2020-07-07,169.0399932861328,288.9644470214844,136.7064208984375,29.43000030517578,169.0399932861328,313.7799987792969,165.2100067138672,29.43000030517578,169.0399932861328,317.5199890136719,165.33999633789062,29.6299991607666,167.3800048828125,313.3699951171875,163.1999969482422,27.25,167.41000366210938,315.3800048828125,163.4199981689453,28.770000457763672,11633100,82910000,12791900,0
2020-07-08,170.08999633789062,291.17462158203125,136.16029357910156,28.079999923706055,170.08999633789062,316.17999267578125,164.5500030517578,28.079999923706055,170.86000061035156,316.29998779296875,164.9199981689453,30.200000762939453,169.77999877929688,312.70001220703125,163.8300018310547,27.239999771118164,170.32000732421875,314.6099853515625,164.32000732421875,28.950000762939453,11662700,54638600,7253900,0
2020-07-09,169.6300048828125,289.5169677734375,138.3282012939453,29.260000228881836,169.6300048828125,314.3800048828125,167.1699981689453,29.260000228881836,170.63999938964844,317.1000061035156,167.4499969482422,31.479999542236328,168.77999877929688,310.67999267578125,164.60000610351562,26.110000610351562,170.47999572753906,316.8399963378906,164.66000366210938,28.18000030517578,13327400,83354200,13373100,0
2020-07-10,169.19000244140625,292.47314453125,137.63308715820312,27.290000915527344,169.19000244140625,317.5899963378906,166.3300018310547,27.290000915527344,170.14999389648438,317.8800048828125,168.2100067138672,30.90999984741211,168.57000732421875,312.760009765625,166.16000366210938,27.1299991607666,169.9499969482422,314.30999755859375,167.9499969482422,30.860000610351562,8218000,57550400,8478000,0
2020-07-13,169.39999389648438,289.9405517578125,138.08827209472656,32.189998626708984,169.39999389648438,314.8399963378906,166.8800048828125,32.189998626708984,170.4199981689453,322.7099914550781,166.9600067138672,32.45000076293945,169.16000366210938,314.1300048828125,165.22999572753906,26.8700008392334,170.2899932861328,320.1300048828125,165.5,27.850000381469727,11095900,102997500,8054000,0
2020-07-14,170.19000244140625,293.697998046875,138.28683471679688,29.520000457763672,170.19000244140625,318.9200134277344,167.1199951171875,29.520000457763672,170.1999969482422,319.760009765625,168.13999938964844,33.66999816894531,168.80999755859375,312.0,166.97999572753906,29.209999084472656,168.97000122070312,313.29998779296875,167.92999267578125,31.139999389648438,9812700,93657000,11344600,0
2020-07-15,170.33999633789062,296.39617919921875,137.64144897460938,27.760000228881836,170.33999633789062,321.8500061035156,166.33999633789062,27.760000228881836,170.42999267578125,323.0400085449219,166.9499969482422,30.09000015258789,169.38999938964844,319.2699890136719,165.8300018310547,27.170000076293945,169.6199951171875,322.4100036621094,165.9199981689453,29.149999618530273,7533800,87196500,7840300,0
2020-07-16,168.72999572753906,295.4200439453125,138.2951202392578,28.0,168.72999572753906,320.7900085449219,167.1300048828125,28.0,170.0,321.2799987792969,167.77000427246094,29.290000915527344,168.64999389648438,319.0899963378906,167.0399932861328,26.979999542236328,169.8000030517578,319.7900085449219,167.39999389648438,28.40999984741211,10242400,54622500,9107400,0
2020-07-17,170.1199951171875,296.2764587402344,138.0055389404297,25.68000030517578,170.1199951171875,321.7200012207031,166.77999877929688,25.68000030517578,170.27000427246094,322.57000732421875,167.39999389648438,27.540000915527344,169.61000061035156,319.739990234375,166.47000122070312,25.40999984741211,169.94000244140625,321.8800048828125,167.27000427246094,27.149999618530273,10296000,62774900,8549900,0
2020-07-20,170.94000244140625,298.6709289550781,138.34475708007812,24.459999084472656,170.94000244140625,324.32000732421875,167.19000244140625,24.459999084472656,171.07000732421875,325.1300048828125,167.6199951171875,27.079999923706055,170.27000427246094,320.6199951171875,166.8000030517578,24.350000381469727,170.75999450683594,321.42999267578125,167.50999450683594,26.940000534057617,10095500,56308800,6907200,0
2020-07-21,173.0,299.3063049316406,138.42742919921875,24.84000015258789,173.0,325.010009765625,167.2899932861328,24.84000015258789,173.25,326.92999267578125,167.72000122070312,25.649999618530273,172.30999755859375,323.94000244140625,167.0800018310547,23.610000610351562,172.52999877929688,326.45001220703125,167.3000030517578,24.079999923706055,12826100,57292200,8454400,0
2020-07-22,175.6300048828125,301.00994873046875,138.84124755859375,24.31999969482422,175.6300048828125,326.8599853515625,167.7899932861328,24.31999969482422,175.77000427246094,327.20001220703125,168.4600067138672,26.260000228881836,173.75999450683594,324.5,167.69000244140625,24.1299991607666,174.0500030517578,324.6199951171875,168.25999450683594,24.559999465942383,18712500,57792900,6592100,0
2020-07-23,177.17999267578125,297.41845703125,140.46311950683594,26.079999923706055,177.17999267578125,322.9599914550781,169.75,26.079999923706055,178.41000366210938,327.2300109863281,169.8800048828125,26.950000762939453,175.64999389648438,321.4800109863281,168.47999572753906,23.600000381469727,176.1699981689453,326.4700012207031,168.9199981689453,23.969999313354492,23006800,75738000,10471800,0
2020-07-24,178.6999969482422,295.5028991699219,140.45480346679688,25.84000015258789,178.6999969482422,320.8800048828125,169.74000549316406,25.84000015258789,179.16000366210938,321.989990234375,169.9199981689453,28.579999923706055,178.1999969482422,319.25,168.8699951171875,25.530000686645508,179.13999938964844,320.95001220703125,169.00999450683594,27.959999084472656,15601300,73766600,7520700,0
2020-07-27,182.22999572753906,297.6578674316406,139.9335174560547,24.739999771118164,182.22999572753906,323.2200012207031,169.11000061035156,24.739999771118164,182.8300018310547,323.4100036621094,170.3000030517578,26.940000534057617,181.52999877929688,320.7699890136719,168.99000549316406,24.549999237060547,181.85000610351562,321.6300048828125,170.25,26.600000381469727,21115600,48293000,6146400,0
2020-07-28,183.75,295.7700500488281,140.90162658691406,25.440000534057617,183.75,321.1700134277344,170.27999877929688,25.440000534057617,184.25999450683594,323.6400146484375,170.33999633789062,25.850000381469727,181.4199981689453,320.8500061035156,169.42999267578125,24.049999237060547,182.02000427246094,322.42999267578125,169.5399932861328,24.860000610351562,21164600,57495000,8520700,0
2020-07-29,185.1300048828125,299.40753173828125,140.6616973876953,24.100000381469727,185.1300048828125,325.1199951171875,169.99000549316406,24.100000381469727,186.13999938964844,325.7300109863281,170.38999938964844,25.420000076293945,182.38999938964844,322.0799865722656,168.97999572753906,23.729999542236328,184.00999450683594,322.1199951171875,170.0500030517578,25.15999984741211,25640100,48454200,6733700,0
2020-07-30,183.75999450683594,298.3393859863281,141.58847045898438,24.760000228881836,183.75999450683594,323.9599914550781,171.11000061035156,24.760000228881836,184.3300018310547,324.4100036621094,171.25999450683594,28.290000915527344,182.1300048828125,319.6400146484375,170.75,24.639999389648438,183.44000244140625,321.8999938964844,171.0500030517578,25.040000915527344,18061200,61861700,9376100,0
2020-07-31,185.42999267578125,300.6969299316406,141.49745178222656,24.459999084472656,185.42999267578125,326.5199890136719,171.0,24.459999084472656,185.75,326.6300048828125,171.4600067138672,26.40999984741211,184.1699981689453,321.3299865722656,169.94000244140625,23.549999237060547,184.50999450683594,325.8999938964844,170.14999389648438,24.790000915527344,15876700,84986800,8886000,0
2020-08-03,185.63999938964844,302.7873840332031,140.7849884033203,24.280000686645508,185.63999938964844,328.7900085449219,169.9499969482422,24.280000686645508,185.82000732421875,329.6199951171875,169.99000549316406,26.010000228881836,184.1999969482422,327.7300109863281,168.97000122070312,22.170000076293945,185.0500030517578,328.32000732421875,169.24000549316406,25.75,12897000,53077900,9066200,0
2020-08-04,189.58999633789062,303.9569091796875,142.12704467773438,23.760000228881836,189.58999633789062,330.05999755859375,171.57000732421875,23.760000228881836,189.60000610351562,330.05999755859375,171.5800018310547,24.760000228881836,185.2100067138672,327.8599853515625,170.72000122070312,22.920000076293945,185.61000061035156,327.8599853515625,170.8300018310547,24.010000228881836,20773200,41917900,9878900,0
2020-08-05,191.35000610351562,305.8447570800781,140.88446044921875,22.989999771118164,191.35000610351562,332.1099853515625,170.07000732421875,22.989999771118164,193.1300048828125,332.3900146484375,170.55999755859375,23.610000610351562,190.6199951171875,331.17999267578125,169.69000244140625,22.860000610351562,191.64999389648438,331.4700012207031,170.05999755859375,23.440000534057617,27078100,42697700,6954100,0
2020-08-06,193.88999938964844,307.8891906738281,141.6714324951172,22.649999618530273,193.88999938964844,334.3299865722656,171.02000427246094,22.649999618530273,194.4499969482422,334.4599914550781,172.25,24.110000610351562,192.52000427246094,331.1300048828125,170.6199951171875,20.969999313354492,193.74000549316406,331.4800109863281,171.3800048828125,23.030000686645508,20640100,43679400,9481800,0
2020-08-07,190.80999755859375,308.1101989746094,140.72703552246094,22.209999084472656,190.80999755859375,334.57000732421875,169.8800048828125,22.209999084472656,192.9600067138672,334.8800048828125,171.5,24.020000457763672,189.3300018310547,332.29998779296875,169.5800018310547,22.020000457763672,192.7100067138672,333.2799987792969,171.27999877929688,23.450000762939453,24570200,57308300,8176900,0
2020-08-10,190.14999389648438,309.0311584472656,140.09738159179688,22.1299991607666,190.14999389648438,335.57000732421875,169.1199951171875,22.1299991607666,192.61000061035156,335.7699890136719,170.25,23.520000457763672,189.66000366210938,332.9599914550781,169.07000732421875,21.459999084472656,191.1999969482422,335.05999755859375,170.22000122070312,22.8799991607666,19047200,44282100,6408500,0
2020-08-11,179.94000244140625,306.4802551269531,138.43238830566406,24.030000686645508,179.94000244140625,332.79998779296875,167.11000061035156,24.030000686645508,183.97999572753906,337.5400085449219,167.49000549316406,24.93000030517578,179.42999267578125,332.010009765625,165.8800048828125,20.280000686645508,183.57000732421875,336.8500061035156,167.1699981689453,21.850000381469727,45355000,69601100,19234200,0
2020-08-12,179.10000610351562,310.7533264160156,137.17323303222656,22.280000686645508,179.10000610351562,337.44000244140625,165.58999633789062,22.280000686645508,183.10000610351562,338.2799987792969,166.07000732421875,22.8799991607666,179.0399932861328,335.4100036621094,164.99000549316406,21.540000915527344,182.61000061035156,335.44000244140625,165.6999969482422,22.81999969482422,28660500,53774400,11744800,0
2020-08-13,183.3300018310547,310.1915283203125,135.70692443847656,22.1299991607666,183.3300018310547,336.8299865722656,163.82000732421875,22.1299991607666,184.6999969482422,338.25,165.5800018310547,22.920000076293945,181.36000061035156,335.8299865722656,163.1699981689453,21.450000762939453,181.55999755859375,336.6099853515625,165.30999755859375,22.200000762939453,18596800,41816100,12744700,0
2020-08-14,182.5399932861328,310.2007141113281,135.1768035888672,22.049999237060547,182.5399932861328,336.8399963378906,163.17999267578125,22.049999237060547,183.72000122070312,337.4200134277344,164.14999389648438,23.549999237060547,181.49000549316406,335.6199951171875,163.16000366210938,21.790000915527344,183.44000244140625,336.4100036621094,163.80999755859375,22.270000457763672,11792000,47260400,6398100,0
2020-08-17,186.5,311.1860656738281,135.51649475097656,21.350000381469727,186.5,337.9100036621094,163.58999633789062,21.350000381469727,187.00999450683594,338.3399963378906,164.4600067138672,22.81999969482422,184.66000366210938,336.8500061035156,163.42999267578125,21.34000015258789,184.69000244140625,337.94000244140625,163.97000122070312,22.520000457763672,15709800,35481000,6901500,0
2020-08-18,188.17999267578125,311.8583984375,136.4856414794922,21.510000228881836,188.17999267578125,338.6400146484375,164.75999450683594,21.510000228881836,189.39999389648438,339.1000061035156,164.8699951171875,22.549999237060547,185.6300048828125,336.6099853515625,164.08999633789062,21.18000030517578,189.17999267578125,338.3399963378906,164.36000061035156,21.690000534057617,16291600,38733900,8140600,0
2020-08-19,182.24000549316406,310.55987548828125,135.63241577148438,22.540000915527344,182.24000549316406,337.2300109863281,163.72999572753906,22.540000915527344,187.4600067138672,339.6099853515625,165.61000061035156,22.979999542236328,181.7100067138672,336.6199951171875,163.3000030517578,20.989999771118164,187.2100067138672,339.04998779296875,165.3699951171875,21.600000381469727,24646900,68054200,12497700,0
2020-08-20,183.5,311.5268859863281,136.85850524902344,22.719999313354492,183.5,338.2799987792969,165.2100067138672,22.719999313354492,183.7100067138672,338.79998779296875,165.64999389648438,24.600000381469727,180.92999267578125,335.2200012207031,164.92999267578125,22.3700008392334,181.19000244140625,335.3599853515625,165.38999938964844,24.100000381469727,16692200,42207800,10319900,0
2020-08-21,182.02999877929688,312.63189697265625,137.67855834960938,22.540000915527344,182.02999877929688,339.4800109863281,166.1999969482422,22.540000915527344,182.80999755859375,339.7200012207031,166.3300018310547,24.469999313354492,180.47000122070312,337.54998779296875,165.00999450683594,22.059999465942383,182.13999938964844,337.9200134277344,165.77000427246094,22.579999923706055,12713700,55106600,6836000,0
2020-08-24,181.0,315.7999267578125,137.45486450195312,22.3700008392334,181.0,342.9200134277344,165.92999267578125,22.3700008392334,182.92999267578125,343.0,166.97000122070312,23.18000030517578,180.69000244140625,339.45001220703125,165.86000061035156,21.25,182.91000366210938,342.1199951171875,166.32000732421875,22.8700008392334,11605800,48588700,6490600,0
2020-08-25,181.22000122070312,316.9050598144531,136.4027862548828,22.030000686645508,181.22000122070312,344.1199951171875,164.66000366210938,22.030000686645508,181.25,344.2099914550781,165.08999633789062,23.43000030517578,179.72999572753906,342.2699890136719,163.8300018310547,21.530000686645508,181.05999755859375,343.5299987792969,164.35000610351562,22.15999984741211,10056100,38463400,10518300,0
2020-08-26,183.36000061035156,320.0821838378906,135.88092041015625,23.270000457763672,183.36000061035156,347.57000732421875,164.02999877929688,23.270000457763672,183.5800018310547,347.8599853515625,164.3300018310547,23.270000457763672,180.1999969482422,344.1700134277344,163.27999877929688,20.920000076293945,180.25999450683594,344.760009765625,164.0500030517578,22.139999389648438,12715800,50790200,8276600,0
2020-08-27,181.24000549316406,320.7820739746094,133.56973266601562,24.469999313354492,181.24000549316406,348.3299865722656,161.24000549316406,24.469999313354492,185.1699981689453,349.8999938964844,164.82000732421875,27.09000015258789,179.3699951171875,346.5299987792969,161.16000366210938,21.440000534057617,185.0,348.510009765625,164.75999450683594,23.420000076293945,16299200,58034100,19860100,0
2020-08-28,184.38999938964844,322.85406494140625,133.47030639648438,22.959999084472656,184.38999938964844,350.5799865722656,161.1199951171875,22.959999084472656,185.39999389648438,350.7200012207031,162.0500030517578,26.299999237060547,183.39999389648438,348.1499938964844,160.63999938964844,22.639999389648438,183.97999572753906,349.44000244140625,161.77000427246094,24.59000015258789,13200800,48588900,8415400,0
2020-08-31,184.8300018310547,321.6844787597656,134.35670471191406,26.40999984741211,184.8300018310547,349.30999755859375,162.19000244140625,26.40999984741211,185.52999877929688,351.29998779296875,163.25,26.5,184.27999877929688,349.05999755859375,161.55999755859375,21.770000457763672,184.7899932861328,350.3500061035156,161.60000610351562,23.90999984741211,10251200,66099200,11388100,0
2020-09-01,185.0500030517578,324.7143859863281,135.8934326171875,26.1200008392334,185.0500030517578,352.6000061035156,163.86000061035156,26.1200008392334,186.99000549316406,352.7099914550781,164.07000732421875,26.59000015258789,184.3300018310547,349.239990234375,161.17999267578125,25.020000457763672,186.99000549316406,350.2099914550781,161.75999450683594,25.860000610351562,10662100,54908700,10587000,0
2020-09-02,182.6199951171875,329.4110412597656,137.1872100830078,26.56999969482422,182.6199951171875,357.70001220703125,165.4199981689453,26.56999969482422,183.86000061035156,358.75,165.55999755859375,27.06999969482422,181.5,353.42999267578125,163.49000549316406,25.530000686645508,183.75,354.6700134277344,163.50999450683594,26.010000228881836,11536900,69540000,15167700,0
2020-09-03,181.13999938964844,318.0745544433594,137.57699584960938,33.599998474121094,181.13999938964844,345.3900146484375,165.88999938964844,33.599998474121094,182.82000732421875,356.3800048828125,167.24000549316406,35.939998626708984,180.49000549316406,342.5899963378906,165.44000244140625,25.65999984741211,182.3000030517578,355.8699951171875,165.75,26.280000686645508,12148100,148011100,16416600,0
2020-09-04,181.63999938964844,315.4775390625,134.96461486816406,30.75,181.63999938964844,342.57000732421875,162.74000549316406,30.75,182.10000610351562,347.8299865722656,164.6999969482422,38.279998779296875,180.0500030517578,334.8699951171875,162.4499969482422,29.5,180.9499969482422,346.1300048828125,164.41000366210938,34.619998931884766,11567900,139156300,13780300,0
2020-09-08,181.2899932861328,306.8577575683594,135.79396057128906,31.459999084472656,181.2899932861328,333.2099914550781,163.74000549316406,31.459999084472656,182.27000427246094,342.6400146484375,165.25999450683594,35.93000030517578,179.02000427246094,332.8800048828125,163.74000549316406,30.520000457763672,179.5,336.7099914550781,164.3699951171875,30.610000610351562,13229200,114465300,13790400,0
2020-09-09,183.0500030517578,312.9174499511719,135.42904663085938,28.809999465942383,183.0500030517578,339.7900085449219,163.3000030517578,28.809999465942383,183.22000122070312,342.4599914550781,164.25,31.780000686645508,182.19000244140625,336.6099853515625,162.75999450683594,28.1200008392334,182.5,337.54998779296875,163.94000244140625,31.68000030517578,8424100,91462300,9558900,0
2020-09-10,182.4600067138672,307.4840087890625,136.11737060546875,29.709999084472656,182.4600067138672,333.8900146484375,164.1300048828125,29.709999084472656,184.67999267578125,342.5299987792969,164.35000610351562,30.559999465942383,182.27999877929688,332.8500061035156,161.9499969482422,27.59000015258789,184.22999572753906,341.82000732421875,162.4600067138672,28.670000076293945,9143600,90569500,8847700,0
2020-09-11,182.4499969482422,307.6405944824219,136.40765380859375,26.8700008392334,182.4499969482422,334.05999755859375,164.47999572753906,26.8700008392334,183.5500030517578,336.9700012207031,164.57000732421875,29.729999542236328,182.00999450683594,331.0,164.0800018310547,26.510000228881836,183.13999938964844,335.82000732421875,164.30999755859375,28.6299991607666,7662300,84680200,5458200,0
2020-09-14,183.88999938964844,311.6925354003906,136.3993377685547,25.850000381469727,183.88999938964844,338.4599914550781,164.47000122070312,25.850000381469727,184.3000030517578,340.3800048828125,165.0800018310547,26.790000915527344,183.38999938964844,334.2200012207031,164.22999572753906,25.3799991607666,183.57000732421875,337.489990234375,164.7899932861328,25.860000610351562,9709500,65605700,4274900,0
2020-09-15,183.4499969482422,313.2673645019531,136.06761169433594,25.59000015258789,183.4499969482422,340.1700134277344,164.07000732421875,25.59000015258789,184.6699981689453,342.0199890136719,164.47000122070312,26.0,182.9199981689453,338.4700012207031,163.7899932861328,24.920000076293945,184.4600067138672,341.1199951171875,164.1699981689453,25.920000076293945,7993700,52920900,6928500,0
2020-09-16,183.97000122070312,312.0241394042969,135.66122436523438,26.040000915527344,183.97000122070312,338.82000732421875,163.5800018310547,26.040000915527344,185.00999450683594,343.05999755859375,164.88999938964844,26.59000015258789,183.3300018310547,338.5199890136719,162.97999572753906,24.84000015258789,184.97999572753906,341.510009765625,164.77999877929688,25.309999465942383,12702400,82096000,8815200,0
2020-09-17,182.9600067138672,309.27978515625,136.075927734375,26.459999084472656,182.9600067138672,335.8399963378906,164.0800018310547,26.459999084472656,183.08999633789062,337.70001220703125,164.9600067138672,28.920000076293945,181.47999572753906,332.989990234375,163.8000030517578,26.260000228881836,181.9199981689453,333.55999755859375,164.89999389648438,28.219999313354492,8836200,91523300,7813900,0
2020-09-18,183.1999969482422,305.7192077636719,135.65292358398438,25.829999923706055,183.1999969482422,330.6499938964844,163.57000732421875,25.829999923706055,184.08999633789062,335.489990234375,164.24000549316406,28.100000381469727,182.63999938964844,327.9700012207031,163.33999633789062,25.280000686645508,183.07000732421875,335.3699951171875,164.1699981689453,26.649999618530273,9959700,105877900,7246300,0
2020-09-21,179.52000427246094,302.316650390625,136.34129333496094,27.780000686645508,179.52000427246094,326.9700012207031,164.39999389648438,27.780000686645508,180.2899932861328,327.1300048828125,165.39999389648438,31.18000030517578,176.75,321.7300109863281,164.13999938964844,27.389999389648438,179.83999633789062,325.70001220703125,164.88999938964844,28.040000915527344,17436100,99450800,11086900,0
2020-09-22,178.64999389648438,305.3955993652344,136.23342895507812,26.860000610351562,178.64999389648438,330.29998779296875,164.27000427246094,26.860000610351562,180.02000427246094,330.8999938964844,164.8800048828125,28.780000686645508,178.11000061035156,325.8599853515625,163.8699951171875,26.479999542236328,179.6300048828125,328.57000732421875,164.44000244140625,28.610000610351562,7977900,63612100,10524100,0
2020-09-23,174.7899932861328,298.3131103515625,136.4159393310547,28.579999923706055,174.7899932861328,322.6400146484375,164.49000549316406,28.579999923706055,177.25999450683594,331.20001220703125,164.52999877929688,29.729999542236328,174.10000610351562,322.1000061035156,163.47999572753906,25.190000534057617,176.97999572753906,330.8999938964844,164.3000030517578,27.020000457763672,18134000,93112200,6224800,0
2020-09-24,175.44000244140625,299.1082458496094,136.93833923339844,28.510000228881836,175.44000244140625,323.5,165.1199951171875,28.510000228881836,176.24000549316406,326.79998779296875,165.1199951171875,30.489999771118164,173.77000427246094,319.79998779296875,164.6199951171875,27.940000534057617,174.36000061035156,321.2200012207031,164.9600067138672,29.540000915527344,11759200,76681300,8278100,0
2020-09-25,174.94000244140625,303.9439697265625,136.93833923339844,26.3799991607666,174.94000244140625,328.7300109863281,165.1199951171875,26.3799991607666,175.3000030517578,329.5799865722656,165.4199981689453,30.43000030517578,173.88999938964844,321.6400146484375,164.7100067138672,26.020000457763672,174.41000366210938,322.5799865722656,165.11000061035156,28.170000076293945,6779200,71069400,5140300,0
2020-09-28,176.6999969482422,308.9922180175781,136.54864501953125,26.190000534057617,176.6999969482422,334.19000244140625,164.64999389648438,26.190000534057617,176.80999755859375,334.9599914550781,164.89999389648438,27.190000534057617,175.08999633789062,332.1499938964844,164.3699951171875,24.899999618530273,175.8300018310547,333.2200012207031,164.8699951171875,27.149999618530273,7109700,64584600,4470100,0
2020-09-29,178.19000244140625,307.30950927734375,136.7061767578125,26.270000457763672,178.19000244140625,332.3699951171875,164.83999633789062,26.270000457763672,178.3300018310547,334.7699890136719,165.24000549316406,27.43000030517578,176.9499969482422,331.6199951171875,164.55999755859375,25.979999542236328,177.19000244140625,333.9700012207031,164.8000030517578,26.809999465942383,8718500,51304000,10297600,0
2020-09-30,177.1199951171875,309.6394958496094,135.3958282470703,26.3700008392334,177.1199951171875,334.8900146484375,163.25999450683594,26.3700008392334,178.61000061035156,338.2900085449219,164.0,27.1200008392334,176.66000366210938,332.8800048828125,162.5500030517578,25.059999465942383,177.7100067138672,333.0899963378906,164.0,26.690000534057617,8371800,104081100,12971000,0
2020-10-01,178.6999969482422,311.6273498535156,135.619140625,26.700000762939453,178.6999969482422,337.0400085449219,163.36000061035156,26.700000762939453,179.5,338.739990234375,163.74000549316406,27.110000610351562,178.0399932861328,335.010009765625,162.10000610351562,25.329999923706055,178.7100067138672,337.69000244140625,162.50999450683594,25.780000686645508,10402800,88698700,11523900,0
2020-10-02,178.5399932861328,308.6687316894531,135.11280822753906,27.6299991607666,178.5399932861328,333.8399963378906,162.75,27.6299991607666,179.2899932861328,337.010009765625,163.6699981689453,29.899999618530273,178.16000366210938,331.19000244140625,162.17999267578125,26.93000030517578,178.69000244140625,331.70001220703125,163.61000061035156,28.8700008392334,7488500,89431100,8828800,0
2020-10-05,179.41000366210938,314.1422424316406,132.47274780273438,27.959999084472656,179.41000366210938,339.760009765625,159.57000732421875,27.959999084472656,180.13999938964844,339.9599914550781,160.9499969482422,29.690000534057617,178.89999389648438,336.010009765625,159.52000427246094,27.270000457763672,179.02000427246094,336.05999755859375,160.9499969482422,29.520000457763672,6969600,45713100,14726000,0
2020-10-06,177.3000030517578,309.67645263671875,133.1867218017578,29.479999542236328,177.3000030517578,334.92999267578125,160.42999267578125,29.479999542236328,180.3699951171875,342.1700134277344,161.41000366210938,30.0,177.0500030517578,334.3800048828125,158.67999267578125,26.010000228881836,180.16000366210938,339.9100036621094,159.3300018310547,28.049999237060547,8632800,90128900,22419400,0
2020-10-07,177.22000122070312,315.0669250488281,132.2154083251953,28.059999465942383,177.22000122070312,340.760009765625,159.25999450683594,28.059999465942383,177.4199981689453,341.6300048828125,160.4199981689453,29.760000228881836,176.42999267578125,338.0899963378906,158.86000061035156,27.940000534057617,177.08999633789062,338.1199951171875,159.55999755859375,29.260000228881836,6410900,56999600,9429200,0
2020-10-08,177.85000610351562,317.859130859375,132.92935180664062,26.360000610351562,177.85000610351562,343.7799987792969,160.1199951171875,26.360000610351562,178.4499969482422,343.8500061035156,160.25,27.989999771118164,176.6699981689453,341.8599853515625,159.66000366210938,24.8799991607666,178.17999267578125,342.8500061035156,159.97000122070312,27.649999618530273,6530800,45242500,8431500,0
2020-10-09,181.0800018310547,320.6976623535156,132.90444946289062,25.0,181.0800018310547,346.8500061035156,160.08999633789062,25.0,181.1699981689453,347.3500061035156,160.27000427246094,26.219999313354492,179.92999267578125,344.8900146484375,158.80999755859375,24.030000686645508,180.1300048828125,345.55999755859375,159.52000427246094,26.200000762939453,15979800,59528600,8441500,0
2020-10-12,180.55999755859375,325.8569030761719,133.32786560058594,25.06999969482422,180.55999755859375,352.42999267578125,160.60000610351562,25.06999969482422,180.8300018310547,354.0199890136719,160.67999267578125,25.649999618530273,180.19000244140625,349.05999755859375,160.11000061035156,24.139999389648438,180.57000732421875,349.5899963378906,160.42999267578125,25.649999618530273,4843000,80388500,3962000,0
2020-10-13,177.72000122070312,323.7303466796875,134.28257751464844,26.06999969482422,177.72000122070312,350.1300048828125,161.75,26.06999969482422,178.60000610351562,352.4700012207031,161.8300018310547,26.93000030517578,177.10000610351562,349.0899963378906,161.17999267578125,25.15999984741211,178.55999755859375,352.2799987792969,161.2100067138672,25.670000076293945,8384300,73255500,7914300,0
2020-10-14,178.27000427246094,321.6961975097656,134.58975219726562,26.399999618530273,178.27000427246094,347.92999267578125,162.1199951171875,26.399999618530273,179.58999633789062,351.92999267578125,162.75,27.229999542236328,178.27000427246094,347.1400146484375,161.97000122070312,25.530000686645508,179.08999633789062,350.75,162.3300018310547,25.719999313354492,9076600,57727900,6954800,0
2020-10-15,178.9199981689453,321.2986755371094,134.35731506347656,26.969999313354492,178.9199981689453,347.5,161.83999633789062,26.969999313354492,179.14999389648438,348.0199890136719,163.19000244140625,29.059999465942383,177.58999633789062,343.1300048828125,161.63999938964844,26.81999969482422,177.7100067138672,343.7099914550781,163.0399932861328,27.100000381469727,6815400,60357700,9458800,0
2020-10-16,178.3000030517578,321.10455322265625,133.98370361328125,27.40999984741211,178.3000030517578,347.2900085449219,161.38999938964844,27.40999984741211,179.32000732421875,350.75,162.32000732421875,27.459999084472656,178.1300048828125,347.1000061035156,161.10000610351562,26.190000534057617,179.22000122070312,348.9599914550781,161.66000366210938,27.15999984741211,7260700,89501900,8416300,0
2020-10-19,178.38999938964844,316.22265625,133.47727966308594,29.18000030517578,178.38999938964844,342.010009765625,160.77999877929688,29.18000030517578,179.47999572753906,349.3299865722656,160.97999572753906,29.690000534057617,178.3699951171875,341.0400085449219,160.0500030517578,27.040000915527344,179.41000366210938,348.6499938964844,160.5,27.360000610351562,6084400,68425600,9286600,0
2020-10-20,179.25,317.48931884765625,132.2071075439453,29.350000381469727,179.25,343.3800048828125,159.25,29.350000381469727,179.6699981689453,346.8800048828125,160.00999450683594,29.600000381469727,178.0800018310547,342.6400146484375,158.9499969482422,28.290000915527344,178.5399932861328,343.4599914550781,159.86000061035156,28.809999465942383,7121400,60051900,11189000,0
2020-10-21,180.60000610351562,316.88836669921875,131.75045776367188,28.649999618530273,180.60000610351562,342.7300109863281,158.6999969482422,28.649999618530273,181.30999755859375,345.6700134277344,159.3699951171875,30.549999237060547,180.22999572753906,342.3999938964844,158.3699951171875,28.3700008392334,180.47000122070312,343.3299865722656,158.7899932861328,29.1200008392334,7548100,63575000,10453700,0
2020-10-22,178.8300018310547,318.62652587890625,130.38067626953125,28.110000610351562,178.8300018310547,344.6099853515625,157.0500030517578,28.110000610351562,179.02999877929688,345.239990234375,158.6300048828125,30.1200008392334,177.72000122070312,340.6499938964844,156.97000122070312,27.68000030517578,178.8800048828125,342.9599914550781,158.2899932861328,30.100000381469727,8377000,55399300,12664900,0
2020-10-23,178.63999938964844,319.7083740234375,131.17767333984375,27.549999237060547,178.63999938964844,345.7799987792969,158.00999450683594,27.549999237060547,179.1999969482422,345.989990234375,158.2100067138672,28.670000076293945,177.75999450683594,343.1300048828125,156.75,27.260000228881836,179.08999633789062,345.92999267578125,156.80999755859375,28.469999313354492,5919300,49143900,8783800,0
2020-10-26,178.5500030517578,313.8002624511719,132.3980712890625,32.459999084472656,178.5500030517578,339.3900146484375,159.47999572753906,32.459999084472656,179.13999938964844,342.9800109863281,160.02000427246094,33.68000030517578,178.22000122070312,335.6199951171875,159.00999450683594,29.219999313354492,178.75,342.1300048828125,159.2100067138672,29.3799991607666,5105100,91473000,7227300,0
2020-10-27,179.02000427246094,312.7184143066406,133.28636169433594,33.349998474121094,179.02000427246094,338.2200012207031,160.5500030517578,33.349998474121094,179.42999267578125,340.1199951171875,160.6999969482422,33.77000045776367,178.50999450683594,337.989990234375,159.89999389648438,31.850000381469727,178.7100067138672,339.760009765625,160.22999572753906,32.040000915527344,5826900,65994100,6062300,0
2020-10-28,176.1300048828125,302.0299987792969,133.4108428955078,40.279998779296875,176.1300048828125,326.6600036621094,160.6999969482422,40.279998779296875,176.85000610351562,338.25,161.4600067138672,40.77000045776367,175.44000244140625,326.1300048828125,160.1999969482422,34.68000030517578,176.4499969482422,332.1000061035156,161.3800048828125,34.689998626708984,11734100,127094300,11765800,0
2020-10-29,175.39999389648438,305.09967041015625,132.11581420898438,37.59000015258789,175.39999389648438,329.9800109863281,159.13999938964844,37.59000015258789,176.13999938964844,333.3999938964844,160.8300018310547,41.15999984741211,174.8300018310547,325.0899963378906,158.47000122070312,35.630001068115234,175.02000427246094,326.9100036621094,160.72999572753906,38.79999923706055,8474500,90597700,11932400,0
2020-10-30,176.1999969482422,301.91912841796875,130.8123779296875,38.02000045776367,176.1999969482422,326.5400085449219,157.57000732421875,38.02000045776367,177.36000061035156,329.69000244140625,159.35000610351562,41.09000015258789,175.9499969482422,322.6000061035156,157.57000732421875,36.5,177.17999267578125,328.2799987792969,159.02999877929688,40.810001373291016,7303000,120287300,13095400,0
2020-11-02,177.91000366210938,305.3031311035156,131.79220581054688,37.130001068115234,177.91000366210938,330.20001220703125,158.5800018310547,37.130001068115234,177.92999267578125,332.3599853515625,159.19000244140625,38.779998779296875,177.1300048828125,327.239990234375,158.3300018310547,36.130001068115234,177.4499969482422,330.20001220703125,158.6999969482422,38.56999969482422,6498400,86068300,10810500,0
2020-11-03,178.9199981689453,310.69354248046875,131.02760314941406,35.54999923706055,178.9199981689453,336.0299987792969,157.66000366210938,35.54999923706055,179.38999938964844,338.25,157.97999572753906,36.439998626708984,178.3000030517578,330.2900085449219,157.0399932861328,34.189998626708984,178.9499969482422,333.69000244140625,157.85000610351562,36.439998626708984,7577200,93294200,16228700,0
2020-11-04,178.82000732421875,317.6372375488281,133.86988830566406,29.56999969482422,178.82000732421875,343.5400085449219,161.0800018310547,29.56999969482422,179.19000244140625,347.94000244140625,162.1699981689453,36.849998474121094,177.66000366210938,339.5899963378906,160.5399932861328,28.030000686645508,178.92999267578125,340.8599853515625,161.63999938964844,36.790000915527344,11117300,126959700,21570800,0
2020-11-05,182.92999267578125,323.83209228515625,134.10263061523438,27.579999923706055,182.92999267578125,350.239990234375,161.36000061035156,27.579999923706055,183.2899932861328,352.19000244140625,161.74000549316406,28.139999389648438,180.97000122070312,348.8599853515625,160.5800018310547,26.040000915527344,181.0,349.239990234375,161.63999938964844,27.559999465942383,16102800,82039700,18537500,0
2020-11-06,183.19000244140625,323.7581787109375,132.48199462890625,24.860000610351562,183.19000244140625,350.1600036621094,159.41000366210938,24.860000610351562,183.52999877929688,351.510009765625,159.9199981689453,29.440000534057617,182.19000244140625,347.6499938964844,158.94000244140625,24.559999465942383,183.39999389648438,349.92999267578125,159.6199951171875,27.8700008392334,10378300,74973000,12408400,0
2020-11-09,175.0800018310547,327.8263854980469,129.6978759765625,25.75,175.0800018310547,354.55999755859375,156.05999755859375,25.75,176.4499969482422,364.3800048828125,156.14999389648438,25.81999969482422,173.63999938964844,354.05999755859375,154.6300048828125,22.40999984741211,176.4199981689453,363.9700012207031,155.97000122070312,24.799999237060547,29800700,172304200,23245000,0
2020-11-10,175.66000366210938,327.3456115722656,128.94998168945312,24.799999237060547,175.66000366210938,354.0400085449219,155.16000366210938,24.799999237060547,176.91000366210938,355.17999267578125,155.80999755859375,26.770000457763672,175.66000366210938,350.510009765625,154.77999877929688,24.350000381469727,176.75,353.489990234375,154.9600067138672,25.360000610351562,11728500,85552000,12561000,0
2020-11-11,174.89999389648438,329.7772521972656,129.41534423828125,23.450000762939453,174.89999389648438,356.6700134277344,155.72000122070312,23.450000762939453,175.27999877929688,357.55999755859375,155.94000244140625,25.1200008392334,174.44000244140625,355.05999755859375,154.97000122070312,22.56999969482422,174.6999969482422,356.3999938964844,155.02000427246094,25.010000228881836,9008500,58649000,5888200,0
2020-11-12,175.9600067138672,326.5781555175781,131.6177978515625,25.350000381469727,175.9600067138672,353.2099914550781,158.3699951171875,25.350000381469727,176.77000427246094,356.7200012207031,158.39999389648438,27.270000457763672,175.83999633789062,351.260009765625,156.7100067138672,23.530000686645508,176.0399932861328,355.5799865722656,156.94000244140625,24.389999389648438,7167900,67546200,15999700,0
2020-11-13,177.16000366210938,331.0995178222656,131.4431915283203,23.100000381469727,177.16000366210938,358.1000061035156,158.16000366210938,23.100000381469727,177.8000030517578,358.8999938964844,158.5,25.030000686645508,176.83999633789062,354.7099914550781,157.91000366210938,22.739999771118164,177.64999389648438,355.2699890136719,158.36000061035156,24.940000534057617,6469800,62892200,7344600,0
2020-11-16,177.14999389648438,335.232421875,131.1273956298828,22.450000762939453,177.14999389648438,362.57000732421875,157.77999877929688,22.450000762939453,177.91000366210938,362.7799987792969,158.27999877929688,24.079999923706055,176.8699951171875,359.5899963378906,157.61000061035156,22.43000030517578,177.22999572753906,360.9800109863281,157.72999572753906,23.65999984741211,8358500,74541100,6310400,0
2020-11-17,176.5,333.4294738769531,131.9833526611328,22.709999084472656,176.5,360.6199951171875,158.80999755859375,22.709999084472656,177.44000244140625,361.9200134277344,159.16000366210938,24.09000015258789,176.08999633789062,358.3399963378906,158.58999633789062,22.34000015258789,177.25,359.9700012207031,158.77000427246094,22.84000015258789,8229100,66111000,7444600,0
2020-11-18,175.49000549316406,329.4167175292969,132.36572265625,23.84000015258789,175.49000549316406,356.2799987792969,159.27000427246094,23.84000015258789,176.86000061035156,361.5,159.57000732421875,23.920000076293945,175.35000610351562,356.239990234375,158.35000610351562,21.65999984741211,176.25999450683594,360.9100036621094,159.44000244140625,22.860000610351562,7384700,70591300,10333300,0
2020-11-19,175.16000366210938,330.8035888671875,133.0471649169922,23.110000610351562,175.16000366210938,357.7799987792969,160.08999633789062,23.110000610351562,175.22000122070312,358.17999267578125,160.72000122070312,24.520000457763672,174.1699981689453,354.1499938964844,159.83999633789062,22.559999465942383,174.3000030517578,355.6000061035156,159.97000122070312,23.6200008392334,6965100,59940900,10637200,0
2020-11-20,175.69000244140625,328.5381774902344,134.227294921875,23.700000762939453,175.69000244140625,355.3299865722656,161.50999450683594,23.700000762939453,176.3800048828125,357.7200012207031,161.5399932861328,23.729999542236328,175.5800018310547,355.25,160.38999938964844,22.1299991607666,176.1199951171875,357.5,160.52999877929688,23.43000030517578,6379400,70417300,7246800,0
2020-11-23,172.22999572753906,330.5077209472656,133.6123046875,22.65999984741211,172.22999572753906,357.4599914550781,160.77000427246094,22.65999984741211,175.24000549316406,358.82000732421875,160.99000549316406,23.959999084472656,171.77999877929688,354.8699951171875,160.27999877929688,22.450000762939453,175.10000610351562,357.2799987792969,160.82000732421875,23.65999984741211,15510600,63230600,11300000,0
2020-11-24,169.58999633789062,335.8333740234375,132.28257751464844,21.639999389648438,169.58999633789062,363.2200012207031,159.1699981689453,21.639999389648438,169.69000244140625,363.80999755859375,160.02000427246094,22.479999542236328,168.86000061035156,359.2900085449219,159.00999450683594,20.799999237060547,169.3000030517578,360.2099914550781,159.99000549316406,22.040000915527344,19504000,62415900,10891700,0
2020-11-25,169.50999450683594,335.31561279296875,131.8753662109375,21.25,169.50999450683594,362.6600036621094,158.67999267578125,21.25,170.52000427246094,363.1600036621094,159.91000366210938,22.5,169.24000549316406,361.4800109863281,158.6199951171875,21.1299991607666,169.97999572753906,363.1300048828125,159.25,21.649999618530273,10286600,45330900,9145800,0
2020-11-27,167.7899932861328,336.2494812011719,133.15521240234375,20.84000015258789,167.7899932861328,363.6700134277344,160.22000122070312,20.84000015258789,167.8300018310547,364.17999267578125,160.27000427246094,21.600000381469727,166.77999877929688,362.5799865722656,159.5800018310547,19.510000228881836,166.89999389648438,363.8399963378906,159.61000061035156,21.520000457763672,10569100,28514100,4708200,0
2020-11-30,166.6699981689453,334.7608947753906,132.98904418945312,20.56999969482422,166.6699981689453,362.05999755859375,160.02000427246094,20.56999969482422,167.42999267578125,363.1199951171875,160.52999877929688,22.889999389648438,166.02999877929688,359.1700134277344,159.75999450683594,20.479999542236328,166.67999267578125,362.8299865722656,160.02999877929688,22.639999389648438,13210000,83872700,13071600,0
2020-12-01,170.17999267578125,338.4222412109375,131.02816772460938,20.770000457763672,170.17999267578125,366.0199890136719,157.5,20.770000457763672,170.47999572753906,367.67999267578125,158.74000549316406,20.920000076293945,169.3000030517578,364.92999267578125,156.67999267578125,20.0,169.75999450683594,365.57000732421875,158.5500030517578,20.209999084472656,13533300,74231400,13662800,0
2020-12-02,171.4600067138672,339.1341857910156,129.9882354736328,21.170000076293945,171.4600067138672,366.7900085449219,156.25,21.170000076293945,171.75999450683594,366.9599914550781,156.92999267578125,21.25,170.14999389648438,364.20001220703125,155.47999572753906,20.040000915527344,170.57000732421875,364.82000732421875,156.8800048828125,21.0,9199700,45927000,12114300,0
2020-12-03,172.80999755859375,339.041748046875,131.0364532470703,21.280000686645508,172.80999755859375,366.69000244140625,157.50999450683594,21.280000686645508,172.85000610351562,368.19000244140625,157.82000732421875,21.8799991607666,171.0800018310547,365.5,156.5800018310547,20.719999313354492,172.63999938964844,366.67999267578125,156.94000244140625,21.239999771118164,10457300,62882000,9626500,0
2020-12-04,172.32000732421875,341.9635009765625,129.11477661132812,20.790000915527344,172.32000732421875,369.8500061035156,155.1999969482422,20.790000915527344,173.32000732421875,369.8500061035156,155.7899932861328,21.149999618530273,171.58999633789062,367.2200012207031,154.77000427246094,19.969999313354492,172.77999877929688,367.32000732421875,155.69000244140625,21.049999237060547,10098600,50749900,12734500,0
2020-12-07,174.88999938964844,341.2608337402344,130.2794189453125,21.299999237060547,174.88999938964844,369.0899963378906,156.60000610351562,21.299999237060547,175.2899932861328,369.6199951171875,156.8800048828125,22.6200008392334,172.50999450683594,367.7200012207031,156.17999267578125,21.170000076293945,172.55999755859375,369.0199890136719,156.35000610351562,22.040000915527344,10555100,48944300,9316100,0
2020-12-08,175.5,342.2593994140625,130.89511108398438,20.68000030517578,175.5,370.1700134277344,157.33999633789062,20.68000030517578,175.92999267578125,370.7799987792969,158.07000732421875,22.25,174.72000122070312,367.6700134277344,157.1999969482422,20.520000457763672,175.50999450683594,367.7200012207031,157.57000732421875,21.649999618530273,6348400,42458900,7397200,0
2020-12-09,172.5,339.1897277832031,130.46238708496094,22.270000457763672,172.5,366.8500061035156,156.82000732421875,22.270000457763672,174.0399932861328,371.04998779296875,157.32000732421875,22.93000030517578,171.24000549316406,365.95001220703125,156.00999450683594,20.100000381469727,173.9199981689453,370.8800048828125,156.5500030517578,20.65999984741211,10743200,74098300,7750100,0
2020-12-10,172.1699981689453,339.07879638671875,131.61883544921875,22.520000457763672,172.1699981689453,366.7300109863281,158.2100067138672,22.520000457763672,173.5800018310547,367.8599853515625,158.2899932861328,23.459999084472656,171.6999969482422,364.42999267578125,156.8300018310547,21.530000686645508,172.89999389648438,365.3699951171875,157.24000549316406,22.1200008392334,6564000,57735400,10025100,0
2020-12-11,172.49000549316406,338.6811828613281,132.08474731445312,23.309999465942383,172.49000549316406,366.29998779296875,158.77000427246094,23.309999465942383,173.32000732421875,366.739990234375,159.38999938964844,25.139999389648438,172.11000061035156,363.260009765625,158.32000732421875,22.479999542236328,172.25,364.8999938964844,158.64999389648438,22.489999771118164,6084800,57698600,8135900,0
2020-12-14,171.5399932861328,337.16485595703125,131.7186737060547,24.719999313354492,171.5399932861328,364.6600036621094,158.3300018310547,24.719999313354492,172.52000427246094,369.79998779296875,158.69000244140625,24.81999969482422,170.91000366210938,364.4700012207031,157.11000061035156,21.950000762939453,171.91000366210938,368.6400146484375,157.49000549316406,22.670000076293945,7644400,69216200,7535900,0
2020-12-15,173.94000244140625,341.7231140136719,131.27772521972656,22.889999389648438,173.94000244140625,369.5899963378906,157.8000030517578,22.889999389648438,173.97999572753906,369.5899963378906,158.38999938964844,24.06999969482422,173.05999755859375,365.9200134277344,157.30999755859375,22.729999542236328,173.42999267578125,367.3999938964844,157.77999877929688,24.0,6840500,63865300,6847500,0
2020-12-16,174.89999389648438,342.2593994140625,130.9282989501953,22.5,174.89999389648438,370.1700134277344,157.3800048828125,22.5,175.02000427246094,371.1600036621094,157.88999938964844,23.670000076293945,173.02000427246094,368.8699951171875,156.38999938964844,22.290000915527344,174.1300048828125,369.82000732421875,156.5800018310547,22.510000228881836,8174700,58420500,9954200,0
2020-12-17,176.74000549316406,344.1732482910156,130.58187866210938,21.93000030517578,176.74000549316406,372.239990234375,156.8000030517578,21.93000030517578,177.8699951171875,372.4599914550781,158.4600067138672,22.270000457763672,176.5800018310547,371.04998779296875,156.42999267578125,21.520000457763672,177.14999389648438,371.94000244140625,158.1300048828125,21.979999542236328,9475800,64119500,9422700,0
2020-12-18,176.44000244140625,342.7991027832031,130.19046020507812,21.56999969482422,176.44000244140625,369.17999267578125,156.3300018310547,21.56999969482422,176.97999572753906,371.1499938964844,157.3800048828125,23.770000457763672,176.10000610351562,367.0199890136719,156.17999267578125,21.56999969482422,176.64999389648438,370.9700012207031,157.1199951171875,22.149999618530273,6789900,136542300,6505000,0
2020-12-21,175.8800048828125,341.5733642578125,130.706787109375,25.15999984741211,175.8800048828125,367.8599853515625,156.9499969482422,25.15999984741211,176.94000244140625,378.4599914550781,157.33999633789062,31.459999084472656,175.75999450683594,362.0299987792969,156.4499969482422,24.229999542236328,176.2899932861328,364.9700012207031,157.1999969482422,24.25,8168900,96386700,8988200,0
2020-12-22,174.49000549316406,340.9976501464844,131.38137817382812,24.229999542236328,174.49000549316406,367.239990234375,157.75999450683594,24.229999542236328,176.33999633789062,368.3299865722656,157.8300018310547,25.559999465942383,174.33999633789062,366.0299987792969,157.0800018310547,23.530000686645508,176.1999969482422,368.2099914550781,157.55999755859375,25.239999771118164,9442400,47949000,7370800,0
2020-12-23,175.64999389648438,341.3041687011719,130.47360229492188,23.309999465942383,175.64999389648438,367.57000732421875,156.6699981689453,23.309999465942383,176.2100067138672,369.6199951171875,156.69000244140625,23.68000030517578,175.05999755859375,367.2200012207031,155.4600067138672,22.1299991607666,175.10000610351562,368.2799987792969,156.6199951171875,23.489999771118164,6542800,46201400,9266600,0
2020-12-24,176.35000610351562,342.6319580078125,130.9899139404297,21.530000686645508,176.35000610351562,369.0,157.2899932861328,21.530000686645508,176.3699951171875,369.0299987792969,157.42999267578125,22.829999923706055,175.50999450683594,367.45001220703125,156.85000610351562,21.389999389648438,175.5500030517578,368.0799865722656,156.89999389648438,22.469999313354492,3695400,26457900,3117100,0
2020-12-28,175.7100067138672,345.57550048828125,131.0482940673828,21.700000762939453,175.7100067138672,372.1700134277344,157.36000061035156,21.700000762939453,177.91000366210938,372.5899963378906,157.4499969482422,22.1200008392334,175.6300048828125,371.07000732421875,156.10000610351562,21.149999618530273,177.25999450683594,371.739990234375,156.3800048828125,22.110000610351562,7778700,39000400,7791100,0
2020-12-29,176.35000610351562,344.9161376953125,130.88169860839844,23.079999923706055,176.35000610351562,371.4599914550781,157.16000366210938,23.079999923706055,176.97000122070312,374.0,157.2899932861328,23.719999313354492,175.57000732421875,370.8299865722656,156.36000061035156,20.989999771118164,176.25,373.80999755859375,156.38999938964844,21.610000610351562,5983700,53680500,9030900,0
2020-12-30,177.6999969482422,345.4083557128906,131.1648406982422,22.770000457763672,177.6999969482422,371.989990234375,157.5,22.770000457763672,177.72000122070312,373.1000061035156,157.52999877929688,23.149999618530273,176.44000244140625,371.57000732421875,156.67999267578125,22.40999984741211,176.44000244140625,372.3399963378906,156.82000732421875,22.579999923706055,5914000,49455300,9097300,0
2020-12-31,178.36000061035156,347.1631774902344,131.35638427734375,22.75,178.36000061035156,373.8800048828125,157.72999572753906,22.75,178.39999389648438,374.6600036621094,158.0800018310547,23.25,177.32000732421875,371.2300109863281,157.4499969482422,21.239999771118164,178.07000732421875,371.7799987792969,157.4600067138672,22.989999771118164,7540800,78520700,7742100,0
2021-01-04,182.3300018310547,342.43701171875,131.19815063476562,26.969999313354492,182.3300018310547,368.7900085449219,157.5399932861328,26.969999313354492,182.39999389648438,375.45001220703125,158.17999267578125,29.190000534057617,180.9600067138672,364.82000732421875,156.5399932861328,22.559999465942383,181.97000122070312,375.30999755859375,156.6699981689453,23.040000915527344,14331400,110210800,13152900,0
2021-01-05,182.8699951171875,344.7954406738281,130.2237548828125,25.34000015258789,182.8699951171875,371.3299865722656,156.3699951171875,25.34000015258789,183.2100067138672,372.5,156.9499969482422,28.600000381469727,181.82000732421875,368.04998779296875,155.66000366210938,24.799999237060547,182.8699951171875,368.1000061035156,156.9499969482422,26.940000534057617,12718800,66426200,10458100,0
2021-01-06,179.89999389648438,346.85675048828125,127.55046844482422,25.06999969482422,179.89999389648438,373.54998779296875,153.16000366210938,25.06999969482422,181.5800018310547,376.9800109863281,153.85000610351562,26.770000457763672,178.24000549316406,369.1199951171875,152.2899932861328,22.139999389648438,181.49000549316406,369.7099914550781,153.82000732421875,25.479999542236328,18453500,107997700,22827300,0
2021-01-07,179.47999572753906,352.0101623535156,126.42626190185547,22.3700008392334,179.47999572753906,379.1000061035156,151.80999755859375,22.3700008392334,179.9199981689453,379.8999938964844,152.1699981689453,23.90999984741211,178.83999633789062,375.9100036621094,151.25999450683594,22.25,179.69000244140625,376.1000061035156,151.7899932861328,23.670000076293945,7110200,68766800,14651900,0
2021-01-08,173.33999633789062,354.0157775878906,126.0182113647461,21.559999465942383,173.33999633789062,381.260009765625,151.32000732421875,21.559999465942383,176.99000549316406,381.489990234375,151.9600067138672,23.34000015258789,171.47999572753906,377.1000061035156,150.66000366210938,21.420000076293945,176.8300018310547,380.5899963378906,151.47999572753906,22.43000030517578,24399900,71677200,13622500,0
2021-01-11,173.0,351.6294860839844,125.80998229980469,24.079999923706055,173.0,378.69000244140625,151.07000732421875,24.079999923706055,173.67999267578125,380.5799865722656,151.2100067138672,24.809999465942383,172.02999877929688,377.7200012207031,150.49000549316406,23.229999542236328,172.13999938964844,377.8500061035156,151.0,23.309999465942383,8571400,51034700,8370700,0
2021-01-12,174.1199951171875,351.70367431640625,125.71006774902344,23.329999923706055,174.1199951171875,378.7699890136719,150.9499969482422,23.329999923706055,174.17999267578125,379.8599853515625,151.16000366210938,25.149999618530273,172.32000732421875,376.3599853515625,149.92999267578125,22.829999923706055,173.1300048828125,378.8900146484375,150.7899932861328,23.489999771118164,9798500,52547700,12186300,0
2021-01-13,173.3699951171875,352.65087890625,127.12579345703125,22.209999084472656,173.3699951171875,379.7900085449219,152.64999389648438,22.209999084472656,174.4600067138672,380.8599853515625,153.07000732421875,24.18000030517578,173.0500030517578,377.8500061035156,151.57000732421875,21.920000076293945,173.67999267578125,378.69000244140625,151.66000366210938,23.06999969482422,14110300,45303600,12533300,0
2021-01-14,173.27999877929688,351.4159851074219,125.93489074707031,23.25,173.27999877929688,378.4599914550781,151.22000122070312,23.25,174.22000122070312,381.1300048828125,152.63999938964844,23.469999313354492,172.66000366210938,378.1000061035156,150.7899932861328,21.65999984741211,173.44000244140625,380.5899963378906,152.5800018310547,22.219999313354492,13522700,49989100,14835500,0
2021-01-15,171.1300048828125,348.8531188964844,126.43453216552734,24.34000015258789,171.1300048828125,375.70001220703125,151.82000732421875,24.34000015258789,173.07000732421875,377.5799865722656,152.36000061035156,25.799999237060547,170.97999572753906,373.70001220703125,151.47000122070312,23.079999923706055,172.83999633789062,376.7200012207031,152.19000244140625,23.520000457763672,16172500,107160000,11624700,0
2021-01-19,172.5800018310547,351.5923767089844,126.84265899658203,23.239999771118164,172.5800018310547,378.6499938964844,152.30999755859375,23.239999771118164,172.85000610351562,379.2300109863281,152.36000061035156,23.559999465942383,171.9199981689453,376.75,151.50999450683594,22.530000686645508,172.7100067138672,378.3399963378906,151.6199951171875,23.030000686645508,7485700,51233300,9575600,0
2021-01-20,175.38999938964844,356.4579162597656,126.96757507324219,21.579999923706055,175.38999938964844,383.8900146484375,152.4600067138672,21.579999923706055,175.47000122070312,384.7900085449219,152.47999572753906,22.860000610351562,173.82000732421875,380.69000244140625,151.7899932861328,21.3700008392334,174.3699951171875,381.1099853515625,151.99000549316406,22.81999969482422,9456000,61836100,5368900,0
2021-01-21,175.27999877929688,356.78289794921875,126.076416015625,21.31999969482422,175.27999877929688,384.239990234375,151.38999938964844,21.31999969482422,175.50999450683594,384.95001220703125,151.75,22.219999313354492,174.50999450683594,383.25,151.10000610351562,21.09000015258789,175.11000061035156,384.489990234375,151.44000244140625,21.34000015258789,7246800,47840100,8162700,0
2021-01-22,173.89999389648438,355.52008056640625,126.4844970703125,21.90999984741211,173.89999389648438,382.8800048828125,151.8800048828125,21.90999984741211,174.2899932861328,384.1300048828125,152.00999450683594,23.729999542236328,172.35000610351562,381.8399963378906,151.4199981689453,21.270000457763672,172.88999938964844,382.25,151.85000610351562,22.239999771118164,7269600,52860500,9507200,0
2021-01-25,174.0500030517578,356.9221496582031,127.97523498535156,23.190000534057617,174.0500030517578,384.3900146484375,153.6699981689453,23.190000534057617,174.9600067138672,384.7699890136719,153.69000244140625,26.6299991607666,173.19000244140625,378.4599914550781,152.63999938964844,22.200000762939453,174.82000732421875,383.6700134277344,152.75999450683594,22.309999465942383,5936800,70402000,8712600,0
2021-01-26,173.6199951171875,356.3650207519531,127.73373413085938,23.020000457763672,173.6199951171875,383.7900085449219,153.3800048828125,23.020000457763672,174.25999450683594,385.8500061035156,153.60000610351562,23.940000534057617,173.4199981689453,383.5400085449219,152.9199981689453,22.549999237060547,173.97999572753906,385.4100036621094,153.10000610351562,23.90999984741211,4685600,42665300,7690300,0
2021-01-27,172.52000427246094,347.6553039550781,128.0584716796875,37.209999084472656,172.52000427246094,374.4100036621094,153.77000427246094,37.209999084472656,173.52000427246094,380.32000732421875,154.5,37.209999084472656,171.66000366210938,372.010009765625,153.52999877929688,23.709999084472656,172.92999267578125,380.2200012207031,154.07000732421875,23.81999969482422,9036500,123351100,7895200,0
2021-01-28,172.67999267578125,350.6452941894531,127.35061645507812,30.209999084472656,172.67999267578125,377.6300048828125,152.9199981689453,30.209999084472656,174.72999572753906,381.92999267578125,153.4600067138672,36.290000915527344,172.0399932861328,375.8900146484375,152.16000366210938,27.389999389648438,174.27999877929688,376.3599853515625,153.39999389648438,33.25,9392400,94198100,10667800,0
2021-01-29,172.61000061035156,343.6254577636719,126.58450317382812,33.09000015258789,172.61000061035156,370.07000732421875,152.0,33.09000015258789,175.16000366210938,376.6700134277344,152.49000549316406,37.5099983215332,172.61000061035156,368.2699890136719,151.3000030517578,29.239999771118164,174.8699951171875,375.6300048828125,151.4199981689453,35.15999984741211,11252800,126765100,14965900,0
2021-02-01,174.22999572753906,349.3453063964844,126.73126220703125,30.239999771118164,174.22999572753906,376.2300109863281,152.0,30.239999771118164,175.25999450683594,377.3399963378906,152.36000061035156,33.959999084472656,174.05999755859375,370.3800048828125,151.49000549316406,29.030000686645508,175.02000427246094,373.7200012207031,151.66000366210938,31.450000762939453,9105500,75817600,8165500,0
2021-02-02,172.11000061035156,354.28509521484375,125.91410827636719,25.559999465942383,172.11000061035156,381.54998779296875,151.02000427246094,25.559999465942383,172.52999877929688,383.2200012207031,151.08999633789062,28.079999923706055,171.50999450683594,376.32000732421875,150.52000427246094,25.309999465942383,172.49000549316406,379.6499938964844,150.74000549316406,28.010000228881836,7221700,64450700,9177500,0
2021-02-03,171.85000610351562,354.563720703125,124.79688262939453,22.90999984741211,171.85000610351562,381.8500061035156,149.67999267578125,22.90999984741211,172.58999633789062,383.70001220703125,150.58999633789062,25.43000030517578,171.5,380.4800109863281,149.5800018310547,22.90999984741211,172.36000061035156,382.44000244140625,150.42999267578125,24.59000015258789,4658100,52427100,9633100,0
2021-02-04,168.14999389648438,358.59356689453125,124.46337890625,21.770000457763672,168.14999389648438,386.19000244140625,149.27999877929688,21.770000457763672,168.39999389648438,386.239990234375,149.49000549316406,23.440000534057617,167.33999633789062,381.9700012207031,148.8000030517578,21.68000030517578,168.2899932861328,382.9599914550781,149.16000366210938,23.440000534057617,13736600,47142600,8262600,0
2021-02-05,169.80999755859375,360.00506591796875,123.42124938964844,20.8700008392334,169.80999755859375,387.7099914550781,148.02999877929688,20.8700008392334,170.17999267578125,388.4700012207031,149.57000732421875,22.15999984741211,168.6699981689453,386.1400146484375,148.02000427246094,20.860000610351562,168.99000549316406,388.20001220703125,149.10000610351562,21.989999771118164,6538500,48669800,10258900,0
2021-02-08,171.52000427246094,362.6049499511719,123.96315002441406,21.239999771118164,171.52000427246094,390.510009765625,148.67999267578125,21.239999771118164,172.39999389648438,390.55999755859375,149.25999450683594,22.06999969482422,171.49000549316406,388.3500061035156,148.0399932861328,21.229999542236328,171.97999572753906,389.2699890136719,148.3000030517578,21.889999389648438,6887500,38365200,11574800,0
2021-02-09,172.0800018310547,362.36346435546875,124.05488586425781,21.6299991607666,172.0800018310547,390.25,148.7899932861328,21.6299991607666,173.02999877929688,390.8900146484375,149.6699981689453,22.260000228881836,171.75,389.1700134277344,148.66000366210938,20.649999618530273,172.57000732421875,389.6099853515625,149.22000122070312,21.56999969482422,5131800,35551100,5218300,0
2021-02-10,172.7100067138672,362.2055969238281,124.88026428222656,21.989999771118164,172.7100067138672,390.0799865722656,149.77999877929688,21.989999771118164,173.22000122070312,392.2799987792969,149.77999877929688,23.850000381469727,172.00999450683594,387.5,149.13999938964844,19.690000534057617,173.14999389648438,392.1199951171875,149.27999877929688,21.639999389648438,6112800,59154400,8079800,0
2021-02-11,171.2100067138672,362.7905578613281,124.19654083251953,21.25,171.2100067138672,390.7099914550781,148.9600067138672,21.25,172.8699951171875,391.69000244140625,149.7899932861328,23.25,170.7100067138672,388.1000061035156,148.75,21.110000610351562,172.6999969482422,391.239990234375,149.67999267578125,22.09000015258789,5994500,42913300,11962700,0
2021-02-12,170.69000244140625,364.5826416015625,122.65415954589844,19.969999313354492,170.69000244140625,392.6400146484375,147.11000061035156,19.969999313354492,171.64999389648438,392.8999938964844,148.0800018310547,22.450000762939453,169.8800048828125,389.7699890136719,147.02999877929688,19.950000762939453,170.2899932861328,389.8500061035156,147.6999969482422,21.600000381469727,6018900,50593300,14088400,0
2021-02-16,168.24000549316406,364.26690673828125,120.78645324707031,21.459999084472656,168.24000549316406,392.29998779296875,144.8699951171875,21.459999084472656,170.07000732421875,394.1700134277344,145.66000366210938,22.459999084472656,167.72999572753906,391.5299987792969,144.66000366210938,20.8799991607666,168.13999938964844,393.9599914550781,145.22000122070312,21.1299991607666,14761100,50972400,17789100,0
2021-02-17,166.3300018310547,364.3505554199219,121.5535888671875,21.5,166.3300018310547,392.3900146484375,145.7899932861328,21.5,167.33999633789062,392.6600036621094,146.3800048828125,23.440000534057617,165.85000610351562,389.3299865722656,144.97999572753906,21.09000015258789,166.9199981689453,390.4200134277344,145.9499969482422,22.020000457763672,11400700,52290600,11199100,0
2021-02-18,166.32000732421875,362.7998046875,121.06166076660156,22.489999771118164,166.32000732421875,390.7200012207031,145.1999969482422,22.489999771118164,167.3000030517578,391.5199890136719,145.60000610351562,24.229999542236328,165.72999572753906,387.739990234375,144.32000732421875,21.799999237060547,166.97999572753906,389.5899963378906,144.61000061035156,21.979999542236328,7498200,59712800,10755300,0
2021-02-19,167.00999450683594,362.1591796875,119.4525146484375,22.049999237060547,167.00999450683594,390.0299987792969,143.27000427246094,22.049999237060547,167.94000244140625,392.3800048828125,144.32000732421875,23.190000534057617,166.60000610351562,389.54998779296875,142.85000610351562,20.84000015258789,166.75999450683594,392.07000732421875,144.05999755859375,23.100000381469727,8273500,83241000,12741700,0
2021-02-22,169.50999450683594,359.37353515625,118.54373168945312,23.450000762939453,169.50999450683594,387.0299987792969,142.17999267578125,23.450000762939453,169.88999938964844,389.6199951171875,143.74000549316406,25.09000015258789,168.3000030517578,386.739990234375,141.72000122070312,21.959999084472656,168.5399932861328,387.05999755859375,143.02999877929688,24.459999084472656,10072000,67414200,13203900,0
2021-02-23,169.1199951171875,359.8099670410156,118.20179748535156,23.110000610351562,169.1199951171875,387.5,141.77000427246094,23.110000610351562,169.74000549316406,388.95001220703125,142.5,27.010000228881836,168.27999877929688,380.20001220703125,141.13999938964844,22.5,169.47999572753906,384.6600036621094,141.52000427246094,22.81999969482422,8616800,107284100,12658500,0
2021-02-24,169.0,363.77484130859375,117.42647552490234,21.34000015258789,169.0,391.7699890136719,140.83999633789062,21.34000015258789,169.13999938964844,392.2300109863281,141.17999267578125,25.040000915527344,167.14999389648438,385.2699890136719,139.16000366210938,21.309999465942383,167.64999389648438,386.3299865722656,139.35000610351562,23.760000228881836,8890600,72433900,17363100,0
2021-02-25,165.82000732421875,355.0094299316406,115.5088119506836,28.889999389648438,165.82000732421875,382.3299865722656,138.5399932861328,28.889999389648438,167.66000366210938,391.8800048828125,139.9199981689453,31.15999984741211,165.4499969482422,380.7799987792969,136.61000061035156,21.520000457763672,166.9199981689453,390.4100036621094,139.52000427246094,21.729999542236328,16359400,146670500,52621700,0
2021-02-26,161.80999755859375,353.18011474609375,119.32743835449219,27.950000762939453,161.80999755859375,380.3599853515625,143.1199951171875,27.950000762939453,165.10000610351562,385.5799865722656,143.3000030517578,30.81999969482422,160.9499969482422,378.2300109863281,139.67999267578125,25.229999542236328,165.0,384.3500061035156,140.77000427246094,28.729999542236328,23730400,152701600,45423300,0
2021-03-01,161.52999877929688,361.7413330078125,117.75143432617188,23.350000381469727,161.52999877929688,389.5799865722656,141.05999755859375,23.350000381469727,163.35000610351562,390.9200134277344,141.41000366210938,25.389999389648438,161.16000366210938,380.57000732421875,140.08999633789062,23.170000076293945,163.02999877929688,385.5899963378906,140.66000366210938,25.200000762939453,13828300,105348800,22048000,0
2021-03-02,162.41000366210938,358.9186096191406,117.75977325439453,24.100000381469727,162.41000366210938,386.5400085449219,141.07000732421875,24.100000381469727,162.92999267578125,390.07000732421875,141.1300048828125,24.600000381469727,161.22000122070312,386.0,140.2899932861328,22.799999237060547,161.92999267578125,389.82000732421875,140.39999389648438,23.579999923706055,11424600,79595300,12482200,0
2021-03-03,160.6199951171875,354.16448974609375,116.48253631591797,26.670000076293945,160.6199951171875,381.4200134277344,139.5399932861328,26.670000076293945,161.69000244140625,386.8299865722656,140.14999389648438,26.790000915527344,159.49000549316406,381.30999755859375,138.75999450683594,22.450000762939453,160.61000061035156,385.7900085449219,139.3800048828125,22.799999237060547,13059900,119940200,19763700,0
2021-03-04,159.0399932861328,349.7817077636719,115.73125457763672,28.56999969482422,159.0399932861328,376.70001220703125,138.63999938964844,28.56999969482422,161.4600067138672,384.0,139.94000244140625,31.899999618530273,158.42999267578125,371.8800048828125,137.9600067138672,24.93000030517578,160.60000610351562,381.2200012207031,139.6300048828125,26.520000457763672,13870100,183433000,22366600,0
2021-03-05,159.13999938964844,356.2165222167969,115.95669555664062,24.65999984741211,159.13999938964844,383.6300048828125,138.91000366210938,24.65999984741211,159.82000732421875,384.760009765625,139.33999633789062,30.030000686645508,158.5500030517578,372.6400146484375,137.99000549316406,24.329999923706055,159.66000366210938,380.4599914550781,138.1699981689453,29.479999542236328,12821600,152039600,20598000,0
2021-03-08,157.49000549316406,354.4429626464844,115.05514526367188,25.469999313354492,157.49000549316406,381.7200012207031,137.8300018310547,25.469999313354492,158.74000549316406,387.67999267578125,138.89999389648438,28.389999389648438,157.1300048828125,381.4200134277344,137.8300018310547,24.06999969482422,158.5800018310547,384.6600036621094,138.8300018310547,27.610000610351562,12134900,123149200,15236600,0
2021-03-09,160.83999633789062,359.5035400390625,116.64949035644531,24.030000686645508,160.83999633789062,387.1700134277344,139.74000549316406,24.030000686645508,161.25,389.9100036621094,139.82000732421875,25.25,160.4199981689453,385.30999755859375,138.97000122070312,22.899999618530273,160.75,385.8500061035156,139.27000427246094,25.110000610351562,10382600,113633600,14463400,0
2021-03-10,161.66000366210938,361.7413330078125,116.88325500488281,22.559999465942383,161.66000366210938,389.5799865722656,140.02000427246094,22.559999465942383,161.77999877929688,391.3999938964844,140.14999389648438,23.8700008392334,160.66000366210938,388.1700134277344,139.27999877929688,22.3799991607666,161.05999755859375,389.69000244140625,139.8000030517578,23.760000228881836,7962000,109899400,12387600,0
2021-03-11,161.52000427246094,365.4090270996094,116.04016876220703,21.90999984741211,161.52000427246094,393.5299987792969,139.00999450683594,21.90999984741211,161.97999572753906,395.6499938964844,139.3800048828125,22.5,161.1199951171875,391.739990234375,138.4600067138672,21.450000762939453,161.47000122070312,392.2300109863281,139.1699981689453,22.5,6749200,86245000,14150700,0
2021-03-12,161.49000549316406,365.90118408203125,113.57762908935547,20.690000534057617,161.49000549316406,394.05999755859375,136.05999755859375,20.690000534057617,161.69000244140625,394.2099914550781,136.4600067138672,22.989999771118164,159.35000610351562,391.20001220703125,135.64999389648438,20.6299991607666,159.5399932861328,392.07000732421875,136.39999389648438,22.56999969482422,8608500,64653600,20402700,0
2021-03-15,162.1999969482422,368.083251953125,114.24541473388672,20.030000686645508,162.1999969482422,396.4100036621094,136.86000061035156,20.030000686645508,162.5500030517578,396.69000244140625,137.08999633789062,21.860000610351562,161.42999267578125,392.0299987792969,136.41000366210938,19.8700008392334,162.30999755859375,394.3299865722656,136.49000549316406,21.84000015258789,8104500,73427200,11366500,0
2021-03-16,162.35000610351562,367.6189880371094,113.78630065917969,19.790000915527344,162.35000610351562,395.9100036621094,136.30999755859375,19.790000915527344,163.1999969482422,397.8299865722656,137.1199951171875,20.309999465942383,161.80999755859375,395.0799865722656,135.75,19.329999923706055,162.36000061035156,397.07000732421875,137.02000427246094,20.139999389648438,7547400,73722500,15567900,0
2021-03-17,163.50999450683594,368.87255859375,112.93482971191406,19.229999542236328,163.50999450683594,397.260009765625,135.2899932861328,19.229999542236328,164.14999389648438,398.1199951171875,135.52999877929688,20.950000762939453,161.47999572753906,393.29998779296875,134.14999389648438,19.18000030517578,162.27000427246094,394.5299987792969,135.14999389648438,20.100000381469727,12626700,97959300,27107500,0
2021-03-18,162.55999755859375,363.5055847167969,111.79121398925781,21.579999923706055,162.55999755859375,391.4800109863281,133.9199981689453,21.579999923706055,162.82000732421875,396.7200012207031,134.47000122070312,22.600000381469727,161.11000061035156,390.75,133.19000244140625,18.950000762939453,161.14999389648438,394.4800109863281,133.30999755859375,18.950000762939453,8711100,115349100,21615100,0
2021-03-19,163.24000549316406,362.8330078125,112.48410034179688,20.950000762939453,163.24000549316406,389.4800109863281,134.75,20.950000762939453,163.42999267578125,391.57000732421875,134.8300018310547,23.170000076293945,162.42999267578125,387.1499938964844,133.8000030517578,19.899999618530273,162.55999755859375,389.8800048828125,134.0800018310547,21.43000030517578,6868900,113624500,18685000,0
2021-03-22,163.0,365.73016357421875,113.74455261230469,18.8799991607666,163.0,392.5899963378906,136.25999450683594,18.8799991607666,163.1300048828125,394.07000732421875,136.41000366210938,22.290000915527344,162.16000366210938,389.9700012207031,135.3699951171875,18.8700008392334,162.27000427246094,390.0299987792969,135.69000244140625,21.90999984741211,5240000,73778600,17047500,0
2021-03-23,161.80999755859375,362.85150146484375,114.77132415771484,20.299999237060547,161.80999755859375,389.5,137.49000549316406,20.299999237060547,162.49000549316406,393.4599914550781,137.5399932861328,21.579999923706055,161.58999633789062,388.6600036621094,136.14999389648438,18.799999237060547,162.4499969482422,391.9100036621094,136.58999633789062,19.459999084472656,6048300,90686600,16768400,0
2021-03-24,162.3699951171875,361.00701904296875,115.3890380859375,21.200000762939453,162.3699951171875,387.5199890136719,138.22999572753906,21.200000762939453,162.88999938964844,392.75,138.27999877929688,21.489999771118164,161.94000244140625,387.4700012207031,136.9499969482422,19.299999237060547,162.2100067138672,391.0,137.05999755859375,20.639999389648438,6183700,97588600,13863000,0
2021-03-25,161.77999877929688,363.03790283203125,114.47915649414062,19.809999465942383,161.77999877929688,389.70001220703125,137.13999938964844,19.809999465942383,163.5800018310547,390.54998779296875,138.66000366210938,23.549999237060547,161.32000732421875,383.8999938964844,137.08999633789062,19.809999465942383,163.05999755859375,385.9800109863281,138.38999938964844,20.799999237060547,8398600,116128600,20782000,0
2021-03-26,162.24000549316406,368.8882751464844,114.07848358154297,18.860000610351562,162.24000549316406,395.9800109863281,136.66000366210938,18.860000610351562,162.72999572753906,396.4100036621094,137.24000549316406,21.489999771118164,161.64999389648438,390.2900085449219,136.22000122070312,18.68000030517578,161.7100067138672,390.92999267578125,136.4199981689453,19.31999969482422,6153900,114409100,8433300,0
2021-03-29,160.30999755859375,368.7018737792969,113.11012268066406,20.739999771118164,160.30999755859375,395.7799987792969,135.5,20.739999771118164,161.52000427246094,396.75,136.85000610351562,21.600000381469727,159.8300018310547,392.80999755859375,134.97000122070312,19.420000076293945,161.4600067138672,394.3999938964844,136.8300018310547,20.399999618530273,8409300,108107600,13968100,0
2021-03-30,157.57000732421875,367.7237854003906,113.70278930664062,19.610000610351562,157.57000732421875,394.7300109863281,136.2100067138672,19.610000610351562,158.1999969482422,395.45001220703125,136.50999450683594,21.75,157.5500030517578,393.0199890136719,135.00999450683594,19.469999313354492,157.94000244140625,394.4200134277344,135.3000030517578,20.760000228881836,8353200,76262200,15020800,0
2021-03-31,159.9600067138672,369.2142333984375,113.06837463378906,19.399999618530273,159.9600067138672,396.3299865722656,135.4499969482422,19.399999618530273,160.67999267578125,398.0,136.58999633789062,20.110000610351562,158.0500030517578,395.30999755859375,134.97999572753906,18.850000381469727,158.05999755859375,395.3399963378906,136.33999633789062,19.799999237060547,10623800,112734200,19271300,0
2021-04-01,161.97999572753906,373.201416015625,114.94502258300781,17.329999923706055,161.97999572753906,400.6099853515625,137.50999450683594,17.329999923706055,162.11000061035156,400.6700134277344,137.6199951171875,18.639999389648438,161.27999877929688,398.17999267578125,136.3000030517578,17.290000915527344,161.55999755859375,398.3999938964844,136.5500030517578,18.600000381469727,7105200,99682900,14885900,0
2021-04-05,161.9199981689453,378.55804443359375,114.4434585571289,17.90999984741211,161.9199981689453,406.3599853515625,136.91000366210938,17.90999984741211,162.39999389648438,406.94000244140625,136.97000122070312,18.399999618530273,161.36000061035156,403.3800048828125,135.94000244140625,17.350000381469727,161.52000427246094,403.4599914550781,136.5500030517578,18.15999984741211,6163800,91684800,8243000,0
2021-04-06,163.22000122070312,378.33441162109375,115.22084045410156,18.1200008392334,163.22000122070312,406.1199951171875,137.83999633789062,18.1200008392334,163.52999877929688,407.239990234375,137.97999572753906,18.299999237060547,162.75,405.3999938964844,137.00999450683594,17.3700008392334,162.7899932861328,405.760009765625,137.16000366210938,18.06999969482422,6761200,62021000,9282400,0
2021-04-07,162.75999450683594,378.77227783203125,114.41838836669922,17.15999984741211,162.75999450683594,406.5899963378906,136.8800048828125,17.15999984741211,163.30999755859375,406.9599914550781,138.10000610351562,18.170000076293945,162.5,405.45001220703125,136.8800048828125,16.8700008392334,162.82000732421875,405.94000244140625,137.4499969482422,17.989999771118164,5436000,55836300,11052700,0
2021-04-08,164.50999450683594,380.5703430175781,115.36296844482422,16.950000762939453,164.50999450683594,408.5199890136719,138.00999450683594,16.950000762939453,164.77000427246094,408.5799865722656,138.07000732421875,17.360000610351562,164.13999938964844,406.92999267578125,137.36000061035156,16.549999237060547,164.1699981689453,407.92999267578125,137.38999938964844,16.920000076293945,6574500,57863100,7847900,0
2021-04-09,163.27000427246094,383.3370666503906,114.94502258300781,16.690000534057617,163.27000427246094,411.489990234375,137.50999450683594,16.690000534057617,163.66000366210938,411.6700134277344,138.19000244140625,17.34000015258789,162.47999572753906,408.260009765625,137.08999633789062,16.200000762939453,162.75,408.3900146484375,137.5,17.049999237060547,6657900,61104600,8717800,0
2021-04-12,162.27999877929688,383.47686767578125,114.89485168457031,16.90999984741211,162.27999877929688,411.6400146484375,137.4499969482422,16.90999984741211,162.8000030517578,411.92999267578125,137.52999877929688,17.90999984741211,161.80999755859375,410.20001220703125,137.10000610351562,16.809999465942383,162.72999572753906,410.8500061035156,137.4600067138672,17.43000030517578,4896700,56704900,7659000,0
2021-04-13,163.42999267578125,384.61334228515625,115.75584411621094,16.649999618530273,163.42999267578125,412.8599853515625,138.47999572753906,16.649999618530273,163.85000610351562,413.5299987792969,138.50999450683594,17.860000610351562,163.02999877929688,411.1199951171875,137.1999969482422,16.43000030517578,163.17999267578125,411.5299987792969,137.3000030517578,16.989999771118164,6995900,56551000,13232800,0
2021-04-14,162.72000122070312,383.2998046875,115.38803100585938,16.989999771118164,162.72000122070312,411.45001220703125,138.0399932861328,16.989999771118164,163.0500030517578,413.9599914550781,138.24000549316406,17.690000534057617,162.3000030517578,410.8699951171875,137.57000732421875,15.380000114440918,162.77000427246094,412.8299865722656,138.02999877929688,16.709999084472656,6312300,61659900,7293200,0
2021-04-15,165.35000610351562,387.4173278808594,117.31898498535156,16.56999969482422,165.35000610351562,415.8699951171875,140.35000610351562,16.56999969482422,165.7899932861328,416.1600036621094,140.97999572753906,16.920000076293945,164.02999877929688,413.69000244140625,139.4600067138672,15.9399995803833,164.07000732421875,413.739990234375,139.49000549316406,16.780000686645508,8250600,60229800,23896700,0
2021-04-16,166.35000610351562,388.7123718261719,116.40786743164062,16.25,166.35000610351562,417.260009765625,139.25999450683594,16.25,166.80999755859375,417.9100036621094,139.72999572753906,16.8799991607666,165.94000244140625,415.7300109863281,138.92999267578125,16.049999237060547,166.24000549316406,417.25,139.10000610351562,16.649999618530273,10057600,82037300,15238400,0
2021-04-19,165.88999938964844,386.8026428222656,116.07347869873047,17.290000915527344,165.88999938964844,415.2099914550781,138.86000061035156,17.290000915527344,166.44000244140625,416.739990234375,139.30999755859375,18.610000610351562,165.72000122070312,413.7900085449219,138.5500030517578,16.780000686645508,165.91000366210938,416.260009765625,138.74000549316406,17.040000915527344,5721700,78498500,13886800,0
2021-04-20,166.47999572753906,383.9705810546875,116.60845184326172,18.68000030517578,166.47999572753906,412.1700134277344,139.5,18.68000030517578,166.80999755859375,415.0899963378906,139.75999450683594,19.700000762939453,165.6199951171875,410.5899963378906,138.42999267578125,17.239999771118164,165.64999389648438,413.9100036621094,138.4499969482422,17.360000610351562,6532000,81851800,11476500,0
2021-04-21,168.1300048828125,387.6037902832031,116.84249877929688,17.5,168.1300048828125,416.07000732421875,139.77999877929688,17.5,168.38999938964844,416.2900085449219,139.91000366210938,19.290000915527344,167.14999389648438,411.3599853515625,139.07000732421875,16.90999984741211,167.17999267578125,411.510009765625,139.5399932861328,18.479999542236328,8380200,66793000,11902200,0
2021-04-22,167.0399932861328,384.0636901855469,117.35237121582031,18.709999084472656,167.0399932861328,412.2699890136719,140.38999938964844,18.709999084472656,167.52999877929688,416.7799987792969,140.38999938964844,19.899999618530273,166.49000549316406,411.1300048828125,139.1999969482422,16.989999771118164,167.11000061035156,415.8900146484375,140.0,17.280000686645508,7680100,97582800,14156400,0
2021-04-23,166.39999389648438,388.2278137207031,117.07656860351562,17.329999923706055,166.39999389648438,416.739990234375,140.05999755859375,17.329999923706055,167.52999877929688,418.25,140.47000122070312,18.780000686645508,165.77999877929688,412.7900085449219,139.49000549316406,16.799999237060547,167.3699951171875,412.8699951171875,140.3800048828125,18.559999465942383,7106400,73209200,12302200,0
2021-04-26,166.83999633789062,389.038330078125,116.90937805175781,17.639999389648438,166.83999633789062,417.6099853515625,139.86000061035156,17.639999389648438,166.8699951171875,418.2200012207031,140.50999450683594,18.170000076293945,166.0500030517578,416.80999755859375,139.85000610351562,16.8700008392334,166.6300048828125,417.44000244140625,140.14999389648438,17.940000534057617,4786600,52182400,9103500,0
2021-04-27,166.4199981689453,388.9545593261719,115.88954162597656,17.559999465942383,166.4199981689453,417.5199890136719,138.63999938964844,17.559999465942383,167.14999389648438,418.1400146484375,139.82000732421875,18.15999984741211,166.27999877929688,416.29998779296875,138.52999877929688,16.969999313354492,166.9199981689453,417.92999267578125,139.58999633789062,17.6200008392334,5363500,51303100,14137300,0
2021-04-28,166.91000366210938,388.8426818847656,115.96481323242188,17.280000686645508,166.91000366210938,417.3999938964844,138.72999572753906,17.280000686645508,166.9600067138672,419.010009765625,138.88999938964844,17.84000015258789,165.49000549316406,416.8999938964844,137.9600067138672,16.670000076293945,165.75,417.80999755859375,138.64999389648438,17.469999313354492,6932200,51238900,15263700,0
2021-04-29,166.22000122070312,391.3208312988281,115.62203216552734,17.610000610351562,166.22000122070312,420.05999755859375,138.32000732421875,17.610000610351562,166.25999450683594,420.7200012207031,138.36000061035156,18.8700008392334,164.47000122070312,416.44000244140625,137.1300048828125,16.770000457763672,165.5800018310547,420.32000732421875,137.4499969482422,16.8799991607666,9067600,78544300,17178200,0
2021-04-30,165.66000366210938,388.74951171875,115.88954162597656,18.610000610351562,165.66000366210938,417.29998779296875,138.63999938964844,18.610000610351562,166.0,418.5400085449219,138.72999572753906,19.25,165.24000549316406,416.3399963378906,137.97999572753906,17.639999389648438,165.86000061035156,417.6300048828125,138.50999450683594,17.670000076293945,6248700,85527000,15692000,0
2021-05-03,167.80999755859375,389.58795166015625,115.95903778076172,18.309999465942383,167.80999755859375,418.20001220703125,138.52000427246094,18.309999465942383,168.42999267578125,419.8399963378906,139.64999389648438,19.1200008392334,167.41000366210938,417.6700134277344,138.27999877929688,17.799999237060547,167.61000061035156,419.42999267578125,138.6999969482422,18.649999618530273,9014700,68128300,16447700,0
2021-05-04,166.5800018310547,387.1845397949219,116.7459716796875,19.479999542236328,166.5800018310547,415.6199951171875,139.4600067138672,19.479999542236328,168.5500030517578,416.6000061035156,140.16000366210938,21.850000381469727,165.5,411.6700134277344,139.16000366210938,18.110000610351562,167.69000244140625,416.07000732421875,139.49000549316406,18.15999984741211,10267400,101591200,18639700,0
2021-05-05,167.27000427246094,387.30560302734375,116.9384765625,19.149999618530273,167.27000427246094,415.75,139.69000244140625,19.149999618530273,167.30999755859375,417.6300048828125,139.85000610351562,19.579999923706055,166.61000061035156,415.1499938964844,138.9199981689453,17.889999389648438,166.6300048828125,417.3800048828125,139.02999877929688,18.84000015258789,5950000,60162200,11127900,0
2021-05-06,170.05999755859375,390.39849853515625,117.13106536865234,18.389999389648438,170.05999755859375,419.07000732421875,139.9199981689453,18.389999389648438,170.2899932861328,419.2099914550781,140.19000244140625,20.600000381469727,167.9199981689453,413.67999267578125,139.1999969482422,18.209999084472656,167.9499969482422,415.8299865722656,139.25,18.40999984741211,13574100,74321400,21907600,0
2021-05-07,171.58999633789062,393.23974609375,116.55341339111328,16.690000534057617,171.58999633789062,422.1199951171875,139.22999572753906,16.690000534057617,172.5500030517578,422.82000732421875,140.60000610351562,18.56999969482422,171.0,419.1600036621094,138.91000366210938,16.68000030517578,171.52999877929688,419.8900146484375,140.10000610351562,18.450000762939453,14748600,67733800,18346900,0
2021-05-10,172.11000061035156,389.3458251953125,115.3730697631836,19.65999984741211,172.11000061035156,417.94000244140625,137.82000732421875,19.65999984741211,172.83999633789062,422.739990234375,139.25,19.75,171.77999877929688,417.80999755859375,137.69000244140625,17.06999969482422,172.74000549316406,422.5,138.9499969482422,17.34000015258789,8276600,81852400,15146200,0
2021-05-11,172.13999938964844,385.8710021972656,114.7200927734375,21.84000015258789,172.13999938964844,414.2099914550781,137.0399932861328,21.84000015258789,172.1699981689453,415.2699890136719,137.47999572753906,23.729999542236328,170.27000427246094,410.05999755859375,136.77000427246094,20.709999084472656,170.55999755859375,413.1000061035156,137.22999572753906,21.170000076293945,8348200,116888000,15158600,0
2021-05-12,170.42999267578125,377.67303466796875,113.51470184326172,27.59000015258789,170.42999267578125,405.4100036621094,135.60000610351562,27.59000015258789,171.83999633789062,412.5899963378906,136.8000030517578,28.3799991607666,170.35000610351562,404.0,135.36000061035156,21.65999984741211,171.42999267578125,411.2300109863281,136.6699981689453,22.420000076293945,12666300,134811000,20859400,0
2021-05-13,171.1300048828125,382.2099304199219,113.6904525756836,23.1299991607666,171.1300048828125,410.2799987792969,135.80999755859375,23.1299991607666,171.27000427246094,412.3500061035156,136.3699951171875,28.93000030517578,170.22999572753906,407.0199890136719,135.6300048828125,22.229999542236328,170.35000610351562,407.07000732421875,135.92999267578125,26.030000686645508,8078300,106394000,13073900,0
2021-05-14,172.69000244140625,388.0788269042969,114.75358581542969,18.809999465942383,172.69000244140625,416.5799865722656,137.0800018310547,18.809999465942383,172.6999969482422,417.489990234375,137.0800018310547,22.100000381469727,171.82000732421875,413.17999267578125,136.22000122070312,18.65999984741211,172.0500030517578,413.2099914550781,136.52999877929688,21.770000457763672,9686800,82201600,17566700,0
2021-05-17,174.6999969482422,387.09130859375,114.51087188720703,19.719999313354492,174.6999969482422,415.5199890136719,136.7899932861328,19.719999313354492,175.0,416.3900146484375,137.1699981689453,21.579999923706055,173.27999877929688,413.3599853515625,136.57000732421875,19.670000076293945,173.3000030517578,415.3900146484375,136.8300018310547,19.889999389648438,11956800,65129200,6113800,0
2021-05-18,175.0399932861328,383.7562561035156,114.21785736083984,21.34000015258789,175.0399932861328,411.94000244140625,136.44000244140625,21.34000015258789,175.2100067138672,416.05999755859375,136.57000732421875,21.450000762939453,174.4600067138672,411.7699890136719,136.07000732421875,18.809999465942383,175.17999267578125,415.79998779296875,136.39999389648438,18.889999389648438,7294000,59810200,11423100,0
2021-05-19,175.16000366210938,382.75018310546875,113.94160461425781,22.18000030517578,175.16000366210938,410.8599853515625,136.11000061035156,22.18000030517578,177.0,411.04998779296875,137.3000030517578,25.959999084472656,174.35000610351562,405.3299865722656,135.6199951171875,21.8799991607666,175.13999938964844,406.9200134277344,136.5399932861328,22.459999084472656,20741100,106467100,14296000,0
2021-05-20,175.9600067138672,386.8677978515625,114.87918090820312,20.670000076293945,175.9600067138672,415.2799987792969,137.22999572753906,20.670000076293945,176.4600067138672,416.6300048828125,137.49000549316406,23.5,175.11000061035156,411.6700134277344,136.6699981689453,20.190000534057617,175.32000732421875,411.79998779296875,136.75999450683594,22.329999923706055,9802800,78022200,13310500,0
2021-05-21,176.0399932861328,386.5509948730469,115.24752044677734,20.149999618530273,176.0399932861328,414.94000244140625,137.6699981689453,20.149999618530273,176.86000061035156,418.20001220703125,137.6999969482422,20.889999389648438,175.14999389648438,414.45001220703125,137.05999755859375,19.530000686645508,176.5800018310547,416.8699951171875,137.66000366210938,20.420000076293945,7677200,76578700,10171600,0
2021-05-24,176.35000610351562,390.4916687011719,115.67440795898438,18.399999618530273,176.35000610351562,419.1700134277344,138.17999267578125,18.399999618530273,176.58999633789062,420.32000732421875,138.5800018310547,20.510000228881836,175.8699951171875,417.0799865722656,137.88999938964844,18.3799991607666,176.14999389648438,417.3399963378906,137.99000549316406,20.5,5557300,51376700,6868700,0
2021-05-25,177.9499969482422,389.625244140625,116.7459716796875,18.84000015258789,177.9499969482422,418.239990234375,139.4600067138672,18.84000015258789,177.9499969482422,420.7099914550781,139.5,19.290000915527344,176.0399932861328,417.6199951171875,138.6199951171875,16.8700008392334,176.14999389648438,420.3299865722656,138.6300048828125,18.350000381469727,8986900,57451400,12346900,0
2021-05-26,177.63999938964844,390.39849853515625,116.54508209228516,17.360000610351562,177.63999938964844,419.07000732421875,139.22000122070312,17.360000610351562,178.61000061035156,419.6099853515625,139.91000366210938,18.920000076293945,177.0399932861328,417.760009765625,138.8800048828125,17.350000381469727,178.3699951171875,418.8699951171875,139.58999633789062,18.3700008392334,8495400,43088600,9793700,0
2021-05-27,177.7100067138672,390.6033935546875,116.07625579833984,16.739999771118164,177.7100067138672,419.2900085449219,138.66000366210938,16.739999771118164,177.82000732421875,420.7200012207031,138.69000244140625,18.170000076293945,176.80999755859375,418.989990234375,137.99000549316406,16.520000457763672,177.38999938964844,420.1700134277344,138.5,18.030000686645508,7993000,56707700,10695200,0
2021-05-28,178.3800048828125,391.3021240234375,115.89208221435547,16.760000228881836,178.3800048828125,420.0400085449219,138.44000244140625,16.760000228881836,178.42999267578125,421.25,139.3000030517578,16.860000610351562,177.24000549316406,419.7900085449219,138.33999633789062,15.899999618530273,177.4600067138672,420.9700012207031,138.5800018310547,16.799999237060547,9967000,58520200,10258000,0
2021-06-01,177.89999389648438,390.95745849609375,115.8660659790039,17.899999618530273,177.89999389648438,419.6700134277344,138.2100067138672,17.899999618530273,178.85000610351562,422.7200012207031,138.25999450683594,18.530000686645508,177.19000244140625,419.20001220703125,137.25,15.680000305175781,178.75999450683594,422.57000732421875,137.82000732421875,17.239999771118164,9143300,54216600,11778500,0
2021-06-02,178.77000427246094,391.5723571777344,116.13436889648438,17.479999542236328,178.77000427246094,420.3299865722656,138.52999877929688,17.479999542236328,178.77999877929688,421.2300109863281,138.7899932861328,18.309999465942383,177.97000122070312,419.2900085449219,138.32000732421875,16.739999771118164,178.33999633789062,420.3699951171875,138.5500030517578,17.860000610351562,6613100,49097100,7347900,0
2021-06-03,175.27000427246094,390.1189880371094,115.69847106933594,18.040000915527344,175.27000427246094,418.7699890136719,138.00999450683594,18.040000915527344,175.8300018310547,419.989990234375,138.50999450683594,19.270000457763672,174.66000366210938,416.2799987792969,137.85000610351562,17.450000762939453,175.8300018310547,417.8500061035156,138.50999450683594,17.729999542236328,10153900,58138800,10994000,0
2021-06-04,177.16000366210938,393.6869812011719,117.28287506103516,16.420000076293945,177.16000366210938,422.6000061035156,139.89999389648438,16.420000076293945,177.57000732421875,422.9200134277344,139.89999389648438,18.420000076293945,176.61000061035156,418.8399963378906,138.52000427246094,16.18000030517578,176.64999389648438,420.75,138.52000427246094,18.09000015258789,8375300,55938800,15773700,0
2021-06-07,177.8699951171875,393.3050537109375,116.92240905761719,16.420000076293945,177.8699951171875,422.19000244140625,139.47000122070312,16.420000076293945,177.89999389648438,422.7799987792969,139.7100067138672,17.350000381469727,176.6300048828125,421.19000244140625,139.32000732421875,15.779999732971191,176.9600067138672,422.5899963378906,139.58999633789062,17.34000015258789,7709100,51555000,7799800,0
2021-06-08,177.32000732421875,393.388916015625,117.74392700195312,17.06999969482422,177.32000732421875,422.2799987792969,140.4499969482422,17.06999969482422,177.5399932861328,423.2099914550781,140.66000366210938,17.75,176.3699951171875,420.32000732421875,140.2100067138672,15.149999618530273,177.22999572753906,423.1099853515625,140.66000366210938,16.579999923706055,5905800,47134300,11230900,0
2021-06-09,176.97999572753906,392.802001953125,118.78347778320312,17.889999389648438,176.97999572753906,421.6499938964844,141.69000244140625,17.889999389648438,177.8000030517578,423.260009765625,142.14999389648438,17.959999084472656,176.77999877929688,421.4100036621094,141.25,15.550000190734863,177.3800048828125,423.17999267578125,141.75999450683594,17.18000030517578,6346100,48436300,12768300,0
2021-06-10,177.74000549316406,394.62786865234375,119.49606323242188,16.100000381469727,177.74000549316406,423.6099853515625,142.5399932861328,16.100000381469727,177.85000610351562,424.6300048828125,142.55999755859375,18.290000915527344,176.47999572753906,421.54998779296875,140.67999267578125,16.010000228881836,176.6999969482422,422.9599914550781,140.8300018310547,18.18000030517578,9896600,51020100,19698300,0
2021-06-11,175.74000549316406,395.27996826171875,119.30327606201172,15.649999618530273,175.74000549316406,424.30999755859375,142.30999755859375,15.649999618530273,176.57000732421875,424.42999267578125,142.39999389648438,16.200000762939453,175.47999572753906,422.82000732421875,141.83999633789062,15.149999618530273,176.3300018310547,424.20001220703125,142.30999755859375,16.18000030517578,7836900,45570800,8646700,0
2021-06-14,174.7100067138672,396.1650695800781,118.38947296142578,16.389999389648438,174.7100067138672,425.260009765625,141.22000122070312,16.389999389648438,175.05999755859375,425.3699951171875,142.10000610351562,17.040000915527344,172.9499969482422,423.1000061035156,141.00999450683594,15.039999961853027,173.16000366210938,424.42999267578125,142.10000610351562,16.040000915527344,7733600,42358500,9401300,0
2021-06-15,174.0500030517578,395.43829345703125,118.2469482421875,17.020000457763672,174.0500030517578,424.4800109863281,141.0500030517578,17.020000457763672,174.9199981689453,425.4599914550781,141.08999633789062,17.350000381469727,173.33999633789062,423.5400085449219,140.47999572753906,16.139999389648438,174.77999877929688,425.4200134277344,140.8000030517578,16.270000457763672,7550200,51508500,18207300,0
2021-06-16,171.11000061035156,393.23046875,118.14637756347656,18.149999618530273,171.11000061035156,422.1099853515625,140.92999267578125,18.149999618530273,174.47000122070312,424.8699951171875,141.6699981689453,19.110000610351562,171.02999877929688,419.9200134277344,140.2100067138672,16.420000076293945,173.91000366210938,424.6300048828125,141.39999389648438,16.989999771118164,16919700,80386100,19676300,0
2021-06-17,165.85000610351562,393.10003662109375,119.9152603149414,17.75,165.85000610351562,421.9700012207031,143.0399932861328,17.75,167.6199951171875,423.0199890136719,144.92999267578125,19.219999313354492,165.44000244140625,419.32000732421875,141.63999938964844,16.709999084472656,167.02000427246094,421.6700134277344,141.86000061035156,18.489999771118164,27232200,90949700,35225800,0
2021-06-18,164.92999267578125,387.79693603515625,122.17034912109375,20.700000762939453,164.92999267578125,414.9200134277344,145.72999572753906,20.700000762939453,166.72000122070312,417.8299865722656,146.0399932861328,21.040000915527344,164.8699951171875,414.70001220703125,144.1199951171875,16.920000076293945,166.13999938964844,417.0899963378906,144.27999877929688,16.959999084472656,15744300,118676300,26616900,0
2021-06-21,166.9499969482422,393.34869384765625,120.12483215332031,17.889999389648438,166.9499969482422,420.8599853515625,143.2899932861328,17.889999389648438,167.22000122070312,421.05999755859375,144.49000549316406,21.81999969482422,166.0,415.92999267578125,143.02000427246094,17.809999465942383,166.52000427246094,416.79998779296875,144.38999938964844,21.739999771118164,8371000,72822000,16485000,0
2021-06-22,166.25,395.4515380859375,120.41822052001953,16.65999984741211,166.25,423.1099853515625,143.63999938964844,16.65999984741211,166.9199981689453,424.0,143.67999267578125,18.31999969482422,166.00999450683594,420.0799865722656,142.1199951171875,15.760000228881836,166.35000610351562,420.8500061035156,142.1699981689453,17.90999984741211,7223900,57700300,14530200,0
2021-06-23,166.13999938964844,394.9749755859375,120.10809326171875,16.31999969482422,166.13999938964844,422.6000061035156,143.27000427246094,16.31999969482422,168.02999877929688,424.04998779296875,143.5,16.84000015258789,165.97000122070312,422.510009765625,142.7100067138672,14.859999656677246,166.97000122070312,423.19000244140625,143.11000061035156,16.25,8474300,49445400,12040900,0
2021-06-24,166.0399932861328,397.3115234375,120.30091857910156,15.970000267028809,166.0399932861328,425.1000061035156,143.5,15.970000267028809,167.22999572753906,425.54998779296875,143.89999389648438,16.049999237060547,166.00999450683594,424.6199951171875,143.3300018310547,14.1899995803833,167.0,424.8900146484375,143.4199981689453,15.989999771118164,6903400,45110300,8788400,0
2021-06-25,166.58999633789062,398.7228088378906,119.05170440673828,15.619999885559082,166.58999633789062,426.6099853515625,142.00999450683594,15.619999885559082,167.52999877929688,427.0899963378906,143.39999389648438,16.170000076293945,166.2899932861328,425.54998779296875,141.3699951171875,15.210000038146973,167.4499969482422,425.8999938964844,143.25999450683594,16.040000915527344,7473700,58129500,15562200,0
2021-06-28,166.5800018310547,399.5265808105469,120.27568817138672,15.760000228881836,166.5800018310547,427.4700012207031,143.47000122070312,15.760000228881836,166.91000366210938,427.6499938964844,143.8000030517578,16.459999084472656,166.36000061035156,425.8900146484375,142.6999969482422,15.390000343322754,166.67999267578125,427.1700134277344,142.72000122070312,16.06999969482422,6508900,53159600,11460700,0
2021-06-29,164.8300018310547,399.7415771484375,120.47694396972656,16.020000457763672,164.8300018310547,427.70001220703125,143.7100067138672,16.020000457763672,165.27999877929688,428.55999755859375,143.72000122070312,16.309999465942383,164.00999450683594,427.1300048828125,143.0399932861328,14.100000381469727,164.33999633789062,427.8800048828125,143.10000610351562,15.6899995803833,7451400,35970500,11217900,0
2021-06-30,165.6300048828125,400.07806396484375,121.01345825195312,15.829999923706055,165.6300048828125,428.05999755859375,144.35000610351562,15.829999923706055,166.10000610351562,428.7799987792969,144.92999267578125,17.309999465942383,164.2899932861328,427.17999267578125,144.07000732421875,15.579999923706055,164.57000732421875,427.2099914550781,144.25,16.18000030517578,7955800,64827900,15708900,0
2021-07-01,166.1999969482422,402.2930908203125,121.02022552490234,15.479999542236328,166.1999969482422,430.42999267578125,144.1699981689453,15.479999542236328,166.8800048828125,430.6000061035156,144.30999755859375,16.010000228881836,165.5,428.79998779296875,143.52999877929688,15.3100004196167,166.64999389648438,428.8699951171875,143.97999572753906,15.619999885559082,7430500,53441000,10810000,0
2021-07-02,167.2899932861328,405.36798095703125,121.75044250488281,15.069999694824219,167.2899932861328,433.7200012207031,145.0399932861328,15.069999694824219,167.72000122070312,434.1000061035156,145.0399932861328,15.539999961853027,166.39999389648438,430.5199890136719,144.11000061035156,14.25,167.35000610351562,431.6700134277344,144.22999572753906,15.529999732971191,7873600,57697700,9650200,0
2021-07-06,168.1199951171875,404.6297302246094,123.17749786376953,16.440000534057617,168.1199951171875,432.92999267578125,146.74000549316406,16.440000534057617,169.64999389648438,434.010009765625,146.99000549316406,17.940000534057617,167.5399932861328,430.010009765625,145.72000122070312,15.729999542236328,169.27000427246094,433.7799987792969,145.72000122070312,15.770000457763672,7932100,68710400,20037200,0
2021-07-07,168.75999450683594,406.05963134765625,124.26876068115234,16.200000762939453,168.75999450683594,434.4599914550781,148.0399932861328,16.200000762939453,169.22999572753906,434.760009765625,148.55999755859375,17.639999389648438,168.19000244140625,431.510009765625,147.22000122070312,16.079999923706055,168.72000122070312,433.6600036621094,147.57000732421875,16.43000030517578,7108900,63549500,20964400,0
2021-07-08,168.64999389648438,402.75115966796875,124.75564575195312,19.0,168.64999389648438,430.9200134277344,148.6199951171875,19.0,169.86000061035156,431.7300109863281,149.44000244140625,21.290000915527344,167.91000366210938,427.5199890136719,148.1699981689453,17.739999771118164,169.82000732421875,428.7799987792969,148.8800048828125,17.739999771118164,7244300,97595200,17487800,0
2021-07-09,169.2100067138672,407.0503234863281,123.00126647949219,16.18000030517578,169.2100067138672,435.5199890136719,146.52999877929688,16.18000030517578,169.6199951171875,435.8399963378906,146.99000549316406,18.1299991607666,168.66000366210938,430.7099914550781,146.49000549316406,16.079999923706055,168.83999633789062,432.5299987792969,146.8699951171875,17.8799991607666,4997400,76238600,14483600,0
2021-07-12,169.0,408.5084533691406,122.84172821044922,16.170000076293945,169.0,437.0799865722656,146.33999633789062,16.170000076293945,169.16000366210938,437.3500061035156,147.22999572753906,17.520000457763672,167.63999938964844,434.9700012207031,146.1699981689453,16.139999389648438,168.6999969482422,435.42999267578125,147.08999633789062,16.850000381469727,7315400,52889600,10610400,0
2021-07-13,169.22000122070312,407.1157531738281,121.90159606933594,17.1200008392334,169.22000122070312,435.5899963378906,145.22000122070312,17.1200008392334,169.89999389648438,437.8399963378906,147.4600067138672,17.229999542236328,168.92999267578125,435.30999755859375,144.63999938964844,15.9399995803833,169.50999450683594,436.239990234375,146.82000732421875,16.389999389648438,7040300,52911300,23340200,0
2021-07-14,171.0399932861328,407.7232360839844,123.2866439819336,16.329999923706055,171.0399932861328,436.239990234375,146.8699951171875,16.329999923706055,171.0399932861328,437.9200134277344,146.9199981689453,17.510000228881836,170.27999877929688,434.9100036621094,145.80999755859375,15.949999809265137,170.91000366210938,437.3999938964844,146.00999450683594,17.34000015258789,8830300,64130400,16038600,0
2021-07-15,171.07000732421875,406.3306579589844,124.64649963378906,17.010000228881836,171.07000732421875,434.75,148.49000549316406,17.010000228881836,171.3000030517578,435.5299987792969,148.60000610351562,18.09000015258789,170.33999633789062,432.7200012207031,147.02999877929688,16.559999465942383,170.88999938964844,434.80999755859375,147.9499969482422,16.700000762939453,6520100,55126400,18462400,0
2021-07-16,169.41000366210938,403.1436767578125,124.4114990234375,18.450000762939453,169.41000366210938,431.3399963378906,148.2100067138672,18.450000762939453,170.9499969482422,436.05999755859375,148.33999633789062,18.700000762939453,169.27999877929688,430.9200134277344,147.32000732421875,16.030000686645508,170.64999389648438,436.010009765625,147.33999633789062,16.799999237060547,9460300,75874700,12787900,0
2021-07-19,169.61000061035156,397.18994140625,127.1396255493164,22.5,169.61000061035156,424.9700012207031,151.4600067138672,22.5,169.91000366210938,431.4100036621094,151.9499969482422,25.09000015258789,168.88999938964844,421.9700012207031,150.6199951171875,19.270000457763672,169.50999450683594,426.19000244140625,150.9499969482422,19.610000610351562,6707400,147987000,40203900,0
2021-07-20,169.38999938964844,402.8818664550781,125.91402435302734,19.729999542236328,169.38999938964844,431.05999755859375,150.0,19.729999542236328,170.8000030517578,432.4200134277344,152.7100067138672,22.969999313354492,168.9199981689453,424.8299865722656,149.75999450683594,19.3700008392334,170.50999450683594,425.67999267578125,152.52999877929688,20.889999389648438,6540100,99608200,25674800,0
2021-07-21,168.75999450683594,406.143798828125,124.31916046142578,17.90999984741211,168.75999450683594,434.54998779296875,148.10000610351562,17.90999984741211,169.0,434.70001220703125,148.5,19.81999969482422,168.13999938964844,431.010009765625,146.6699981689453,17.809999465942383,168.3300018310547,432.3399963378906,148.17999267578125,19.729999542236328,4622600,64724400,19988900,0
2021-07-22,169.08999633789062,406.9942932128906,125.49434661865234,17.690000534057617,169.08999633789062,435.4599914550781,149.5,17.690000534057617,169.19000244140625,435.7200012207031,149.80999755859375,18.450000762939453,168.05999755859375,433.69000244140625,148.05999755859375,17.399999618530273,168.49000549316406,434.739990234375,148.11000061035156,17.59000015258789,4793600,47878500,18136900,0
2021-07-23,168.55999755859375,411.18145751953125,124.65487670898438,17.200000762939453,168.55999755859375,439.94000244140625,148.5,17.200000762939453,168.8800048828125,440.29998779296875,148.66000366210938,17.479999542236328,167.9499969482422,436.7900085449219,147.88999938964844,16.329999923706055,168.5,437.5199890136719,147.94000244140625,16.979999542236328,5831500,63766600,12639300,0
2021-07-26,168.16000366210938,412.19085693359375,124.28545379638672,17.579999923706055,168.16000366210938,441.0199890136719,148.05999755859375,17.579999923706055,168.86000061035156,441.0299987792969,149.05999755859375,19.389999389648438,168.0800018310547,439.260009765625,147.8800048828125,17.530000686645508,168.5800018310547,439.30999755859375,149.0,18.670000076293945,5229800,43719200,10737700,0
2021-07-27,168.44000244140625,410.31231689453125,125.61186218261719,19.360000610351562,168.44000244140625,439.010009765625,149.63999938964844,19.360000610351562,168.91000366210938,439.94000244140625,149.69000244140625,20.440000534057617,167.92999267578125,435.989990234375,148.99000549316406,18.25,168.72999572753906,439.9100036621094,149.3300018310547,18.6200008392334,6300200,67397100,13036500,0
2021-07-28,169.2899932861328,410.14404296875,125.62024688720703,18.309999465942383,169.2899932861328,438.8299865722656,149.64999389648438,18.309999465942383,169.3800048828125,440.29998779296875,149.6699981689453,19.6200008392334,167.72000122070312,437.30999755859375,148.27000427246094,17.520000457763672,168.25999450683594,439.67999267578125,148.6699981689453,19.40999984741211,7905800,52472400,14346700,0
2021-07-29,171.1699981689453,411.844970703125,124.92352294921875,17.700000762939453,171.1699981689453,440.6499938964844,148.82000732421875,17.700000762939453,171.52000427246094,441.79998779296875,149.22000122070312,18.010000228881836,170.6699981689453,439.80999755859375,148.52999877929688,17.190000534057617,170.6999969482422,439.82000732421875,148.77999877929688,17.90999984741211,8119600,47435300,11532000,0
2021-07-30,169.82000732421875,409.844970703125,125.51106262207031,18.239999771118164,169.82000732421875,438.510009765625,149.52000427246094,18.239999771118164,170.99000549316406,440.05999755859375,149.72000122070312,19.719999313354492,169.3800048828125,437.7699890136719,149.05999755859375,17.530000686645508,170.72000122070312,437.9100036621094,149.1300048828125,19.690000534057617,7391700,68951200,14342100,0
2021-08-02,169.61000061035156,408.9850158691406,126.63062286376953,19.459999084472656,169.61000061035156,437.5899963378906,150.6699981689453,19.459999084472656,170.25,440.92999267578125,151.22999572753906,19.8700008392334,169.10000610351562,437.2099914550781,149.17999267578125,17.989999771118164,169.3000030517578,440.3399963378906,149.4499969482422,18.15999984741211,10783200,58783300,21232700,0
2021-08-03,169.49000549316406,412.3123779296875,126.69780731201172,18.040000915527344,169.49000549316406,441.1499938964844,150.75,18.040000915527344,169.8300018310547,441.2799987792969,151.22999572753906,20.440000534057617,169.2100067138672,436.1000061035156,150.38999938964844,17.700000762939453,169.4199981689453,438.44000244140625,150.75,19.170000076293945,5402300,58053900,13361900,0
2021-08-04,169.52999877929688,410.28424072265625,126.95841217041016,17.969999313354492,169.52999877929688,438.9800109863281,151.05999755859375,17.969999313354492,171.39999389648438,441.1199951171875,151.82000732421875,18.899999618530273,168.99000549316406,438.7300109863281,149.72000122070312,17.670000076293945,171.27999877929688,439.7799987792969,151.5,18.229999542236328,9796300,46732200,18267900,0
2021-08-05,168.86000061035156,412.88250732421875,126.311279296875,17.280000686645508,168.86000061035156,441.760009765625,150.2899932861328,17.280000686645508,169.44000244140625,441.8500061035156,150.9199981689453,17.84000015258789,168.1999969482422,439.8800048828125,150.0,17.229999542236328,169.3699951171875,440.2200012207031,150.75999450683594,17.729999542236328,8015000,38969700,15345400,0
2021-08-06,164.63999938964844,413.564697265625,124.20171356201172,16.149999618530273,164.63999938964844,442.489990234375,147.77999877929688,16.149999618530273,165.92999267578125,442.94000244140625,148.75999450683594,17.5,164.5500030517578,441.79998779296875,147.69000244140625,16.139999389648438,165.83999633789062,442.1000061035156,148.32000732421875,17.459999084472656,13547600,46930000,21144300,0
2021-08-09,161.72000122070312,413.2283630371094,123.75625610351562,16.719999313354492,161.72000122070312,442.1300048828125,147.25,16.719999313354492,163.2899932861328,442.79998779296875,148.55999755859375,17.389999389648438,161.25999450683594,441.30999755859375,147.22999572753906,16.59000015258789,163.00999450683594,442.4599914550781,148.14999389648438,17.1200008392334,11547000,41222600,12942400,0
2021-08-10,161.77000427246094,413.7423400878906,123.18472290039062,16.790000915527344,161.77000427246094,442.67999267578125,146.57000732421875,16.790000915527344,162.11000061035156,443.44000244140625,147.57000732421875,17.049999237060547,160.67999267578125,441.8800048828125,146.55999755859375,16.34000015258789,161.38999938964844,442.6099853515625,147.49000549316406,16.81999969482422,6870800,43339300,13716900,0
2021-08-11,164.0,414.7704162597656,123.10908508300781,16.170000076293945,164.0,443.7799987792969,146.47999572753906,16.170000076293945,164.1699981689453,443.8800048828125,147.22999572753906,17.09000015258789,162.67999267578125,442.6199951171875,145.7100067138672,16.06999969482422,163.14999389648438,443.82000732421875,146.41000366210938,16.809999465942383,7382400,44034300,17227600,0
2021-08-12,164.0399932861328,416.01348876953125,122.90740966796875,15.59000015258789,164.0399932861328,445.1099853515625,146.24000549316406,15.59000015258789,164.10000610351562,445.260009765625,146.44000244140625,16.420000076293945,162.92999267578125,442.6600036621094,145.42999267578125,15.489999771118164,163.64999389648438,443.6199951171875,146.08999633789062,16.329999923706055,5211700,38909400,14709400,0
2021-08-13,166.38999938964844,416.7705383300781,124.84884643554688,15.449999809265137,166.38999938964844,445.9200134277344,148.5500030517578,15.449999809265137,166.4600067138672,445.94000244140625,148.55999755859375,15.720000267028809,164.88999938964844,445.07000732421875,146.80999755859375,15.1899995803833,165.02000427246094,445.5899963378906,146.8300018310547,15.680000305175781,7466900,39470300,18653800,0
2021-08-16,167.22000122070312,417.75189208984375,125.15141296386719,16.1200008392334,167.22000122070312,446.9700012207031,148.91000366210938,16.1200008392334,167.38999938964844,447.1099853515625,150.02000427246094,17.709999084472656,166.58999633789062,442.8699951171875,148.80999755859375,16.020000457763672,166.72999572753906,444.5299987792969,149.19000244140625,17.049999237060547,7776500,73740000,19170900,0
2021-08-17,166.97000122070312,415.01336669921875,125.10092163085938,17.90999984741211,166.97000122070312,444.0400085449219,148.85000610351562,17.90999984741211,167.72999572753906,444.9599914550781,149.47000122070312,19.559999465942383,166.55999755859375,440.8500061035156,148.6699981689453,16.709999084472656,167.2899932861328,444.239990234375,148.8800048828125,17.309999465942383,7107000,92673900,14126900,0
2021-08-18,167.10000610351562,410.47119140625,125.52117156982422,21.56999969482422,167.10000610351562,439.17999267578125,149.35000610351562,21.56999969482422,167.50999450683594,444.6300048828125,149.47000122070312,21.639999389648438,166.25999450683594,438.9200134277344,148.4499969482422,17.309999465942383,167.24000549316406,442.9599914550781,148.7100067138672,17.559999465942383,7697900,89351900,13144000,0
2021-08-19,166.61000061035156,411.1066589355469,126.4457015991211,21.670000076293945,166.61000061035156,439.8599853515625,150.4499969482422,21.670000076293945,167.2899932861328,441.1400146484375,150.4600067138672,24.739999771118164,166.16000366210938,436.1199951171875,149.80999755859375,20.3700008392334,167.24000549316406,436.2699890136719,150.30999755859375,23.1200008392334,6934300,92812200,15474300,0
2021-08-20,166.6999969482422,414.37786865234375,126.52974700927734,18.559999465942383,166.6999969482422,443.3599853515625,150.5500030517578,18.559999465942383,167.13999938964844,443.7099914550781,150.80999755859375,23.899999618530273,166.36000061035156,439.7099914550781,150.11000061035156,18.18000030517578,166.8000030517578,440.2300109863281,150.58999633789062,22.739999771118164,7154000,72008700,12388400,0
2021-08-23,168.72999572753906,418.02294921875,126.4457015991211,17.149999618530273,168.72999572753906,447.260009765625,150.4499969482422,17.149999618530273,168.91000366210938,448.2300109863281,150.5,18.950000762939453,167.9600067138672,443.44000244140625,149.9199981689453,16.950000762939453,168.82000732421875,445.1600036621094,150.1999969482422,18.829999923706055,8190500,54973000,10615000,0
2021-08-24,168.64999389648438,418.6865234375,125.4623794555664,17.219999313354492,168.64999389648438,447.9700012207031,149.27999877929688,17.219999313354492,169.27000427246094,448.5400085449219,150.07000732421875,17.510000228881836,168.52000427246094,447.4200134277344,149.27999877929688,16.940000534057617,169.0399932861328,447.9700012207031,149.75999450683594,16.959999084472656,4519200,38744700,13835900,0
2021-08-25,167.47999572753906,419.5650939941406,124.42020416259766,16.790000915527344,167.47999572753906,448.9100036621094,148.0399932861328,16.790000915527344,167.9199981689453,449.4599914550781,149.3699951171875,17.5,166.74000549316406,447.7699890136719,147.5800018310547,16.459999084472656,167.8800048828125,448.1700134277344,149.2100067138672,17.420000076293945,5588800,40529700,16743800,0
2021-08-26,167.6699981689453,417.08831787109375,124.7647476196289,18.84000015258789,167.6699981689453,446.260009765625,148.4499969482422,18.84000015258789,168.2100067138672,448.8599853515625,148.57000732421875,19.270000457763672,166.8300018310547,446.1600036621094,147.50999450683594,17.15999984741211,167.2100067138672,448.6099853515625,147.97000122070312,17.459999084472656,4371900,57829600,16657400,0
2021-08-27,170.19000244140625,420.8175048828125,125.61365509033203,16.389999389648438,170.19000244140625,450.25,149.4600067138672,16.389999389648438,170.19000244140625,450.6499938964844,149.49000549316406,18.219999313354492,166.8699951171875,447.05999755859375,148.3300018310547,16.110000610351562,167.5800018310547,447.1199951171875,148.57000732421875,17.950000762939453,10036400,77235100,15384700,0
2021-08-30,169.35000610351562,422.6680908203125,125.9414291381836,16.190000534057617,169.35000610351562,452.2300109863281,149.85000610351562,16.190000534057617,169.83999633789062,453.07000732421875,149.89999389648438,16.799999237060547,169.08999633789062,450.7099914550781,148.92999267578125,15.979999542236328,169.66000366210938,450.9700012207031,148.99000549316406,16.770000457763672,3768600,48357400,10596300,0
2021-08-31,169.69000244140625,422.0418395996094,125.08415985107422,16.479999542236328,169.69000244140625,451.55999755859375,148.8300018310547,16.479999542236328,169.9199981689453,452.489990234375,150.08999633789062,17.06999969482422,168.75,450.9200134277344,148.5,15.90999984741211,169.22999572753906,452.1300048828125,149.6699981689453,15.979999542236328,6336000,59300200,15262400,0
2021-09-01,169.6999969482422,422.2661437988281,125.293701171875,16.110000610351562,169.6999969482422,451.79998779296875,148.88999938964844,16.110000610351562,170.0,453.1099853515625,149.38999938964844,16.709999084472656,169.16000366210938,451.54998779296875,148.49000549316406,15.680000305175781,169.94000244140625,452.55999755859375,149.27000427246094,16.059999465942383,4764900,48721400,10807100,0
2021-09-02,169.25,423.5653076171875,125.84066009521484,16.40999984741211,169.25,453.19000244140625,149.5399932861328,16.40999984741211,169.6300048828125,454.04998779296875,149.5500030517578,16.979999542236328,168.82000732421875,451.9100036621094,148.75,15.729999542236328,169.5,453.32000732421875,149.24000549316406,16.270000457763672,4599800,42501000,9765900,0
2021-09-03,171.05999755859375,423.4625244140625,124.69621276855469,16.40999984741211,171.05999755859375,453.0799865722656,148.17999267578125,16.40999984741211,171.5500030517578,453.6300048828125,148.50999450683594,17.059999465942383,170.14999389648438,451.54998779296875,147.94000244140625,16.079999923706055,170.58999633789062,451.9800109863281,148.27000427246094,16.270000457763672,8353300,47170500,12928000,0
2021-09-07,167.7100067138672,421.9483337402344,123.64430236816406,18.139999389648438,167.7100067138672,451.4599914550781,146.92999267578125,18.139999389648438,169.77999877929688,452.80999755859375,147.52000427246094,18.389999389648438,167.6300048828125,450.739990234375,146.66000366210938,16.889999389648438,169.55999755859375,452.7099914550781,147.25999450683594,16.940000534057617,10004600,51671500,15547800,0
2021-09-08,167.2899932861328,421.43438720703125,124.48584747314453,17.959999084472656,167.2899932861328,450.9100036621094,147.92999267578125,17.959999084472656,168.0800018310547,451.6700134277344,148.19000244140625,19.639999389648438,166.6999969482422,448.8599853515625,147.38999938964844,17.780000686645508,168.02000427246094,450.8900146484375,147.66000366210938,18.969999313354492,6576000,56181900,14533700,0
2021-09-09,168.02999877929688,419.6305236816406,125.99217987060547,18.799999237060547,168.02999877929688,448.9800109863281,149.72000122070312,18.799999237060547,168.27999877929688,452.57000732421875,149.88999938964844,19.540000915527344,166.8300018310547,448.7200012207031,147.85000610351562,17.170000076293945,168.1699981689453,450.70001220703125,148.1699981689453,19.440000534057617,6641400,57970400,20324600,0
2021-09-10,167.17999267578125,416.3218994140625,124.88136291503906,20.950000762939453,167.17999267578125,445.44000244140625,148.39999389648438,20.950000762939453,168.0800018310547,451.489990234375,149.1699981689453,21.1299991607666,167.14999389648438,445.30999755859375,148.16000366210938,16.989999771118164,167.80999755859375,451.0400085449219,148.89999389648438,17.940000534057617,7426300,89948200,14894600,0
2021-09-13,167.74000549316406,417.3872985839844,125.63871765136719,19.3700008392334,167.74000549316406,446.5799865722656,149.3000030517578,19.3700008392334,168.22000122070312,448.9200134277344,149.49000549316406,21.18000030517578,167.39999389648438,444.1099853515625,148.9499969482422,18.760000228881836,167.4499969482422,448.6400146484375,149.0399932861328,19.639999389648438,5474300,83738600,15036100,0
2021-09-14,168.82000732421875,415.1349182128906,127.1618423461914,19.459999084472656,168.82000732421875,444.1700134277344,151.11000061035156,19.459999084472656,169.16000366210938,448.3399963378906,151.57000732421875,20.469999313354492,167.47999572753906,443.2200012207031,149.5800018310547,18.389999389648438,168.22000122070312,448.1199951171875,149.72999572753906,19.579999923706055,7922900,78197100,19918400,0
2021-09-15,167.8300018310547,418.6024169921875,126.71592712402344,18.18000030517578,167.8300018310547,447.8800048828125,150.5800018310547,18.18000030517578,168.36000061035156,448.4100036621094,151.25,20.270000457763672,167.4499969482422,443.44000244140625,149.92999267578125,18.010000228881836,168.1300048828125,444.6199951171875,151.2100067138672,19.299999237060547,5624900,78792200,11940300,0
2021-09-16,164.02999877929688,417.9387512207031,126.13526153564453,18.690000534057617,164.02999877929688,447.1700134277344,149.88999938964844,18.690000534057617,164.44000244140625,448.3599853515625,150.4499969482422,19.760000228881836,163.22999572753906,444.0199890136719,149.5,17.649999618530273,164.3800048828125,447.32000732421875,149.6699981689453,18.40999984741211,11780400,77786700,13328900,0
2021-09-17,163.77000427246094,413.8676452636719,125.52935028076172,20.809999465942383,163.77000427246094,441.3999938964844,149.1699981689453,20.809999465942383,164.32000732421875,445.3699951171875,149.36000061035156,21.510000228881836,163.39999389648438,441.0199890136719,148.6999969482422,18.350000381469727,163.86000061035156,444.9200134277344,149.17999267578125,18.3700008392334,8369700,118425000,13782900,0
2021-09-20,164.94000244140625,406.9668273925781,127.08614349365234,25.709999084472656,164.94000244140625,434.0400085449219,151.02000427246094,25.709999084472656,165.27999877929688,436.55999755859375,151.3699951171875,28.790000915527344,164.07000732421875,428.8599853515625,150.22999572753906,23.899999618530273,164.2899932861328,434.8800048828125,150.57000732421875,24.25,7566600,166445500,14660400,0
2021-09-21,166.0399932861328,406.5823669433594,126.97674560546875,24.360000610351562,166.0399932861328,433.6300048828125,150.88999938964844,24.360000610351562,166.6300048828125,437.9100036621094,150.9600067138672,25.600000381469727,165.49000549316406,433.07000732421875,150.1999969482422,21.709999084472656,165.80999755859375,436.5299987792969,150.7100067138672,23.40999984741211,7181500,92526100,10035800,0
2021-09-22,165.4199981689453,410.54852294921875,127.7341079711914,20.8700008392334,165.4199981689453,437.8599853515625,151.7899932861328,20.8700008392334,167.14999389648438,440.0299987792969,151.7899932861328,23.399999618530273,165.02999877929688,433.75,150.44000244140625,20.75,165.88999938964844,436.04998779296875,150.7899932861328,22.719999313354492,9777800,102350100,22277800,0
2021-09-23,163.50999450683594,415.53662109375,124.8476791381836,18.6299991607666,163.50999450683594,443.17999267578125,148.36000061035156,18.6299991607666,164.1999969482422,444.8900146484375,150.4499969482422,20.209999084472656,163.27000427246094,439.6000061035156,148.33999633789062,18.420000076293945,164.10000610351562,439.8500061035156,150.4199981689453,19.90999984741211,8451900,76396000,23853300,0
2021-09-24,163.3000030517578,416.2211608886719,123.62751007080078,17.75,163.3000030517578,443.9100036621094,146.91000366210938,17.75,164.0,444.6700134277344,147.85000610351562,20.40999984741211,162.74000549316406,441.2099914550781,146.74000549316406,17.6299991607666,163.0,441.44000244140625,147.83999633789062,19.329999923706055,6937500,62094800,20203900,0
2021-09-27,163.63999938964844,415.0303649902344,123.17303466796875,18.760000228881836,163.63999938964844,442.6400146484375,146.3699951171875,18.760000228881836,164.36000061035156,444.04998779296875,146.8699951171875,19.31999969482422,163.50999450683594,441.8999938964844,145.8800048828125,17.739999771118164,163.85000610351562,442.80999755859375,146.05999755859375,17.780000686645508,4943000,61371100,13464300,0
2021-09-28,162.0500030517578,406.66668701171875,121.2543716430664,23.25,162.0500030517578,433.7200012207031,144.08999633789062,23.25,162.82000732421875,440.0400085449219,145.07000732421875,24.81999969482422,161.72999572753906,432.94000244140625,143.63999938964844,19.709999084472656,162.72999572753906,439.69000244140625,144.3300018310547,19.739999771118164,9282800,130436300,26613500,0
2021-09-29,161.32000732421875,407.3511047363281,121.46476745605469,22.559999465942383,161.32000732421875,434.45001220703125,144.33999633789062,22.559999465942383,162.74000549316406,437.0400085449219,145.42999267578125,23.790000915527344,160.97000122070312,433.8500061035156,143.69000244140625,21.450000762939453,162.35000610351562,435.19000244140625,144.8000030517578,22.06999969482422,8360700,82329200,23569400,0
2021-09-30,164.22000122070312,402.37237548828125,121.44792175292969,23.139999389648438,164.22000122070312,429.1400146484375,144.32000732421875,23.139999389648438,164.9499969482422,436.7699890136719,144.50999450683594,24.709999084472656,162.33999633789062,428.7799987792969,143.64999389648438,20.600000381469727,162.66000366210938,436.0199890136719,144.10000610351562,21.479999542236328,10572900,140506000,22567600,0
2021-10-01,164.58999633789062,407.154296875,122.47001647949219,21.100000381469727,164.58999633789062,434.239990234375,145.35000610351562,21.100000381469727,164.9600067138672,436.0299987792969,145.39999389648438,24.889999389648438,163.88999938964844,427.2300109863281,144.1999969482422,20.850000381469727,164.27000427246094,430.9800109863281,144.85000610351562,24.780000686645508,6654700,129240100,26151800,0
2021-10-04,165.36000061035156,401.903564453125,122.15824890136719,22.959999084472656,165.36000061035156,428.6400146484375,144.97999572753906,22.959999084472656,165.5399932861328,433.9599914550781,145.4600067138672,24.579999923706055,163.47000122070312,426.3599853515625,144.10000610351562,21.8799991607666,163.69000244140625,433.0,144.6699981689453,22.899999618530273,7651700,128570000,28027600,0
2021-10-05,164.58999633789062,406.08544921875,120.97859191894531,21.299999237060547,164.58999633789062,433.1000061035156,143.5800018310547,21.299999237060547,164.85000610351562,435.489990234375,144.6999969482422,23.170000076293945,163.49000549316406,429.3900146484375,143.4600067138672,20.6200008392334,163.94000244140625,430.239990234375,144.60000610351562,22.920000076293945,5617300,90682500,22659200,0
2021-10-06,165.02999877929688,407.77301025390625,121.66114807128906,21.0,165.02999877929688,434.8999938964844,144.38999938964844,21.0,165.05999755859375,435.1199951171875,144.72000122070312,24.399999618530273,164.14999389648438,427.5400085449219,144.02999877929688,20.989999771118164,164.22999572753906,429.2699890136719,144.22999572753906,22.950000762939453,6067200,113032200,18696500,0
2021-10-07,164.16000366210938,411.298583984375,120.38880920410156,19.540000915527344,164.16000366210938,438.6600036621094,142.8800048828125,19.540000915527344,164.85000610351562,441.67999267578125,143.33999633789062,20.760000228881836,163.9600067138672,438.20001220703125,142.58999633789062,19.06999969482422,164.02000427246094,438.3900146484375,143.19000244140625,20.540000915527344,4791500,72437500,14856000,0
2021-10-08,164.22999572753906,410.54852294921875,119.54622650146484,18.770000457763672,164.22999572753906,437.8599853515625,141.8800048828125,18.770000457763672,166.4199981689453,439.8900146484375,142.35000610351562,19.940000534057617,164.13999938964844,437.19000244140625,141.52999877929688,18.200000762939453,166.32000732421875,439.4800109863281,142.25999450683594,19.459999084472656,8536100,74557400,17257800,0
2021-10-11,163.9199981689453,407.576171875,119.2428970336914,20.0,163.9199981689453,434.69000244140625,141.52000427246094,20.0,164.5800018310547,440.260009765625,141.89999389648438,20.450000762939453,163.91000366210938,434.6199951171875,141.4499969482422,18.110000610351562,164.0399932861328,437.1600036621094,141.60000610351562,19.93000030517578,3820100,65233300,7213400,0
2021-10-12,164.66000366210938,406.572998046875,121.28196716308594,19.850000381469727,164.66000366210938,433.6199951171875,143.94000244140625,19.850000381469727,165.44000244140625,436.1000061035156,144.00999450683594,20.809999465942383,164.30999755859375,432.7799987792969,142.47999572753906,18.969999313354492,164.57000732421875,435.6700134277344,142.6300048828125,20.6200008392334,5453000,71181200,17968700,0
2021-10-13,167.58999633789062,408.03564453125,122.4615707397461,18.639999389648438,167.58999633789062,435.17999267578125,145.33999633789062,18.639999389648438,167.9199981689453,436.04998779296875,145.52999877929688,20.229999542236328,165.27999877929688,431.5400085449219,144.5800018310547,18.440000534057617,165.27999877929688,434.7099914550781,144.61000061035156,20.139999389648438,11113800,72974000,23584600,0
2021-10-14,168.0,414.8990478515625,122.91656494140625,16.860000610351562,168.0,442.5,145.8800048828125,16.860000610351562,168.22000122070312,442.6600036621094,145.9600067138672,18.079999923706055,167.7100067138672,438.5799865722656,144.9499969482422,16.799999237060547,168.19000244140625,439.0799865722656,145.3699951171875,18.010000228881836,5081400,70236800,12946400,0
2021-10-15,165.3300018310547,418.0588684082031,122.20039367675781,16.299999237060547,165.3300018310547,445.8699951171875,145.02999877929688,16.299999237060547,166.08999633789062,446.260009765625,145.13999938964844,16.850000381469727,165.10000610351562,444.0899963378906,144.47000122070312,15.720000267028809,165.38999938964844,444.75,145.0,16.639999389648438,8699200,66260200,11811500,0
2021-10-18,164.9199981689453,419.2964782714844,122.7733383178711,16.309999465942383,164.9199981689453,447.19000244140625,145.7100067138672,16.309999465942383,165.58999633789062,447.54998779296875,146.0,17.93000030517578,164.80999755859375,443.2699890136719,144.52000427246094,16.270000457763672,165.4199981689453,443.9700012207031,145.0,17.290000915527344,4029600,62213200,12115900,0
2021-10-19,165.4499969482422,422.5313720703125,121.07975006103516,15.699999809265137,165.4499969482422,450.6400146484375,143.6999969482422,15.699999809265137,166.5,450.7099914550781,144.72999572753906,16.309999465942383,165.1999969482422,448.2699890136719,143.64999389648438,15.569999694824219,166.5,448.9200134277344,144.66000366210938,16.09000015258789,6588500,46996800,12156300,0
2021-10-20,166.89999389648438,424.1908874511719,120.26242065429688,15.489999771118164,166.89999389648438,452.4100036621094,142.72999572753906,15.489999771118164,167.11000061035156,452.7300109863281,143.67999267578125,15.890000343322754,165.92999267578125,451.010009765625,142.50999450683594,15.289999961853027,166.2100067138672,451.1300048828125,143.25,15.819999694824219,5022000,49571600,12782500,0
2021-10-21,166.75,425.2973327636719,120.11919403076172,15.010000228881836,166.75,453.5899963378906,142.55999755859375,15.010000228881836,166.94000244140625,453.8299865722656,143.14999389648438,16.110000610351562,166.24000549316406,451.30999755859375,142.22999572753906,14.920000076293945,166.6999969482422,451.7699890136719,143.0,16.059999465942383,4412400,41305400,13660000,0
2021-10-22,167.77000427246094,424.856689453125,121.44210815429688,15.430000305175781,167.77000427246094,453.1199951171875,144.1300048828125,15.430000305175781,169.5399932861328,454.6700134277344,144.39999389648438,16.389999389648438,166.6699981689453,451.04998779296875,143.2100067138672,14.84000015258789,168.6699981689453,453.1300048828125,143.4499969482422,15.350000381469727,10703900,58845100,13740000,0
2021-10-25,168.92999267578125,427.13507080078125,121.2567138671875,15.239999771118164,168.92999267578125,455.54998779296875,143.91000366210938,15.239999771118164,169.2100067138672,455.8999938964844,144.3000030517578,16.329999923706055,168.52999877929688,452.3900146484375,143.6300048828125,15.100000381469727,168.66000366210938,454.2799987792969,143.6699981689453,16.139999389648438,4881300,45214500,8137900,0
2021-10-26,167.67999267578125,427.5195007324219,122.25939178466797,15.979999542236328,167.67999267578125,455.9599914550781,145.10000610351562,15.979999542236328,167.91000366210938,458.489990234375,145.10000610351562,16.709999084472656,166.6300048828125,455.55999755859375,143.74000549316406,14.899999618530273,167.8800048828125,457.20001220703125,144.6199951171875,15.020000457763672,6658900,56075100,13671000,0
2021-10-27,168.1199951171875,425.62554931640625,124.48382568359375,16.979999542236328,168.1199951171875,453.94000244140625,147.74000549316406,16.979999542236328,168.1999969482422,457.1600036621094,148.17999267578125,17.290000915527344,166.86000061035156,453.8599853515625,145.92999267578125,15.539999961853027,167.72999572753906,456.45001220703125,146.39999389648438,15.789999961853027,5823100,72438000,22092300,0
2021-10-28,168.0800018310547,429.73236083984375,124.06254577636719,16.530000686645508,168.0800018310547,458.32000732421875,147.24000549316406,16.530000686645508,169.25,458.3999938964844,148.3300018310547,17.15999984741211,167.52999877929688,455.45001220703125,146.83999633789062,16.229999542236328,168.97999572753906,455.4599914550781,147.7899932861328,17.059999465942383,7000700,51437900,17497600,0
2021-10-29,166.64999389648438,430.604248046875,124.44169616699219,16.260000228881836,166.64999389648438,459.25,147.69000244140625,16.260000228881836,166.72999572753906,459.55999755859375,148.0,18.059999465942383,165.63999938964844,455.55999755859375,146.32000732421875,16.1299991607666,166.2899932861328,455.8699951171875,146.47000122070312,17.399999618530273,7531900,70162400,19087300,0
2021-11-01,167.52000427246094,431.3449401855469,123.54572296142578,16.40999984741211,167.52000427246094,460.0400085449219,146.44000244140625,16.40999984741211,167.83999633789062,460.70001220703125,146.75999450683594,17.700000762939453,166.91000366210938,458.20001220703125,145.6999969482422,16.31999969482422,167.3800048828125,460.29998779296875,145.8000030517578,16.850000381469727,4975600,48433600,18035500,0
2021-11-02,167.16000366210938,433.0889892578125,124.09407043457031,16.030000686645508,167.16000366210938,461.8999938964844,147.08999633789062,16.030000686645508,167.6300048828125,462.2300109863281,147.57000732421875,16.649999618530273,166.9600067138672,460.0799865722656,146.5,15.890000343322754,167.42999267578125,460.2200012207031,146.5,16.540000915527344,3760700,48908400,9836700,0
2021-11-03,165.77000427246094,435.73309326171875,122.811767578125,15.100000381469727,165.77000427246094,464.7200012207031,145.57000732421875,15.100000381469727,165.9499969482422,465.1499938964844,147.97999572753906,16.389999389648438,164.3800048828125,460.8299865722656,145.52999877929688,14.899999618530273,165.33999633789062,461.29998779296875,147.82000732421875,16.110000610351562,9055200,52509800,20639400,0
2021-11-04,167.64999389648438,437.7864685058594,124.10252380371094,15.4399995803833,167.64999389648438,466.9100036621094,147.10000610351562,15.4399995803833,168.13999938964844,467.0,147.36000061035156,16.139999389648438,167.3699951171875,464.989990234375,145.85000610351562,14.729999542236328,167.50999450683594,465.3599853515625,145.8699951171875,15.0600004196167,6656100,52847100,15922400,0
2021-11-05,169.83999633789062,439.305419921875,125.95854187011719,16.479999542236328,169.83999633789062,468.5299987792969,149.3000030517578,16.479999542236328,169.94000244140625,470.6499938964844,149.5800018310547,17.020000457763672,167.85000610351562,466.9200134277344,148.1300048828125,14.949999809265137,168.4199981689453,469.2799987792969,148.52000427246094,15.59000015258789,9368900,66390600,21513000,0
2021-11-08,170.4499969482422,439.6805114746094,125.72233581542969,17.219999313354492,170.4499969482422,468.92999267578125,149.02000427246094,17.219999313354492,170.6999969482422,470.2300109863281,149.27999877929688,17.690000534057617,170.05999755859375,468.20001220703125,148.50999450683594,16.440000534057617,170.42999267578125,469.70001220703125,148.9600067138672,17.229999542236328,4966100,50405200,12083800,0
2021-11-09,171.2899932861328,438.2271728515625,127.35907745361328,17.780000686645508,171.2899932861328,467.3800048828125,150.9600067138672,17.780000686645508,171.30999755859375,469.57000732421875,151.77000427246094,18.56999969482422,170.1199951171875,465.8800048828125,150.63999938964844,17.209999084472656,170.72999572753906,469.32000732421875,150.8000030517578,17.43000030517578,5781200,51149100,23430200,0
2021-11-10,173.14999389648438,434.7016906738281,125.0305404663086,18.729999542236328,173.14999389648438,463.6199951171875,148.1999969482422,18.729999542236328,174.64999389648438,467.3800048828125,150.92999267578125,19.899999618530273,172.11000061035156,462.0400085449219,147.02999877929688,17.219999313354492,173.6699981689453,465.5799865722656,150.8300018310547,17.739999771118164,11461800,69429700,28170600,0
2021-11-11,174.1199951171875,434.84234619140625,124.84490966796875,17.65999984741211,174.1199951171875,463.7699890136719,147.97999572753906,17.65999984741211,174.27000427246094,465.2900085449219,148.66000366210938,18.389999389648438,173.74000549316406,463.75,147.88999938964844,17.270000457763672,173.97999572753906,465.2099914550781,148.50999450683594,18.34000015258789,5959600,34848500,5552500,0
2021-11-12,174.4499969482422,438.12408447265625,124.29653930664062,16.290000915527344,174.4499969482422,467.2699890136719,147.3300018310547,16.290000915527344,174.6699981689453,467.8599853515625,148.50999450683594,17.690000534057617,173.39999389648438,464.1099853515625,146.75999450683594,16.149999618530273,173.50999450683594,465.1199951171875,148.0,17.489999771118164,7894800,53466700,12712000,0
2021-11-15,174.17999267578125,438.2740173339844,122.73578643798828,16.489999771118164,174.17999267578125,467.42999267578125,145.47999572753906,16.489999771118164,174.58999633789062,468.80999755859375,146.9600067138672,17.459999084472656,173.69000244140625,466.2300109863281,145.22000122070312,16.489999771118164,174.10000610351562,468.6400146484375,146.88999938964844,17.030000686645508,5630800,46980500,15232700,0
2021-11-16,172.9199981689453,440.0086669921875,122.42367553710938,16.3700008392334,172.9199981689453,469.2799987792969,145.11000061035156,16.3700008392334,174.47999572753906,470.489990234375,146.3800048828125,17.079999923706055,172.86000061035156,467.07000732421875,144.85000610351562,16.030000686645508,173.97000122070312,467.1499938964844,145.69000244140625,16.860000610351562,8667300,48857500,12998700,0
2021-11-17,174.5,438.9398193359375,123.39385223388672,17.110000610351562,174.5,468.1400146484375,146.25999450683594,17.110000610351562,174.61000061035156,469.19000244140625,146.2899932861328,17.190000534057617,173.88999938964844,467.4800109863281,144.4600067138672,16.280000686645508,174.24000549316406,469.0,144.57000732421875,16.360000610351562,6523100,47858300,14239900,0
2021-11-18,173.94000244140625,440.43060302734375,123.8578109741211,17.59000015258789,173.94000244140625,469.7300109863281,146.80999755859375,17.59000015258789,174.36000061035156,470.010009765625,146.89999389648438,18.149999618530273,173.52999877929688,466.3399963378906,145.9499969482422,16.3799991607666,173.9600067138672,469.239990234375,145.99000549316406,16.809999465942383,6252000,50625600,11054600,0
2021-11-19,172.61000061035156,439.6429443359375,125.16555786132812,17.90999984741211,172.61000061035156,468.8900146484375,148.36000061035156,17.90999984741211,174.10000610351562,470.94000244140625,148.60000610351562,19.010000228881836,172.24000549316406,468.5,147.5800018310547,17.229999542236328,173.69000244140625,469.6099853515625,147.5800018310547,17.360000610351562,8785600,57315600,14022100,0
2021-11-22,168.74000549316406,438.4053039550781,123.69754791259766,19.170000076293945,168.74000549316406,467.57000732421875,146.6199951171875,19.170000076293945,170.44000244140625,473.5400085449219,147.63999938964844,19.59000015258789,168.4199981689453,467.3500061035156,146.1300048828125,17.350000381469727,169.89999389648438,470.8900146484375,147.39999389648438,18.200000762939453,13091900,72762000,15266000,0
2021-11-23,167.27999877929688,438.9866638183594,121.90902709960938,19.3799991607666,167.27999877929688,468.19000244140625,144.5,19.3799991607666,167.60000610351562,469.1000061035156,146.11000061035156,20.90999984741211,166.52999877929688,464.45001220703125,144.5,19.030000686645508,167.27999877929688,467.2200012207031,145.92999267578125,20.239999771118164,8047800,73206500,15318500,0
2021-11-24,167.1199951171875,440.15875244140625,123.86627197265625,18.579999923706055,167.1199951171875,469.44000244140625,146.82000732421875,18.579999923706055,167.44000244140625,469.57000732421875,146.82000732421875,20.959999084472656,166.32000732421875,465.19000244140625,144.7899932861328,18.520000457763672,166.5800018310547,466.05999755859375,144.94000244140625,19.170000076293945,5359500,61858800,13769700,0
2021-11-26,166.85000610351562,430.341796875,126.99629211425781,28.6200008392334,166.85000610351562,458.9700012207031,150.52999877929688,28.6200008392334,168.63999938964844,463.8999938964844,150.67999267578125,28.989999771118164,166.3699951171875,457.7699890136719,148.6699981689453,23.8799991607666,168.60000610351562,462.3399963378906,148.8300018310547,26.6200008392334,9605200,112669600,20064800,0
2021-11-29,166.6199951171875,435.6205749511719,125.9754409790039,22.959999084472656,166.6199951171875,464.6000061035156,149.32000732421875,22.959999084472656,167.25999450683594,466.55999755859375,149.63999938964844,25.690000534057617,166.3800048828125,461.7300109863281,148.1699981689453,21.709999084472656,166.83999633789062,464.07000732421875,148.30999755859375,25.309999465942383,7394900,86268800,23234200,0
2021-11-30,165.5,427.1444091796875,127.89057922363281,27.190000534057617,165.5,455.55999755859375,151.58999633789062,27.190000534057617,169.00999450683594,464.0299987792969,152.07000732421875,28.559999465942383,165.3699951171875,455.29998779296875,150.25,23.709999084472656,167.77000427246094,462.0,150.8300018310547,26.229999542236328,12925300,148559600,31481100,0
2021-12-01,166.16000366210938,422.4000549316406,128.67947387695312,31.1200008392334,166.16000366210938,450.5,152.33999633789062,31.1200008392334,167.47000122070312,464.6700134277344,152.41000366210938,32.61000061035156,166.05999755859375,450.2900085449219,149.7899932861328,22.3799991607666,166.83999633789062,461.6400146484375,150.49000549316406,24.920000076293945,7808600,131939200,30826500,0
2021-12-02,165.24000549316406,428.8696594238281,128.8399658203125,27.950000762939453,165.24000549316406,457.3999938964844,152.52999877929688,27.950000762939453,165.94000244140625,459.07000732421875,152.99000549316406,30.68000030517578,164.6300048828125,450.30999755859375,150.75999450683594,27.149999618530273,165.88999938964844,450.7300109863281,152.92999267578125,29.440000534057617,9604100,127637800,17754200,0
2021-12-03,166.6300048828125,425.1378479003906,130.37725830078125,30.670000076293945,166.6300048828125,453.4200134277344,154.35000610351562,30.670000076293945,166.92999267578125,460.29998779296875,155.1199951171875,35.31999969482422,165.0,448.9200134277344,151.35000610351562,25.889999389648438,165.49000549316406,459.1700134277344,151.67999267578125,26.950000762939453,9507900,137331600,34427100,0
2021-12-06,166.22000122070312,430.1729736328125,128.58657836914062,27.18000030517578,166.22000122070312,458.7900085449219,152.22999572753906,27.18000030517578,166.8000030517578,460.7900085449219,154.35000610351562,30.81999969482422,165.92999267578125,453.55999755859375,151.92999267578125,26.75,166.13999938964844,456.1300048828125,154.0500030517578,28.989999771118164,4813600,98977500,30924200,0
2021-12-07,166.80999755859375,439.071044921875,127.547607421875,21.889999389648438,166.80999755859375,468.2799987792969,151.0,21.889999389648438,167.0800018310547,468.8800048828125,152.52999877929688,24.690000534057617,166.17999267578125,458.6499938964844,150.86000061035156,21.579999923706055,166.1999969482422,464.4100036621094,151.72000122070312,24.579999923706055,4900700,95484700,22115900,0
2021-12-08,166.89999389648438,440.2337646484375,125.34296417236328,19.899999618530273,166.89999389648438,469.5199890136719,148.38999938964844,19.899999618530273,166.9600067138672,470.0,150.47999572753906,23.110000610351562,166.27999877929688,466.8299865722656,148.36000061035156,19.850000381469727,166.50999450683594,468.70001220703125,150.47000122070312,21.739999771118164,4288900,72238800,33633900,0
2021-12-09,165.8800048828125,437.2613830566406,126.04401397705078,21.579999923706055,165.8800048828125,466.3500061035156,149.22000122070312,21.579999923706055,166.5800018310547,469.6300048828125,149.83999633789062,22.1200008392334,165.64999389648438,466.1400146484375,148.47999572753906,19.940000534057617,166.5399932861328,468.1499938964844,149.33999633789062,20.309999465942383,4913800,61272600,17544900,0
2021-12-10,166.5800018310547,441.37762451171875,125.7399673461914,18.690000534057617,166.5800018310547,470.739990234375,148.86000061035156,18.690000534057617,166.9199981689453,470.8999938964844,150.24000549316406,21.299999237060547,166.17999267578125,466.510009765625,148.80999755859375,18.690000534057617,166.72000122070312,469.2300109863281,149.9199981689453,21.270000457763672,6450600,77159800,14298700,0
2021-12-13,167.0,437.4676818847656,127.5982437133789,20.309999465942383,167.0,466.57000732421875,151.05999755859375,20.309999465942383,167.25999450683594,470.55999755859375,151.30999755859375,21.18000030517578,166.6699981689453,466.2699890136719,150.30999755859375,18.959999084472656,166.89999389648438,470.19000244140625,150.38999938964844,19.290000915527344,6610700,87724700,17860500,0
2021-12-14,165.44000244140625,434.4578857421875,127.29415893554688,21.889999389648438,165.44000244140625,463.3599853515625,150.6999969482422,21.889999389648438,166.13999938964844,465.739990234375,150.92999267578125,23.0,165.16000366210938,460.25,149.30999755859375,19.670000076293945,165.33999633789062,463.0899963378906,150.3699951171875,19.670000076293945,8637900,97264100,14015500,0
2021-12-15,166.14999389648438,441.2463073730469,126.06941223144531,19.290000915527344,166.14999389648438,470.6000061035156,149.25,19.290000915527344,166.39999389648438,470.8599853515625,150.7899932861328,23.469999313354492,163.8000030517578,460.739990234375,149.1300048828125,19.020000457763672,165.27000427246094,463.4200134277344,149.61000061035156,21.600000381469727,14231200,116899300,25383900,0
2021-12-16,168.16000366210938,437.35516357421875,126.11842346191406,20.56999969482422,168.16000366210938,466.45001220703125,149.13999938964844,20.56999969482422,168.17999267578125,472.8699951171875,149.8800048828125,22.1299991607666,166.94000244140625,464.79998779296875,148.72999572753906,18.190000534057617,167.00999450683594,472.57000732421875,148.75,18.559999465942383,11186200,116568600,18677900,0
2021-12-17,167.8000030517578,432.7004699707031,127.54759216308594,21.56999969482422,167.8000030517578,459.8699951171875,150.8300018310547,21.56999969482422,169.1300048828125,464.739990234375,150.97999572753906,23.260000228881836,167.77999877929688,458.05999755859375,150.16000366210938,20.489999771118164,168.72999572753906,461.54998779296875,150.33999633789062,20.700000762939453,9856900,135511600,18093500,0
2021-12-20,167.08999633789062,428.099365234375,126.59203338623047,22.8700008392334,167.08999633789062,454.9800109863281,149.6999969482422,22.8700008392334,168.0,455.3999938964844,151.02000427246094,27.389999389648438,167.05999755859375,451.1400146484375,149.60000610351562,22.850000381469727,167.8800048828125,454.4800109863281,150.75,25.889999389648438,6973000,107134800,17147300,0
2021-12-21,167.02000427246094,435.7019958496094,126.11002349853516,21.010000228881836,167.02000427246094,463.05999755859375,149.1300048828125,21.010000228881836,167.77999877929688,463.2099914550781,149.1999969482422,22.68000030517578,166.74000549316406,456.30999755859375,147.6199951171875,20.899999618530273,167.69000244140625,458.6099853515625,148.13999938964844,22.280000686645508,4548500,69806300,16598200,0
2021-12-22,168.58999633789062,440.0584716796875,126.69349670410156,18.6299991607666,168.58999633789062,467.69000244140625,149.82000732421875,18.6299991607666,168.63999938964844,467.80999755859375,149.86000061035156,21.360000610351562,167.11000061035156,462.5799865722656,149.02000427246094,18.59000015258789,167.5800018310547,462.7900085449219,149.72999572753906,21.040000915527344,4672900,58890200,12253900,0
2021-12-23,168.97000122070312,442.7965393066406,125.59416961669922,17.959999084472656,168.97000122070312,470.6000061035156,148.52000427246094,17.959999084472656,169.16000366210938,472.19000244140625,149.60000610351562,18.93000030517578,168.00999450683594,468.6400146484375,148.02999877929688,17.6200008392334,168.69000244140625,468.75,149.58999633789062,18.809999465942383,4551100,56439700,11642500,0
2021-12-27,169.3699951171875,449.06298828125,125.89856719970703,17.68000030517578,169.3699951171875,477.260009765625,148.8800048828125,17.68000030517578,169.4199981689453,477.30999755859375,149.00999450683594,19.40999984741211,168.77999877929688,472.010009765625,148.32000732421875,17.549999237060547,168.9600067138672,472.05999755859375,148.4600067138672,19.3700008392334,4760300,56808600,7821800,0
2021-12-28,168.63999938964844,448.69610595703125,125.399658203125,17.540000915527344,168.63999938964844,476.8699951171875,148.2899932861328,17.540000915527344,169.64999389648438,478.80999755859375,149.77999877929688,18.469999313354492,168.6199951171875,476.05999755859375,148.00999450683594,17.510000228881836,169.3300018310547,477.7200012207031,149.60000610351562,17.780000686645508,4541900,47274600,9174600,0
2021-12-29,168.58999633789062,449.2700500488281,124.02973937988281,16.950000762939453,168.58999633789062,477.4800109863281,146.6699981689453,16.950000762939453,168.69000244140625,478.55999755859375,147.30999755859375,18.0,167.27999877929688,475.9200134277344,146.41000366210938,16.709999084472656,167.36000061035156,476.9800109863281,146.91000366210938,17.6299991607666,5889700,54503000,11771200,0
2021-12-30,169.8000030517578,448.0280456542969,125.06980895996094,17.329999923706055,169.8000030517578,476.1600036621094,147.89999389648438,17.329999923706055,169.80999755859375,479.0,147.97000122070312,17.790000915527344,168.3699951171875,475.6700134277344,146.4499969482422,16.6200008392334,168.42999267578125,477.92999267578125,147.25,17.299999237060547,5426300,55329000,10355000,0
2021-12-31,170.9600067138672,446.89886474609375,125.31509399414062,17.219999313354492,170.9600067138672,474.9599914550781,148.19000244140625,17.219999313354492,171.0399932861328,476.8599853515625,149.02999877929688,18.270000457763672,170.0399932861328,474.6700134277344,147.42999267578125,16.989999771118164,170.52999877929688,475.6400146484375,147.80999755859375,17.6299991607666,7039300,65237400,13402300,0
2022-01-03,168.3300018310547,449.4864501953125,122.02558898925781,16.600000381469727,168.3300018310547,477.7099914550781,144.3000030517578,16.600000381469727,169.00999450683594,477.8500061035156,146.94000244140625,18.540000915527344,168.0,473.8500061035156,144.27999877929688,16.559999465942383,168.86000061035156,476.29998779296875,146.41000366210938,17.600000381469727,9014400,72668200,33860400,0
2022-01-04,169.57000732421875,449.33587646484375,121.5181884765625,16.90999984741211,169.57000732421875,477.54998779296875,143.6999969482422,16.90999984741211,169.72000122070312,479.9800109863281,144.1300048828125,17.809999465942383,168.72999572753906,475.5799865722656,142.74000549316406,16.34000015258789,168.89999389648438,479.2200012207031,143.61000061035156,16.56999969482422,6965600,71178700,21996400,0
2022-01-05,169.05999755859375,440.70770263671875,120.8585433959961,19.729999542236328,169.05999755859375,468.3800048828125,142.9199981689453,19.729999542236328,170.92999267578125,477.9800109863281,144.16000366210938,20.170000076293945,168.89999389648438,468.2799987792969,142.7100067138672,16.579999923706055,170.6199951171875,477.1600036621094,144.13999938964844,17.06999969482422,8715600,104538900,20911700,0
2022-01-06,166.99000549316406,440.2936706542969,121.17144012451172,19.610000610351562,166.99000549316406,467.94000244140625,143.2899932861328,19.610000610351562,167.75,470.82000732421875,143.44000244140625,21.059999465942383,166.86000061035156,465.42999267578125,142.2899932861328,19.079999923706055,167.16000366210938,467.8900146484375,142.58999633789062,20.290000915527344,10902700,86858900,18996400,0
2022-01-07,167.75,438.5529479980469,120.30046844482422,18.760000228881836,167.75,466.0899963378906,142.25999450683594,18.760000228881836,168.00999450683594,469.20001220703125,143.24000549316406,20.799999237060547,166.86000061035156,464.6499938964844,141.55999755859375,18.56999969482422,167.3699951171875,467.95001220703125,143.1300048828125,19.850000381469727,8191900,85111600,18756800,0
2022-01-10,168.25999450683594,438.0072937011719,120.5964584350586,19.399999618530273,168.25999450683594,465.510009765625,142.61000061035156,19.399999618530273,168.3000030517578,465.739990234375,142.80999755859375,23.329999923706055,167.30999755859375,456.6000061035156,141.36000061035156,19.290000915527344,167.36000061035156,462.70001220703125,141.64999389648438,19.579999923706055,7026500,119362000,13775800,0
2022-01-11,170.2899932861328,441.99676513671875,121.39981842041016,18.40999984741211,170.2899932861328,469.75,143.55999755859375,18.40999984741211,170.30999755859375,469.8500061035156,143.6300048828125,21.0,168.3699951171875,462.04998779296875,142.6999969482422,18.200000762939453,168.44000244140625,465.2300109863281,142.8800048828125,19.6200008392334,8369000,74303100,24388700,0
2022-01-12,170.74000549316406,443.1916809082031,120.93467712402344,17.6200008392334,170.74000549316406,471.0199890136719,143.00999450683594,17.6200008392334,170.75,473.20001220703125,144.00999450683594,18.690000534057617,170.00999450683594,468.94000244140625,143.0,17.360000610351562,170.19000244140625,471.5899963378906,143.89999389648438,18.170000076293945,6280700,67605400,14440600,0
2022-01-13,170.16000366210938,437.0850524902344,122.00865936279297,20.309999465942383,170.16000366210938,464.5299987792969,144.27999877929688,20.309999465942383,170.22000122070312,472.8800048828125,144.4199981689453,20.610000610351562,169.27000427246094,463.44000244140625,143.02999877929688,17.450000762939453,170.08999633789062,472.19000244140625,143.38999938964844,18.059999465942383,7034200,91173100,15166000,0
2022-01-14,169.6699981689453,437.263916015625,120.1651611328125,19.190000534057617,169.6699981689453,464.7200012207031,142.10000610351562,19.190000534057617,170.55999755859375,465.0899963378906,143.4600067138672,22.06999969482422,169.47999572753906,459.8999938964844,141.7899932861328,19.049999237060547,170.22000122070312,461.19000244140625,143.4199981689453,20.110000610351562,7865900,95890900,22997500,0
2022-01-18,169.38999938964844,429.5201416015625,118.4738998413086,22.790000915527344,169.38999938964844,456.489990234375,140.10000610351562,22.790000915527344,170.00999450683594,459.9599914550781,141.30999755859375,23.200000762939453,169.08999633789062,455.30999755859375,140.02000427246094,21.18000030517578,169.63999938964844,459.739990234375,140.9600067138672,21.18000030517578,9322800,109709100,21171700,0
2022-01-19,172.0800018310547,425.0601806640625,119.29415893554688,23.850000381469727,172.0800018310547,451.75,141.07000732421875,23.850000381469727,172.19000244140625,459.6099853515625,141.7100067138672,23.989999771118164,170.1999969482422,451.4599914550781,140.30999755859375,21.850000381469727,170.38999938964844,458.1300048828125,140.52999877929688,23.1200008392334,15784500,109357600,17930500,0
2022-01-20,171.64999389648438,420.3555908203125,120.02983093261719,25.59000015258789,171.64999389648438,446.75,141.94000244140625,25.59000015258789,172.60000610351562,458.739990234375,141.99000549316406,25.889999389648438,171.58999633789062,444.5,141.08999633789062,21.68000030517578,172.30999755859375,453.75,141.3699951171875,23.459999084472656,9570500,122379700,13959000,0
2022-01-21,171.08999633789062,412.103759765625,121.45897674560547,28.850000381469727,171.08999633789062,437.9800109863281,143.6300048828125,28.850000381469727,172.1199951171875,448.05999755859375,144.10000610351562,29.790000915527344,170.74000549316406,437.95001220703125,142.6699981689453,25.309999465942383,172.0399932861328,445.55999755859375,143.39999389648438,25.3799991607666,10982500,202271200,28916600,0
2022-01-24,172.02999877929688,413.8538818359375,120.461181640625,29.899999618530273,172.02999877929688,439.8399963378906,142.4499969482422,29.899999618530273,172.13999938964844,440.3800048828125,144.3699951171875,38.939998626708984,170.85000610351562,420.760009765625,142.42999267578125,28.020000457763672,171.77999877929688,432.0299987792969,144.3000030517578,28.200000762939453,15727700,251783900,25001600,0
2022-01-25,172.5800018310547,408.8011169433594,120.26665496826172,31.15999984741211,172.5800018310547,434.4700012207031,142.22000122070312,31.15999984741211,173.14999389648438,439.7200012207031,143.7100067138672,35.849998474121094,171.77999877929688,427.1499938964844,141.8000030517578,29.1299991607666,171.9499969482422,433.05999755859375,143.11000061035156,32.290000915527344,17382100,167997300,15599000,0
2022-01-26,169.7899932861328,407.7755432128906,118.81212615966797,31.959999084472656,169.7899932861328,433.3800048828125,140.5,31.959999084472656,171.72999572753906,444.0400085449219,142.57000732421875,33.040000915527344,169.47999572753906,428.8599853515625,140.49000549316406,26.899999618530273,171.38999938964844,440.7200012207031,142.25999450683594,29.350000381469727,17799400,186391100,23655500,0
2022-01-27,167.60000610351562,405.76202392578125,120.99386596679688,30.489999771118164,167.60000610351562,431.239990234375,143.0800018310547,30.489999771118164,169.08999633789062,441.5899963378906,143.3699951171875,33.0,167.3300018310547,429.45001220703125,142.3300018310547,28.420000076293945,168.02000427246094,438.260009765625,142.41000366210938,32.189998626708984,15867300,149878300,21501800,0
2022-01-28,167.10000610351562,415.8392333984375,121.03621673583984,27.65999984741211,167.10000610351562,441.95001220703125,143.1300048828125,27.65999984741211,167.4600067138672,442.0,143.4600067138672,32.81999969482422,166.3699951171875,427.82000732421875,141.85000610351562,27.280000686645508,166.55999755859375,432.67999267578125,142.08999633789062,30.270000457763672,9782500,164457400,12826500,0
2022-01-31,168.08999633789062,423.3288879394531,120.41045379638672,24.829999923706055,168.08999633789062,449.9100036621094,142.38999938964844,24.829999923706055,168.13999938964844,450.2799987792969,142.9499969482422,29.40999984741211,167.4600067138672,439.80999755859375,141.9600067138672,24.709999084472656,167.7899932861328,441.239990234375,142.17999267578125,28.360000610351562,8539300,152251400,13998400,0
2022-02-01,168.22999572753906,426.1893005371094,120.01075744628906,21.959999084472656,168.22999572753906,452.95001220703125,141.72000122070312,21.959999084472656,168.85000610351562,453.6300048828125,142.36000061035156,25.329999923706055,167.8699951171875,446.94000244140625,141.05999755859375,21.959999084472656,168.57000732421875,450.67999267578125,142.27999877929688,24.56999969482422,9763900,123155400,20806100,0
2022-02-02,168.83999633789062,430.3293762207031,120.4172134399414,22.09000015258789,168.83999633789062,457.3500061035156,142.1999969482422,22.09000015258789,169.1199951171875,458.1199951171875,143.57000732421875,22.729999542236328,168.16000366210938,453.04998779296875,141.92999267578125,20.459999084472656,168.33999633789062,455.5,141.9499969482422,21.559999465942383,9085300,117361000,18404600,0
2022-02-03,168.60000610351562,420.2144470214844,119.4771957397461,24.350000381469727,168.60000610351562,446.6000061035156,141.08999633789062,24.350000381469727,168.82000732421875,452.9700012207031,141.47999572753906,25.809999465942383,167.02999877929688,445.7099914550781,140.17999267578125,22.299999237060547,168.30999755859375,450.95001220703125,140.44000244140625,22.6299991607666,10650800,118024400,17234100,0
2022-02-04,168.86000061035156,422.1904602050781,117.71583557128906,23.219999313354492,168.86000061035156,448.70001220703125,139.00999450683594,23.219999313354492,169.10000610351562,452.7799987792969,140.13999938964844,26.260000228881836,167.99000549316406,443.8299865722656,138.77999877929688,22.06999969482422,168.0399932861328,446.3500061035156,139.85000610351562,23.770000457763672,9619600,118454400,23609800,0
2022-02-07,170.11000061035156,420.83544921875,117.79207611083984,22.860000610351562,170.11000061035156,447.260009765625,139.10000610351562,22.860000610351562,170.3000030517578,450.989990234375,139.30999755859375,24.81999969482422,169.19000244140625,445.8500061035156,138.5500030517578,22.020000457763672,169.4499969482422,449.510009765625,138.91000366210938,24.09000015258789,7796900,84472900,12962400,0
2022-02-08,170.6300048828125,424.298095703125,117.00453186035156,21.440000534057617,170.6300048828125,450.94000244140625,138.1699981689453,21.440000534057617,170.77999877929688,451.9200134277344,138.5800018310547,23.479999542236328,169.9499969482422,445.2200012207031,137.82000732421875,21.31999969482422,170.10000610351562,446.7300109863281,138.2100067138672,23.09000015258789,5802000,81012000,16269200,0
2022-02-09,171.2100067138672,430.50811767578125,117.22468566894531,19.959999084472656,171.2100067138672,457.5400085449219,138.42999267578125,19.959999084472656,171.4199981689453,457.8800048828125,139.3699951171875,21.299999237060547,170.5500030517578,455.010009765625,138.19000244140625,19.93000030517578,170.67999267578125,455.2200012207031,138.72000122070312,21.270000457763672,8002800,92589900,14349100,0
2022-02-10,170.55999755859375,422.7738037109375,115.36170196533203,23.90999984741211,170.55999755859375,449.32000732421875,136.22999572753906,23.90999984741211,171.99000549316406,457.7099914550781,137.8300018310547,24.770000457763672,170.4600067138672,447.20001220703125,135.83999633789062,20.18000030517578,170.52000427246094,451.3399963378906,137.66000366210938,20.3700008392334,10693500,140103700,30896200,0
2022-02-11,173.80999755859375,414.4372253417969,117.0722427368164,27.360000610351562,173.80999755859375,440.4599914550781,138.25,27.360000610351562,174.1999969482422,451.6099853515625,138.50999450683594,30.989999771118164,170.7100067138672,438.94000244140625,135.36000061035156,23.329999923706055,170.75,449.4100036621094,136.8699951171875,24.389999389648438,25741500,153214600,43210300,0
2022-02-14,174.74000549316406,413.0823059082031,115.61575317382812,28.329999923706055,174.74000549316406,439.0199890136719,136.52999877929688,28.329999923706055,175.0,441.6000061035156,137.74000549316406,32.040000915527344,173.67999267578125,435.3399963378906,135.97000122070312,28.329999923706055,173.77999877929688,439.9200134277344,137.1300048828125,29.170000076293945,13650700,123006300,23157400,0
2022-02-15,173.0800018310547,419.7440185546875,114.30314636230469,25.700000762939453,173.0800018310547,446.1000061035156,134.97999572753906,25.700000762939453,173.33999633789062,446.2799987792969,135.83999633789062,28.09000015258789,172.38999938964844,443.17999267578125,134.94000244140625,25.329999923706055,173.10000610351562,443.7300109863281,135.60000610351562,28.09000015258789,12603600,88482700,18198500,0
2022-02-16,174.86000061035156,420.2144470214844,114.98060607910156,24.290000915527344,174.86000061035156,446.6000061035156,135.77999877929688,24.290000915527344,174.86000061035156,448.05999755859375,136.07000732421875,27.09000015258789,173.47999572753906,441.94000244140625,134.50999450683594,23.8799991607666,173.49000549316406,443.92999267578125,135.9499969482422,25.190000534057617,12772100,84863600,16473700,0
2022-02-17,177.25,411.2380676269531,115.83592987060547,28.110000610351562,177.25,437.05999755859375,136.7899932861328,28.110000610351562,177.52999877929688,446.57000732421875,137.57000732421875,28.3700008392334,176.38999938964844,436.4200134277344,135.89999389648438,24.760000228881836,176.6999969482422,443.2200012207031,136.4499969482422,24.829999923706055,18612500,102259100,24508200,0
2022-02-18,177.1199951171875,408.5753173828125,117.05528259277344,27.75,177.1199951171875,434.2300109863281,138.22999572753906,27.75,177.25,438.6600036621094,138.3699951171875,29.709999084472656,176.50999450683594,431.82000732421875,137.16000366210938,26.3799991607666,177.07000732421875,437.3299865722656,137.52000427246094,26.65999984741211,12760700,132642900,17522600,0
2022-02-22,177.49000549316406,404.19061279296875,117.36019897460938,28.809999465942383,177.49000549316406,429.57000732421875,138.58999633789062,28.809999465942383,178.07000732421875,435.5,138.6699981689453,32.040000915527344,176.82000732421875,425.8599853515625,137.47000122070312,28.399999618530273,177.6699981689453,431.8900146484375,137.69000244140625,31.799999237060547,14960500,124391800,19534000,0
2022-02-23,178.2899932861328,397.02081298828125,115.74278259277344,31.020000457763672,178.2899932861328,421.95001220703125,136.67999267578125,31.020000457763672,178.38999938964844,433.260009765625,137.85000610351562,31.06999969482422,177.36000061035156,421.3500061035156,136.57000732421875,27.200000762939453,177.38999938964844,432.6600036621094,137.67999267578125,28.040000915527344,11772200,132578000,17757800,0
2022-02-24,177.13999938964844,402.99566650390625,115.8189468383789,30.31999969482422,177.13999938964844,428.29998779296875,136.77000427246094,30.31999969482422,182.60000610351562,428.760009765625,139.3699951171875,37.790000915527344,175.27000427246094,410.6400146484375,136.25,29.450000762939453,182.58999633789062,411.0199890136719,139.10000610351562,37.5,32726000,213942900,28150400,0
2022-02-25,176.5500030517578,411.8872985839844,115.90364074707031,27.59000015258789,176.5500030517578,437.75,136.8699951171875,27.59000015258789,176.7899932861328,437.8399963378906,137.30999755859375,32.0,175.7899932861328,427.8599853515625,136.17999267578125,26.93000030517578,176.4199981689453,429.6099853515625,136.86000061035156,31.68000030517578,11530900,121804500,15025400,0
2022-02-28,178.3800048828125,410.83349609375,118.44409942626953,30.149999618530273,178.3800048828125,436.6300048828125,139.8699951171875,30.149999618530273,178.99000549316406,438.20001220703125,140.0399932861328,33.5099983215332,176.5,430.70001220703125,138.32000732421875,28.43000030517578,178.86000061035156,432.0299987792969,138.42999267578125,32.439998626708984,16055800,145615000,25817700,0
2022-03-01,181.6199951171875,404.57635498046875,119.81356048583984,33.31999969482422,181.6199951171875,429.9800109863281,141.3000030517578,33.31999969482422,181.75999450683594,437.1700134277344,142.3300018310547,35.189998626708984,179.02999877929688,427.1099853515625,140.0,29.440000534057617,179.0500030517578,435.0400085449219,140.36000061035156,29.450000762939453,21942100,137785900,35664400,0
2022-03-02,179.72999572753906,412.0190734863281,115.71795654296875,30.739999771118164,179.72999572753906,437.8900146484375,136.47000122070312,30.739999771118164,180.7100067138672,439.7200012207031,140.4199981689453,34.40999984741211,178.7899932861328,431.57000732421875,136.41000366210938,30.1200008392334,180.1300048828125,432.3699951171875,139.83999633789062,34.20000076293945,19727200,117726500,30397400,0
2022-03-03,180.8000030517578,409.96783447265625,116.8966293334961,30.479999542236328,180.8000030517578,435.7099914550781,137.86000061035156,30.479999542236328,181.3000030517578,441.1099853515625,138.6999969482422,32.0099983215332,179.5,433.79998779296875,137.02000427246094,29.309999465942383,179.9600067138672,440.4700012207031,137.49000549316406,30.520000457763672,15164400,105501700,20649100,0
2022-03-04,183.67999267578125,406.636962890625,118.91468811035156,31.979999542236328,183.67999267578125,432.1700134277344,140.24000549316406,31.979999542236328,183.97999572753906,433.3699951171875,140.82000732421875,34.650001525878906,181.36000061035156,427.8800048828125,139.30999755859375,31.469999313354492,182.11000061035156,431.75,140.36000061035156,31.899999618530273,22390100,113978200,25853100,0
2022-03-07,186.41000366210938,394.6496276855469,118.00741577148438,36.45000076293945,186.41000366210938,419.42999267578125,139.1699981689453,36.45000076293945,186.63999938964844,432.29998779296875,140.63999938964844,36.54999923706055,184.22000122070312,419.3599853515625,138.77000427246094,32.59000015258789,184.4499969482422,431.54998779296875,139.1199951171875,35.880001068115234,27951800,137896600,23710900,0
2022-03-08,191.50999450683594,391.6575622558594,116.8203125,35.130001068115234,191.50999450683594,416.25,137.77000427246094,35.130001068115234,193.3000030517578,427.2099914550781,138.25,37.52000045776367,188.25999450683594,415.1199951171875,137.25,32.779998779296875,188.35000610351562,419.6199951171875,137.50999450683594,36.189998626708984,47347700,164772700,28331300,0
2022-03-09,185.82000732421875,402.158203125,115.67560577392578,32.45000076293945,185.82000732421875,427.4100036621094,136.4199981689453,32.45000076293945,187.22999572753906,429.510009765625,137.33999633789062,34.119998931884766,184.75999450683594,422.82000732421875,136.1300048828125,31.389999389648438,186.0399932861328,425.1400146484375,137.07000732421875,33.7400016784668,26839700,116990800,18819200,0
2022-03-10,186.39999389648438,400.3422546386719,114.01362609863281,30.229999542236328,186.39999389648438,425.4800109863281,134.4600067138672,30.229999542236328,187.3800048828125,426.42999267578125,135.1699981689453,34.029998779296875,184.99000549316406,420.44000244140625,133.72000122070312,30.229999542236328,186.8800048828125,422.5199890136719,134.8300018310547,33.029998779296875,18455200,93972700,26868900,0
2022-03-11,185.08999633789062,395.25189208984375,114.39518737792969,30.75,185.08999633789062,420.07000732421875,134.91000366210938,30.75,185.77999877929688,428.7699890136719,135.4499969482422,31.040000915527344,183.44000244140625,419.5299987792969,134.2100067138672,28.84000015258789,183.74000549316406,428.1199951171875,134.3300018310547,30.43000030517578,14824700,95636300,15583800,0
2022-03-14,182.3000030517578,392.36328125,111.72416687011719,31.770000457763672,182.3000030517578,417.0,131.75999450683594,31.770000457763672,183.2899932861328,424.54998779296875,132.88999938964844,33.18000030517578,181.9499969482422,415.7900085449219,131.72000122070312,30.059999465942383,183.02999877929688,420.8900146484375,132.6999969482422,31.030000686645508,13186400,95729200,24385000,0
2022-03-15,178.88999938964844,400.9914855957031,111.5291748046875,29.829999923706055,178.88999938964844,426.1700134277344,131.52999877929688,29.829999923706055,180.27000427246094,426.8399963378906,133.14999389648438,33.83000183105469,178.00999450683594,418.4200134277344,131.19000244140625,29.56999969482422,179.10000610351562,419.7699890136719,132.86000061035156,33.130001068115234,16962300,106219100,17518800,0
2022-03-16,180.00999450683594,409.88311767578125,112.62300109863281,26.670000076293945,180.00999450683594,435.6199951171875,132.82000732421875,26.670000076293945,180.1199951171875,435.67999267578125,133.1300048828125,29.799999237060547,176.8699951171875,424.79998779296875,130.32000732421875,26.290000915527344,179.1300048828125,429.8900146484375,131.8300018310547,29.020000457763672,17548100,144954800,25857700,0
2022-03-17,180.88999938964844,415.01116943359375,111.78353881835938,25.670000076293945,180.88999938964844,441.07000732421875,131.8300018310547,25.670000076293945,182.02999877929688,441.07000732421875,133.33999633789062,27.469999313354492,180.64999389648438,433.19000244140625,131.07000732421875,25.25,181.16000366210938,433.5899963378906,132.82000732421875,26.510000228881836,10954100,102676900,19330600,0
2022-03-18,179.3000030517578,419.5566711425781,113.14869689941406,23.8700008392334,179.3000030517578,444.5199890136719,133.44000244140625,23.8700008392334,180.92999267578125,444.8599853515625,133.5399932861328,26.81999969482422,179.0399932861328,437.2200012207031,132.57000732421875,23.850000381469727,179.92999267578125,438.0,132.57000732421875,26.360000610351562,13996500,106345500,55891700,0
2022-03-21,180.6699981689453,419.43402099609375,110.52861785888672,23.530000686645508,180.6699981689453,444.3900146484375,130.35000610351562,23.530000686645508,181.2899932861328,446.4599914550781,131.6699981689453,25.360000610351562,179.32000732421875,440.67999267578125,129.75,22.989999771118164,179.3300018310547,444.3399963378906,131.27999877929688,25.139999389648438,10582200,88349800,26122000,0
2022-03-22,179.36000061035156,424.3420104980469,109.1125717163086,22.940000534057617,179.36000061035156,449.5899963378906,128.67999267578125,22.940000534057617,179.7100067138672,450.5799865722656,129.33999633789062,24.020000457763672,178.32000732421875,445.8599853515625,128.33999633789062,22.700000762939453,179.60000610351562,445.8599853515625,128.9600067138672,24.020000457763672,9621800,74650400,21830900,0
2022-03-23,181.80999755859375,418.87713623046875,111.50372314453125,23.56999969482422,181.80999755859375,443.79998779296875,131.5,23.56999969482422,181.88999938964844,448.489990234375,131.60000610351562,24.030000686645508,179.75999450683594,443.7099914550781,128.86000061035156,22.639999389648438,180.2899932861328,446.9100036621094,129.3699951171875,23.040000915527344,12557300,79426100,21266100,0
2022-03-24,183.1300048828125,425.19146728515625,110.63035583496094,21.670000076293945,183.1300048828125,450.489990234375,130.47000122070312,21.670000076293945,183.50999450683594,450.5,131.17999267578125,23.790000915527344,181.77000427246094,444.760009765625,129.60000610351562,21.489999771118164,182.35000610351562,445.94000244140625,129.64999389648438,23.610000610351562,10970100,64736900,17141600,0
2022-03-25,182.3800048828125,427.26788330078125,109.0955810546875,20.809999465942383,182.3800048828125,452.69000244140625,128.66000366210938,20.809999465942383,183.1300048828125,452.9800109863281,129.52000427246094,22.860000610351562,181.35000610351562,448.42999267578125,127.6500015258789,20.799999237060547,181.80999755859375,451.1600036621094,129.5,21.8700008392334,7911100,77101300,25684500,0
2022-03-28,179.05999755859375,430.3070983886719,110.02833557128906,19.6299991607666,179.05999755859375,455.9100036621094,129.75999450683594,19.6299991607666,181.3300018310547,455.9100036621094,130.55999755859375,23.329999923706055,178.85000610351562,450.05999755859375,129.0399932861328,19.540000915527344,180.3800048828125,452.05999755859375,129.38999938964844,22.139999389648438,9489700,68529800,17657800,0
2022-03-29,179.13999938964844,435.6302490234375,110.85929870605469,18.899999618530273,179.13999938964844,461.54998779296875,130.74000549316406,18.899999618530273,179.3300018310547,462.07000732421875,131.5500030517578,19.729999542236328,176.69000244140625,457.17999267578125,129.74000549316406,18.670000076293945,177.02000427246094,460.0199890136719,130.55999755859375,19.700000762939453,10458900,86581500,19319700,0
2022-03-30,180.5800018310547,432.9404602050781,111.72416687011719,19.329999923706055,180.5800018310547,458.70001220703125,131.75999450683594,19.329999923706055,180.9199981689453,461.20001220703125,132.00999450683594,20.510000228881836,179.67999267578125,456.4700012207031,129.99000549316406,18.719999313354492,179.75999450683594,460.3399963378906,130.07000732421875,19.3799991607666,8361300,79666900,16310200,0
2022-03-31,180.64999389648438,426.27691650390625,111.99553680419922,20.559999465942383,180.64999389648438,451.6400146484375,132.0800018310547,20.559999465942383,181.9600067138672,458.760009765625,132.6699981689453,21.479999542236328,180.55999755859375,451.1600036621094,131.66000366210938,19.540000915527344,180.91000366210938,457.8900146484375,131.97999572753906,19.68000030517578,9844400,121699900,19901000,0
2022-04-01,179.5,427.4850158691406,112.42186737060547,19.6299991607666,179.5,452.9200134277344,132.3800048828125,19.6299991607666,180.4600067138672,453.4599914550781,132.9600067138672,20.860000610351562,178.97999572753906,449.1400146484375,129.7100067138672,19.40999984741211,179.5500030517578,453.30999755859375,130.00999450683594,20.6200008392334,13034400,89048800,23489700,0
2022-04-04,180.3699951171875,431.1470642089844,111.64054870605469,18.56999969482422,180.3699951171875,456.79998779296875,131.4600067138672,18.56999969482422,180.80999755859375,456.9100036621094,131.97999572753906,20.780000686645508,179.5800018310547,452.260009765625,130.7100067138672,18.450000762939453,180.24000549316406,453.1300048828125,131.92999267578125,20.75,7063100,59601000,13609900,0
2022-04-05,179.24000549316406,425.7011413574219,109.11831665039062,21.030000686645508,179.24000549316406,451.0299987792969,128.49000549316406,21.030000686645508,181.49000549316406,457.8299865722656,130.77999877929688,21.56999969482422,178.92999267578125,449.82000732421875,128.2899932861328,18.549999237060547,180.91000366210938,455.2200012207031,130.75999450683594,18.790000915527344,10828500,74214500,25196900,0
2022-04-06,179.66000366210938,421.4443664550781,108.2350845336914,22.100000381469727,179.66000366210938,446.5199890136719,127.44999694824219,22.100000381469727,180.30999755859375,448.92999267578125,128.3000030517578,24.780000686645508,178.6999969482422,443.4700012207031,126.4000015258789,21.239999771118164,179.77999877929688,446.8900146484375,126.43000030517578,21.270000457763672,8942100,106898000,22952000,0
2022-04-07,180.33999633789062,423.5679931640625,107.41986083984375,21.549999237060547,180.33999633789062,448.7699890136719,126.48999786376953,21.549999237060547,180.8800048828125,450.69000244140625,126.66999816894531,23.81999969482422,179.8000030517578,443.5299987792969,125.41000366210938,21.1200008392334,179.8699951171875,445.5899963378906,126.11000061035156,21.969999313354492,10140600,78097200,23458800,0
2022-04-08,181.47000122070312,422.4354248046875,106.25640106201172,21.15999984741211,181.47000122070312,447.57000732421875,125.12000274658203,21.15999984741211,181.82000732421875,450.6300048828125,125.83000183105469,22.34000015258789,180.52000427246094,445.94000244140625,124.26000213623047,20.280000686645508,180.52000427246094,447.9700012207031,125.44999694824219,21.25,10655700,79272700,26859200,0
2022-04-11,182.3699951171875,415.215087890625,104.57494354248047,24.3700008392334,182.3699951171875,439.9200134277344,123.13999938964844,24.3700008392334,183.3300018310547,445.0,124.19000244140625,24.420000076293945,181.11000061035156,439.3900146484375,122.55999755859375,22.09000015258789,183.1699981689453,444.1099853515625,123.91999816894531,23.09000015258789,10071300,89770500,30020700,0
2022-04-12,183.77000427246094,413.6766052246094,104.4305191040039,24.260000228881836,183.77000427246094,438.2900085449219,122.97000122070312,24.260000228881836,184.63999938964844,445.75,124.16000366210938,25.3799991607666,182.9600067138672,436.6499938964844,122.66999816894531,22.270000457763672,184.0399932861328,443.0799865722656,124.05000305175781,24.940000534057617,12024600,84363600,23124200,0
2022-04-13,184.64999389648438,418.4146728515625,104.64283752441406,21.81999969482422,184.64999389648438,443.30999755859375,123.22000122070312,21.81999969482422,184.94000244140625,444.1099853515625,124.30000305175781,24.450000762939453,184.1300048828125,437.8399963378906,122.88999938964844,21.3700008392334,184.5,438.0299987792969,123.05000305175781,23.520000457763672,8651600,74070400,17189500,0
2022-04-14,184.0399932861328,413.2046203613281,102.54523468017578,22.700000762939453,184.0399932861328,437.7900085449219,120.75,22.700000762939453,184.41000366210938,444.7300109863281,122.93000030517578,22.700000762939453,182.8800048828125,437.67999267578125,120.37999725341797,20.850000381469727,184.27999877929688,443.54998779296875,122.86000061035156,21.719999313354492,11567200,97869500,34274500,0
2022-04-18,184.61000061035156,413.37451171875,102.03569030761719,22.170000076293945,184.61000061035156,437.9700012207031,120.1500015258789,22.170000076293945,186.10000610351562,439.75,121.08000183105469,24.600000381469727,184.38999938964844,435.6099853515625,119.69000244140625,21.979999542236328,185.9499969482422,436.80999755859375,120.87000274658203,24.520000457763672,8886700,66002500,18784300,0
2022-04-19,181.82000732421875,420.04754638671875,101.27136993408203,21.3700008392334,181.82000732421875,445.0400085449219,119.25,21.3700008392334,183.64999389648438,445.79998779296875,119.72000122070312,22.920000076293945,181.3300018310547,437.67999267578125,118.66999816894531,20.360000610351562,183.19000244140625,437.8599853515625,119.1500015258789,22.549999237060547,12585600,77821000,26012300,0
2022-04-20,182.7100067138672,419.7360534667969,103.3095703125,20.31999969482422,182.7100067138672,444.7099914550781,121.6500015258789,20.31999969482422,182.72000122070312,447.57000732421875,121.97000122070312,21.31999969482422,181.35000610351562,443.4800109863281,119.91999816894531,19.75,181.58999633789062,446.9200134277344,120.22000122070312,21.1299991607666,7038600,65224400,31423200,0
2022-04-21,182.05999755859375,413.4595031738281,102.54523468017578,22.68000030517578,182.05999755859375,438.05999755859375,120.75,22.68000030517578,182.32000732421875,450.010009765625,120.91000366210938,23.280000686645508,180.77999877929688,437.1000061035156,119.16999816894531,19.809999465942383,181.77000427246094,448.5400085449219,120.83000183105469,20.239999771118164,9639800,85417300,23323200,0
2022-04-22,180.2899932861328,402.1144714355469,101.89981079101562,28.209999084472656,180.2899932861328,426.0400085449219,119.98999786376953,28.209999084472656,181.61000061035156,438.0799865722656,121.44000244140625,28.270000457763672,179.74000549316406,425.44000244140625,119.80999755859375,22.6200008392334,180.72000122070312,436.9100036621094,120.06999969482422,22.709999084472656,9147000,132471800,19773400,0
2022-04-25,177.0500030517578,404.44580078125,102.91889953613281,27.020000457763672,177.0500030517578,428.510009765625,121.19000244140625,27.020000457763672,177.50999450683594,428.69000244140625,122.19000244140625,31.600000381469727,176.47999572753906,418.8399963378906,121.12999725341797,26.799999237060547,177.1699981689453,423.6700134277344,121.37999725341797,30.040000915527344,13073700,119647700,25418900,0
2022-04-26,177.32000732421875,392.7327575683594,103.9549789428711,33.52000045776367,177.32000732421875,416.1000061035156,122.41000366210938,33.52000045776367,178.3000030517578,426.0400085449219,123.02999877929688,33.810001373291016,176.9199981689453,416.07000732421875,121.76000213623047,27.059999465942383,177.9499969482422,425.8299865722656,122.44000244140625,27.3799991607666,9042400,103996300,26931300,0
2022-04-27,175.97999572753906,393.8370056152344,102.62169647216797,31.600000381469727,175.97999572753906,417.2699890136719,120.83999633789062,31.600000381469727,176.63999938964844,422.9200134277344,122.31999969482422,32.77000045776367,175.5,415.010009765625,120.7699966430664,29.81999969482422,176.4600067138672,417.239990234375,122.19000244140625,31.110000610351562,8854700,122030000,14560500,0
2022-04-28,176.92999267578125,403.7851257324219,102.77452850341797,29.989999771118164,176.92999267578125,427.80999755859375,121.0199966430664,29.989999771118164,176.97000122070312,429.6400146484375,121.06999969482422,32.0,175.69000244140625,417.6000061035156,120.01000213623047,28.0,175.9199981689453,422.2900085449219,120.38999938964844,29.90999984741211,6381100,105449100,16892500,0
2022-04-29,176.91000366210938,388.86297607421875,101.44124603271484,33.400001525878906,176.91000366210938,412.0,119.44999694824219,33.400001525878906,178.6199951171875,425.8699951171875,120.97000122070312,34.34000015258789,176.7100067138672,411.2099914550781,119.11000061035156,28.540000915527344,178.07000732421875,423.5899963378906,119.30999755859375,28.969999313354492,7719700,145491100,26153400,0
2022-05-02,173.6300048828125,391.2037048339844,99.68284606933594,32.34000015258789,173.6300048828125,414.4800109863281,117.18000030517578,32.34000015258789,174.64999389648438,415.9200134277344,118.2699966430664,36.63999938964844,172.97999572753906,405.0199890136719,116.93000030517578,31.739999771118164,173.61000061035156,412.07000732421875,117.86000061035156,33.349998474121094,14318600,158312500,29233900,0
2022-05-03,174.08999633789062,392.9969482421875,100.35490417480469,29.25,174.08999633789062,416.3800048828125,117.97000122070312,29.25,175.2100067138672,418.92999267578125,119.30999755859375,32.81999969482422,173.85000610351562,413.3599853515625,117.88999938964844,29.059999465942383,173.88999938964844,415.010009765625,119.04000091552734,31.760000228881836,7214300,100028200,21256700,0
2022-05-04,175.8000030517578,404.9648742675781,100.90787506103516,25.420000076293945,175.8000030517578,429.05999755859375,118.62000274658203,25.420000076293945,176.35000610351562,429.6600036621094,118.97000122070312,29.420000076293945,173.6699981689453,413.7099914550781,117.3499984741211,24.940000534057617,174.32000732421875,417.0799865722656,117.97000122070312,29.1200008392334,10491700,144247900,25575700,0
2022-05-05,175.1300048828125,390.57135009765625,98.14315795898438,31.200000762939453,175.1300048828125,413.80999755859375,115.37000274658203,31.200000762939453,177.61000061035156,425.0,116.47000122070312,33.20000076293945,174.66000366210938,409.44000244140625,114.0199966430664,25.780000686645508,177.55999755859375,424.54998779296875,116.3499984741211,25.969999313354492,12794200,172929100,48384500,0
2022-05-06,175.4199981689453,388.24005126953125,96.69700622558594,30.190000534057617,175.4199981689453,411.3399963378906,113.66999816894531,30.190000534057617,176.55999755859375,414.79998779296875,115.04000091552734,35.34000015258789,174.86000061035156,405.7300109863281,113.30999755859375,29.829999923706055,175.38999938964844,411.1000061035156,114.13999938964844,32.22999954223633,7643300,151770800,32790500,0
2022-05-09,172.8800048828125,375.80963134765625,97.54766082763672,34.75,172.8800048828125,398.1700134277344,114.66999816894531,34.75,174.27000427246094,406.4100036621094,114.70999908447266,35.47999954223633,172.7899932861328,396.5,112.62000274658203,31.899999618530273,174.27000427246094,405.1000061035156,112.86000061035156,31.899999618530273,10742400,155586100,26773000,0
2022-05-10,171.4199981689453,376.677978515625,98.43235778808594,32.9900016784668,171.4199981689453,399.0899963378906,115.70999908447266,32.9900016784668,173.9600067138672,406.0799865722656,116.95999908447266,34.84000015258789,171.1999969482422,394.82000732421875,115.4800033569336,32.2400016784668,173.8000030517578,404.489990234375,115.88999938964844,33.65999984741211,11010400,132497200,33640800,0
2022-05-11,172.82000732421875,370.6940002441406,100.32941436767578,32.560001373291016,172.82000732421875,392.75,117.94000244140625,32.560001373291016,173.32000732421875,404.0400085449219,117.94000244140625,34.38999938964844,172.1999969482422,391.9599914550781,114.44000244140625,30.690000534057617,172.50999450683594,398.07000732421875,114.73999786376953,32.869998931884766,9179600,142361000,34173600,0
2022-05-12,170.1699981689453,370.3070068359375,100.1422348022461,31.770000457763672,170.1699981689453,392.3399963378906,117.72000122070312,31.770000457763672,172.39999389648438,395.79998779296875,118.88999938964844,34.7599983215332,169.89999389648438,385.1499938964844,117.66000366210938,31.700000762939453,172.07000732421875,389.3699951171875,118.0199966430664,33.7400016784668,11626800,125090800,26405700,0
2022-05-13,168.7899932861328,379.1602478027344,98.66207885742188,28.8700008392334,168.7899932861328,401.7200012207031,115.9800033569336,28.8700008392334,169.6199951171875,403.17999267578125,117.1500015258789,31.200000762939453,168.00999450683594,395.6099853515625,115.9000015258789,28.780000686645508,168.30999755859375,396.7099914550781,116.9800033569336,31.09000015258789,13031100,104174400,20782700,0
2022-05-16,170.39999389648438,377.6217956542969,98.55995178222656,27.469999313354492,170.39999389648438,400.0899963378906,115.86000061035156,27.469999313354492,170.42999267578125,403.9700012207031,116.94000244140625,30.229999542236328,168.33999633789062,397.6000061035156,115.8499984741211,27.360000610351562,168.42999267578125,399.9800109863281,116.20999908447266,30.010000228881836,7319300,78622400,11050600,0
2022-05-17,169.3300018310547,385.3896179199219,97.3690185546875,26.100000381469727,169.3300018310547,408.32000732421875,114.45999908447266,26.100000381469727,170.52999877929688,408.57000732421875,115.3499984741211,27.170000076293945,169.13999938964844,402.5799865722656,114.36000061035156,25.510000228881836,170.44000244140625,406.5299987792969,114.70999908447266,27.06999969482422,6441100,83029700,15040800,0
2022-05-18,169.4199981689453,369.85400390625,99.44468688964844,30.959999084472656,169.4199981689453,391.8599853515625,116.9000015258789,30.959999084472656,170.2100067138672,403.79998779296875,117.0,31.489999771118164,168.80999755859375,390.54998779296875,114.61000061035156,26.209999084472656,169.00999450683594,403.5,114.72000122070312,26.739999771118164,7472900,117674500,21337300,0
2022-05-19,171.91000366210938,367.5887756347656,99.68284606933594,29.350000381469727,171.91000366210938,389.4599914550781,117.18000030517578,29.350000381469727,172.52000427246094,394.1400146484375,118.72000122070312,33.11000061035156,170.88999938964844,387.1099853515625,116.8499984741211,29.059999465942383,171.5500030517578,388.6199951171875,118.63999938964844,31.239999771118164,10580300,98510700,21937500,0
2022-05-20,172.02999877929688,367.7492370605469,100.81427001953125,29.43000030517578,172.02999877929688,389.6300048828125,118.51000213623047,29.43000030517578,172.24000549316406,397.0299987792969,119.0199966430664,32.90999984741211,170.88999938964844,380.5400085449219,117.05999755859375,28.059999465942383,171.7100067138672,393.25,117.08999633789062,28.780000686645508,6578100,131432200,22780900,0
2022-05-23,172.8300018310547,374.6298522949219,99.1554946899414,28.479999542236328,172.8300018310547,396.9200134277344,116.55999755859375,28.479999542236328,173.3800048828125,397.7300109863281,118.25,30.389999389648438,172.27999877929688,390.3800048828125,116.54000091552734,28.290000915527344,173.1300048828125,392.8299865722656,117.70999908447266,28.979999542236328,5518500,76414900,15925200,0
2022-05-24,174.1300048828125,371.7700500488281,101.11201477050781,29.450000762939453,174.1300048828125,393.8900146484375,118.86000061035156,29.450000762939453,174.41000366210938,395.1499938964844,119.63999938964844,31.06999969482422,173.35000610351562,386.9599914550781,117.86000061035156,29.040000915527344,173.47000122070312,392.55999755859375,117.9000015258789,29.43000030517578,6794000,91448800,23388200,0
2022-05-25,173.0800018310547,375.0545654296875,101.51183319091797,28.3700008392334,173.0800018310547,397.3699951171875,119.33000183105469,28.3700008392334,173.16000366210938,399.45001220703125,119.62000274658203,30.229999542236328,171.72999572753906,391.8900146484375,118.58999633789062,28.15999984741211,172.7899932861328,392.30999755859375,119.61000061035156,29.329999923706055,4595900,91472900,14410800,0
2022-05-26,172.75999450683594,382.5487060546875,101.0524673461914,27.5,172.75999450683594,405.30999755859375,118.79000091552734,27.5,172.92999267578125,407.0400085449219,119.08999633789062,28.459999084472656,171.75999450683594,398.45001220703125,117.80000305175781,27.110000610351562,172.1300048828125,398.6700134277344,119.0199966430664,28.420000076293945,6467000,82168300,14912900,0
2022-05-27,172.85000610351562,391.93988037109375,101.2991714477539,25.719999313354492,172.85000610351562,415.260009765625,119.08000183105469,25.719999313354492,173.52000427246094,415.3800048828125,119.73999786376953,27.540000915527344,172.63999938964844,407.70001220703125,118.73999786376953,25.56999969482422,173.49000549316406,407.9100036621094,119.36000061035156,27.5,3847900,84768700,11190400,0
2022-05-31,171.13999938964844,389.74072265625,99.1554946899414,26.190000534057617,171.13999938964844,412.92999267578125,116.55999755859375,26.190000534057617,173.07000732421875,416.4599914550781,117.2300033569336,28.350000381469727,171.0800018310547,410.0299987792969,115.93000030517578,25.940000534057617,172.7100067138672,413.54998779296875,117.18000030517578,27.469999313354492,6244000,95937000,28393700,0
2022-06-01,172.22999572753906,386.58837890625,99.04210662841797,25.690000534057617,172.22999572753906,409.5899963378906,116.22000122070312,25.690000534057617,172.52999877929688,416.239990234375,117.33999633789062,27.729999542236328,171.38999938964844,406.92999267578125,115.69000244140625,25.3799991607666,172.2100067138672,415.1700134277344,117.02999877929688,26.049999237060547,6946500,86585800,15544800,0
2022-06-02,174.35000610351562,393.95025634765625,99.09321594238281,24.719999313354492,174.35000610351562,417.3900146484375,116.27999877929688,24.719999313354492,174.4499969482422,417.44000244140625,116.70999908447266,26.5,173.49000549316406,407.0400085449219,115.45999908447266,24.329999923706055,173.66000366210938,409.4200134277344,116.62999725341797,25.729999542236328,5623100,79609600,9832000,0
2022-06-03,172.5800018310547,387.4849548339844,98.88018035888672,24.790000915527344,172.5800018310547,410.5400085449219,116.02999877929688,24.790000915527344,173.97000122070312,414.0400085449219,116.05999755859375,25.959999084472656,172.25,409.510009765625,114.87000274658203,24.760000228881836,173.52999877929688,412.3999938964844,115.08999633789062,24.90999984741211,5519400,71874300,15330400,0
2022-06-06,171.82000732421875,388.6647644042969,97.05648803710938,25.06999969482422,171.82000732421875,411.7900085449219,113.88999938964844,25.06999969482422,172.88999938964844,416.6099853515625,115.51000213623047,25.809999465942383,171.64999389648438,410.54998779296875,113.80999755859375,24.81999969482422,172.80999755859375,414.7799987792969,115.1500015258789,25.3700008392334,3766000,57508900,20815400,0
2022-06-07,172.94000244140625,392.3929138183594,98.10467529296875,24.020000457763672,172.94000244140625,415.739990234375,115.12000274658203,24.020000457763672,173.0500030517578,416.2200012207031,115.77999877929688,26.239999771118164,171.99000549316406,407.6099853515625,114.58000183105469,23.8799991607666,172.11000061035156,408.1000061035156,114.61000061035156,25.540000915527344,3860000,59272400,14278700,0
2022-06-08,172.77999877929688,388.12677001953125,97.2354507446289,23.959999084472656,172.77999877929688,411.2200012207031,114.0999984741211,23.959999084472656,173.4499969482422,415.82000732421875,115.12999725341797,24.780000686645508,172.6699981689453,410.3800048828125,114.08000183105469,23.739999771118164,172.88999938964844,413.92999267578125,114.68000030517578,24.3700008392334,5140800,64350000,11476100,0
2022-06-09,172.22999572753906,378.8960266113281,97.55928802490234,26.09000015258789,172.22999572753906,401.44000244140625,114.4800033569336,26.09000015258789,172.58999633789062,411.739990234375,114.70999908447266,26.239999771118164,171.5800018310547,401.44000244140625,113.68000030517578,23.81999969482422,172.4499969482422,409.3399963378906,113.83999633789062,24.290000915527344,4701100,86289800,15527300,0
2022-06-10,174.5399932861328,367.90966796875,96.9542236328125,27.75,174.5399932861328,389.79998779296875,113.7699966430664,27.75,174.94000244140625,395.7799987792969,114.61000061035156,29.6299991607666,170.4600067138672,389.75,112.97000122070312,26.049999237060547,170.88999938964844,394.8800048828125,114.36000061035156,26.260000228881836,16856100,132893900,21917100,0
2022-06-13,169.92999267578125,353.94085693359375,93.91188049316406,34.02000045776367,169.92999267578125,375.0,110.19999694824219,34.02000045776367,171.33999633789062,381.80999755859375,111.66999816894531,35.04999923706055,169.61000061035156,373.29998779296875,109.23999786376953,31.290000915527344,171.17999267578125,379.8500061035156,111.48999786376953,31.3700008392334,13265200,170004900,36968300,0
2022-06-14,168.57000732421875,352.874267578125,92.72734069824219,32.689998626708984,168.57000732421875,373.8699951171875,108.80999755859375,32.689998626708984,169.72999572753906,377.94000244140625,110.9800033569336,34.0,168.3000030517578,370.5899963378906,108.58999633789062,32.060001373291016,169.61000061035156,376.8500061035156,110.52999877929688,33.0099983215332,7347900,104011800,21865900,0
2022-06-15,170.77000427246094,357.9049072265625,94.45726013183594,29.6200008392334,170.77000427246094,379.20001220703125,110.83999633789062,29.6200008392334,171.83999633789062,383.8999938964844,110.98999786376953,32.77000045776367,169.0800018310547,372.1199951171875,109.02999877929688,27.760000228881836,170.39999389648438,377.3599853515625,110.08999633789062,32.38999938964844,9000300,125666800,25202800,0
2022-06-16,172.69000244140625,346.0597229003906,95.20723724365234,32.95000076293945,172.69000244140625,366.6499938964844,111.72000122070312,32.95000076293945,172.77000427246094,370.94000244140625,111.72000122070312,34.81999969482422,170.1699981689453,364.0799865722656,108.12000274658203,30.350000381469727,170.55999755859375,370.510009765625,108.44999694824219,30.350000381469727,8823600,134473300,26067300,0
2022-06-17,171.27000427246094,346.8056945800781,95.5140151977539,31.1299991607666,171.27000427246094,365.8599853515625,112.08000183105469,31.1299991607666,172.3000030517578,369.3800048828125,112.83000183105469,33.310001373291016,170.97000122070312,362.1700134277344,110.95999908447266,30.469999313354492,172.14999389648438,365.510009765625,112.01000213623047,32.84000015258789,7407200,111113900,21614300,0
2022-06-21,170.6300048828125,355.5360412597656,93.89484405517578,30.190000534057617,170.6300048828125,375.07000732421875,110.18000030517578,30.190000534057617,171.91000366210938,376.5299987792969,111.0199966430664,30.649999618530273,170.47000122070312,371.80999755859375,109.80999755859375,29.329999923706055,171.05999755859375,371.8900146484375,110.08999633789062,30.6299991607666,5608500,76811900,17663800,0
2022-06-22,171.30999755859375,354.8915100097656,96.47699737548828,28.950000762939453,171.30999755859375,374.3900146484375,113.20999908447266,28.950000762939453,172.3000030517578,378.7200012207031,113.30999755859375,31.56999969482422,171.10000610351562,370.17999267578125,112.37999725341797,28.780000686645508,171.61000061035156,370.6199951171875,112.69000244140625,31.450000762939453,6558700,90059400,23703800,0
2022-06-23,170.25999450683594,358.370361328125,97.26952362060547,29.049999237060547,170.25999450683594,378.05999755859375,114.13999938964844,29.049999237060547,172.1300048828125,378.8299865722656,115.16999816894531,29.770000457763672,169.89999389648438,372.8900146484375,113.48999786376953,28.739999771118164,171.38999938964844,376.6400146484375,113.9000015258789,29.290000915527344,6535300,79292100,20669200,0
2022-06-24,170.08999633789062,369.7643127441406,95.92304992675781,27.229999542236328,170.08999633789062,390.0799865722656,112.55999755859375,27.229999542236328,170.74000549316406,390.0899963378906,114.16999816894531,29.719999313354492,169.85000610351562,381.3699951171875,112.5,26.829999923706055,170.24000549316406,381.3999938964844,113.45999908447266,29.06999969482422,6143100,98050300,18161300,0
2022-06-27,169.89999389648438,368.3519287109375,95.10494995117188,26.950000762939453,169.89999389648438,388.5899963378906,111.5999984741211,26.950000762939453,170.6699981689453,391.3599853515625,112.22000122070312,28.65999984741211,169.75,387.44000244140625,111.16000366210938,26.93000030517578,170.60000610351562,391.04998779296875,111.22000122070312,28.299999237060547,5719700,66009600,12053000,0
2022-06-28,169.6199951171875,360.8255310058594,95.54810333251953,28.360000610351562,169.6199951171875,380.6499938964844,112.12000274658203,28.360000610351562,170.2100067138672,393.1600036621094,112.18000030517578,28.68000030517578,169.50999450683594,380.5299987792969,110.87000274658203,26.469999313354492,170.07000732421875,390.2300109863281,111.29000091552734,26.899999618530273,2982700,86548900,13706600,0
2022-06-29,169.49000549316406,360.5316162109375,97.03946685791016,28.15999984741211,169.49000549316406,380.3399963378906,113.87000274658203,28.15999984741211,170.6999969482422,382.2699890136719,113.9000015258789,29.360000610351562,169.1699981689453,378.4200134277344,112.16999816894531,27.850000381469727,170.5800018310547,381.2300109863281,112.37999725341797,28.799999237060547,4785600,65676000,12925400,0
2022-06-30,168.4600067138672,357.6025390625,97.8916015625,28.709999084472656,168.4600067138672,377.25,114.87000274658203,28.709999084472656,169.9600067138672,380.6600036621094,115.7699966430664,30.219999313354492,168.24000549316406,372.55999755859375,114.75,28.280000686645508,169.50999450683594,376.239990234375,114.86000061035156,29.420000076293945,9144400,112508300,25802100,0
2022-07-01,168.32000732421875,361.384765625,98.89666748046875,26.700000762939453,168.32000732421875,381.239990234375,115.81999969482422,26.700000762939453,168.67999267578125,381.70001220703125,117.58999633789062,29.59000015258789,166.9600067138672,373.79998779296875,115.22000122070312,26.690000534057617,167.13999938964844,376.55999755859375,115.9000015258789,29.530000686645508,11380300,74839700,21858800,0
2022-07-05,164.75,362.0672607421875,99.6737060546875,27.540000915527344,164.75,381.9599914550781,116.7300033569336,27.540000915527344,167.3300018310547,381.9800109863281,117.75,29.81999969482422,164.41000366210938,372.8999938964844,116.16999816894531,27.299999237060547,167.17999267578125,375.8800048828125,116.88999938964844,27.3700008392334,14035400,81438000,16689700,0
2022-07-06,162.13999938964844,363.2900390625,98.00006103515625,26.729999542236328,162.13999938964844,383.25,114.7699966430664,26.729999542236328,164.57000732421875,385.8699951171875,117.54000091552734,28.06999969482422,161.47000122070312,379.6000061035156,114.7699966430664,26.43000030517578,164.32000732421875,382.1099853515625,117.38999938964844,27.84000015258789,11861100,70426200,20205400,0
2022-07-07,162.22999572753906,368.7310485839844,97.1376724243164,26.079999923706055,162.22999572753906,388.989990234375,113.76000213623047,26.079999923706055,163.0399932861328,389.8299865722656,115.16999816894531,26.790000915527344,162.05999755859375,383.2699890136719,113.51000213623047,25.65999984741211,162.42999267578125,385.1199951171875,115.0999984741211,26.729999542236328,4588400,64525900,13088000,0
2022-07-08,162.3000030517578,368.4278564453125,96.06177520751953,24.639999389648438,162.3000030517578,388.6700134277344,112.5,24.639999389648438,163.3800048828125,390.6400146484375,113.5,26.610000610351562,161.83999633789062,385.6600036621094,112.05000305175781,24.43000030517578,162.35000610351562,387.2699890136719,113.5,26.40999984741211,4584100,72397800,15320000,0
2022-07-11,161.42999267578125,364.21905517578125,97.71830749511719,26.170000076293945,161.42999267578125,384.2300109863281,114.44000244140625,26.170000076293945,162.44000244140625,386.8699951171875,114.79000091552734,26.739999771118164,161.3800048828125,383.5,113.69999694824219,25.790000915527344,161.92999267578125,385.8500061035156,113.79000091552734,26.420000076293945,4321700,58366900,13639900,0
2022-07-12,160.8300018310547,360.99609375,98.29894256591797,27.290000915527344,160.8300018310547,380.8299865722656,115.12000274658203,27.290000915527344,161.6199951171875,386.1600036621094,116.2300033569336,27.75,160.72000122070312,378.989990234375,114.97000122070312,25.81999969482422,161.22000122070312,383.6499938964844,115.51000213623047,27.139999389648438,5375100,62219200,18547300,0
2022-07-13,161.60000610351562,359.10028076171875,99.42605590820312,26.81999969482422,161.60000610351562,378.8299865722656,116.44000244140625,26.81999969482422,162.7100067138672,381.9200134277344,116.6500015258789,29.059999465942383,160.05999755859375,374.6600036621094,113.44999694824219,26.229999542236328,160.10000610351562,375.1000061035156,113.7699966430664,27.350000381469727,8456600,84224600,20594800,0
2022-07-14,159.3300018310547,358.2281799316406,98.61490631103516,26.399999618530273,159.3300018310547,377.9100036621094,115.48999786376953,26.399999618530273,159.8300018310547,379.04998779296875,116.16000366210938,28.450000762939453,158.22000122070312,371.0400085449219,114.47000122070312,26.200000762939453,159.02000427246094,373.6099853515625,115.08000183105469,27.469999313354492,12213600,89704800,15665000,0
2022-07-15,159.00999450683594,365.0721130371094,99.16989135742188,24.229999542236328,159.00999450683594,385.1300048828125,116.13999938964844,24.229999542236328,159.25,385.25,116.81999969482422,26.719999313354492,158.35000610351562,380.5400085449219,115.5999984741211,24.1299991607666,159.00999450683594,382.54998779296875,115.83999633789062,26.719999313354492,6783800,79060400,16022600,0
2022-07-18,159.16000366210938,362.0577697753906,98.13668823242188,25.299999237060547,159.16000366210938,381.95001220703125,114.93000030517578,25.299999237060547,160.42999267578125,389.0899963378906,115.31999969482422,25.90999984741211,159.0500030517578,380.6600036621094,114.18000030517578,24.3799991607666,160.0800018310547,388.3800048828125,115.25,24.829999923706055,5791800,63203600,15838300,0
2022-07-19,159.5399932861328,371.8403015136719,97.6072998046875,24.5,159.5399932861328,392.2699890136719,114.30999755859375,24.5,159.8699951171875,392.8699951171875,115.1500015258789,25.40999984741211,159.3300018310547,385.3900146484375,113.66000366210938,24.229999542236328,159.47000122070312,386.0799865722656,114.91000366210938,25.1200008392334,3796200,78506000,9276800,0
2022-07-20,158.0399932861328,374.2100524902344,97.86347961425781,23.8799991607666,158.0399932861328,394.7699890136719,114.61000061035156,23.8799991607666,159.82000732421875,396.260009765625,115.55000305175781,24.729999542236328,158.02999877929688,391.0299987792969,114.05000305175781,23.399999618530273,159.7100067138672,392.4700012207031,115.4800033569336,24.229999542236328,4795800,71843800,9117300,0
2022-07-21,160.27000427246094,378.020751953125,99.55412292480469,23.110000610351562,160.27000427246094,398.7900085449219,116.58999633789062,23.110000610351562,160.30999755859375,398.8399963378906,116.72000122070312,24.670000076293945,158.27000427246094,391.6300048828125,115.01000213623047,22.920000076293945,158.30999755859375,394.1600036621094,115.19000244140625,24.06999969482422,5863300,64903900,14754900,0
2022-07-22,160.6699981689453,374.513427734375,101.22777557373047,23.030000686645508,160.6699981689453,395.0899963378906,118.55000305175781,23.030000686645508,162.1300048828125,400.17999267578125,119.2699966430664,23.809999465942383,160.35000610351562,392.75,117.97000122070312,22.40999984741211,160.5500030517578,398.9200134277344,118.29000091552734,23.299999237060547,5733800,72197300,17715300,0
2022-07-25,160.22999572753906,374.968505859375,100.23725128173828,23.360000610351562,160.22999572753906,395.57000732421875,117.38999938964844,23.360000610351562,160.6999969482422,396.4700012207031,117.54000091552734,24.56999969482422,159.80999755859375,393.2099914550781,116.47000122070312,23.190000534057617,160.63999938964844,395.75,116.70999908447266,24.329999923706055,3713400,53631500,24868100,0
2022-07-26,160.0399932861328,370.53216552734375,100.31407165527344,24.690000534057617,160.0399932861328,390.8900146484375,117.4800033569336,24.690000534057617,160.5,394.05999755859375,119.23999786376953,25.309999465942383,159.7899932861328,389.95001220703125,117.4000015258789,23.81999969482422,160.22999572753906,393.8399963378906,118.86000061035156,23.950000762939453,2672800,52946400,13536000,0
2022-07-27,161.6699981689453,380.153564453125,99.75052642822266,23.239999771118164,161.6699981689453,401.0400085449219,116.81999969482422,23.239999771118164,162.2100067138672,402.8800048828125,118.48999786376953,24.40999984741211,159.50999450683594,394.04998779296875,116.70999908447266,23.020000457763672,160.02000427246094,394.3599853515625,118.01000213623047,24.270000457763672,5766100,82342100,15725600,0
2022-07-28,163.63999938964844,384.92156982421875,100.5446548461914,22.329999923706055,163.63999938964844,406.07000732421875,117.75,22.329999923706055,163.75999450683594,406.79998779296875,118.91999816894531,23.540000915527344,162.8800048828125,398.1499938964844,117.31999969482422,22.219999313354492,163.30999755859375,401.8900146484375,118.05000305175781,23.329999923706055,5606400,73966600,16637900,0
2022-07-29,164.10000610351562,390.53326416015625,100.27139282226562,21.329999923706055,164.10000610351562,411.989990234375,117.43000030517578,21.329999923706055,164.69000244140625,413.0299987792969,119.30999755859375,22.15999984741211,163.27999877929688,406.7699890136719,117.33000183105469,21.209999084472656,163.88999938964844,407.5799865722656,117.69999694824219,22.1299991607666,7537300,87003700,16655900,0
2022-08-01,165.02999877929688,389.3768005371094,102.68630981445312,22.84000015258789,165.02999877929688,410.7699890136719,120.04000091552734,22.84000015258789,165.41000366210938,413.4100036621094,120.0999984741211,23.270000457763672,164.41000366210938,408.3999938964844,118.08000183105469,22.260000228881836,164.97999572753906,409.1499938964844,118.25,22.40999984741211,4666900,69997500,17974600,0
2022-08-02,164.0500030517578,386.8079528808594,100.51348114013672,23.93000030517578,164.0500030517578,408.05999755859375,117.5,23.93000030517578,166.4600067138672,413.0,120.69000244140625,24.68000030517578,164.02000427246094,406.82000732421875,117.29000091552734,22.670000076293945,165.66000366210938,409.1199951171875,120.1500015258789,24.079999923706055,5725400,63435400,17896300,0
2022-08-03,164.4499969482422,392.86517333984375,102.09603118896484,21.950000762939453,164.4499969482422,414.45001220703125,119.3499984741211,21.950000762939453,164.91000366210938,415.67999267578125,119.48999786376953,23.920000076293945,163.47999572753906,410.0,116.33000183105469,21.68000030517578,164.77000427246094,410.29998779296875,117.16999816894531,23.860000610351562,4417800,67820600,16731200,0
2022-08-04,167.1699981689453,392.5997314453125,102.06184387207031,21.440000534057617,167.1699981689453,414.1700134277344,119.30999755859375,21.440000534057617,167.30999755859375,415.0899963378906,119.55000305175781,22.65999984741211,165.33999633789062,412.44000244140625,118.54000091552734,21.440000534057617,165.52999877929688,414.3699951171875,118.9800033569336,22.059999465942383,5502000,45656600,11003000,0
2022-08-05,165.2899932861328,391.9361572265625,99.63241577148438,21.149999618530273,165.2899932861328,413.4700012207031,116.47000122070312,21.149999618530273,165.83999633789062,414.1499938964844,117.11000061035156,22.579999923706055,164.8699951171875,409.6000061035156,115.88999938964844,20.760000228881836,164.99000549316406,409.6600036621094,117.06999969482422,21.5,6023300,56814900,19492300,0
2022-08-08,166.69000244140625,391.481201171875,101.24061584472656,21.290000915527344,166.69000244140625,412.989990234375,118.3499984741211,21.290000915527344,166.80999755859375,417.6199951171875,118.52999877929688,22.010000228881836,165.92999267578125,411.8299865722656,117.55999755859375,20.829999923706055,166.02999877929688,415.25,117.63999938964844,21.739999771118164,3456300,53886100,17476300,0
2022-08-09,167.1999969482422,389.9266052246094,100.84711456298828,21.770000457763672,167.1999969482422,411.3500061035156,117.88999938964844,21.770000457763672,167.8000030517578,412.75,118.36000061035156,22.229999542236328,166.82000732421875,410.2200012207031,117.45999908447266,21.40999984741211,167.47999572753906,412.2200012207031,117.7300033569336,21.40999984741211,3205500,44931800,8223200,0
2022-08-10,166.77999877929688,398.1165771484375,100.1884536743164,19.739999771118164,166.77999877929688,419.989990234375,117.12000274658203,19.739999771118164,167.97999572753906,420.1400146484375,118.91000366210938,22.34000015258789,166.6199951171875,416.7200012207031,116.7300033569336,19.540000915527344,167.38999938964844,418.7799987792969,117.7300033569336,22.280000686645508,4077300,68665700,14665300,0
2022-08-11,166.33999633789062,398.1165771484375,97.85313415527344,20.200000762939453,166.33999633789062,419.989990234375,114.38999938964844,20.200000762939453,167.66000366210938,424.95001220703125,117.05999755859375,20.850000381469727,166.30999755859375,419.2099914550781,114.08999633789062,19.709999084472656,167.16000366210938,422.989990234375,116.87000274658203,19.84000015258789,4446000,59489700,20663800,0
2022-08-12,167.8699951171875,404.85638427734375,98.84540557861328,19.530000686645508,167.8699951171875,427.1000061035156,115.55000305175781,19.530000686645508,167.94000244140625,427.2099914550781,115.56999969482422,20.350000381469727,166.8300018310547,421.0299987792969,114.43000030517578,19.1200008392334,167.1699981689453,422.0299987792969,115.0999984741211,20.34000015258789,5151700,61694500,12178400,0
2022-08-15,165.7100067138672,406.524658203125,98.75985717773438,19.950000762939453,165.7100067138672,428.8599853515625,115.44999694824219,19.950000762939453,166.25,429.4100036621094,116.75,21.15999984741211,165.44000244140625,424.7099914550781,115.44999694824219,19.809999465942383,165.99000549316406,424.7699890136719,116.33000183105469,20.739999771118164,5236100,54048300,9031800,0
2022-08-16,165.4199981689453,407.3209533691406,99.17047119140625,19.690000534057617,165.4199981689453,429.70001220703125,115.93000030517578,19.690000534057617,165.72000122070312,431.7300109863281,116.0199966430664,20.389999389648438,165.17999267578125,426.8800048828125,114.23999786376953,19.5,165.30999755859375,427.7300109863281,115.25,20.229999542236328,4291500,59289000,11066000,0
2022-08-17,164.35000610351562,404.4297790527344,98.13542938232422,19.899999618530273,164.35000610351562,426.6499938964844,114.72000122070312,19.899999618530273,165.22999572753906,429.5,115.0999984741211,20.6299991607666,163.9499969482422,424.5400085449219,114.30999755859375,19.40999984741211,165.2100067138672,425.9100036621094,115.05999755859375,19.739999771118164,5569100,63563400,14131300,0
2022-08-18,163.9199981689453,405.6051940917969,98.28083038330078,19.559999465942383,163.9199981689453,427.8900146484375,114.88999938964844,19.559999465942383,164.91000366210938,428.6099853515625,115.63999938964844,20.610000610351562,163.5399932861328,425.5,114.58999633789062,19.43000030517578,164.60000610351562,426.8599853515625,114.97000122070312,20.510000228881836,3646100,49023200,10738200,0
2022-08-19,162.72000122070312,400.1546325683594,96.69827270507812,20.600000381469727,162.72000122070312,422.1400146484375,113.04000091552734,20.600000381469727,163.74000549316406,425.260009765625,113.33999633789062,21.270000457763672,162.6199951171875,421.2200012207031,112.73999786376953,20.079999923706055,163.64999389648438,424.9800109863281,113.2300033569336,20.15999984741211,8173000,68016900,16330900,0
2022-08-22,161.63999938964844,391.8224182128906,96.37319946289062,23.799999237060547,161.63999938964844,413.3500061035156,112.66000366210938,23.799999237060547,162.1199951171875,417.2300109863281,112.95999908447266,24.6200008392334,161.36000061035156,412.3999938964844,112.12999725341797,22.389999389648438,161.66000366210938,417.04998779296875,112.86000061035156,22.40999984741211,4458100,77695600,10457200,0
2022-08-23,162.77000427246094,390.8745422363281,95.84284973144531,24.110000610351562,162.77000427246094,412.3500061035156,112.04000091552734,24.110000610351562,163.42999267578125,415.4200134277344,113.4800033569336,24.209999084472656,161.91000366210938,411.7699890136719,111.73999786376953,23.06999969482422,161.9600067138672,412.8999938964844,112.19000244140625,24.1299991607666,4425100,49105200,17813200,0
2022-08-24,163.25,392.1258239746094,95.1413803100586,22.81999969482422,163.25,413.6700134277344,111.22000122070312,22.81999969482422,163.61000061035156,415.1099853515625,111.87000274658203,24.860000610351562,162.3699951171875,411.3900146484375,110.86000061035156,22.729999542236328,162.44000244140625,412.1099853515625,111.48999786376953,24.3700008392334,3202400,49177800,13971600,0
2022-08-25,163.75,397.6616516113281,96.4673080444336,21.780000686645508,163.75,419.510009765625,112.7699966430664,21.780000686645508,163.99000549316406,419.55999755859375,113.08999633789062,23.1299991607666,163.24000549316406,414.0899963378906,110.98999786376953,21.770000457763672,163.97000122070312,415.239990234375,111.31999969482422,22.40999984741211,2857500,50942300,21429700,0
2022-08-26,161.75999450683594,384.201171875,97.19440460205078,25.559999465942383,161.75999450683594,405.30999755859375,113.62000274658203,25.559999465942383,163.61000061035156,419.9599914550781,113.98999786376953,25.899999618530273,161.5500030517578,405.25,112.01000213623047,21.670000076293945,163.1199951171875,419.3900146484375,112.30000305175781,22.06999969482422,6689300,103087000,18764400,0
2022-08-29,161.86000061035156,381.6607666015625,96.39031219482422,26.209999084472656,161.86000061035156,402.6300048828125,112.68000030517578,26.209999084472656,162.6199951171875,405.8399963378906,113.01000213623047,27.670000076293945,161.6999969482422,401.20001220703125,112.12999725341797,25.469999313354492,161.8800048828125,402.20001220703125,112.94000244140625,26.860000610351562,4702300,65370800,14278300,0
2022-08-30,160.50999450683594,377.4709777832031,96.62981414794922,26.209999084472656,160.50999450683594,398.2099914550781,112.95999908447266,26.209999084472656,161.42999267578125,404.1000061035156,113.51000213623047,27.690000534057617,160.33999633789062,396.0,112.20999908447266,25.1299991607666,161.27000427246094,403.8500061035156,112.62000274658203,25.75,4856600,85652400,14346600,0
2022-08-31,159.27000427246094,374.5987243652344,95.70594787597656,25.8700008392334,159.27000427246094,395.17999267578125,111.87999725341797,25.8700008392334,160.57000732421875,401.239990234375,113.33999633789062,26.6200008392334,159.25999450683594,395.0400085449219,111.58000183105469,25.309999465942383,159.5,399.92999267578125,112.69000244140625,25.860000610351562,5438600,76029700,13623500,0
2022-09-01,157.8699951171875,375.7742004394531,93.9537582397461,25.559999465942383,157.8699951171875,396.4200134277344,109.5999984741211,25.559999465942383,158.38999938964844,396.7799987792969,110.25,27.450000762939453,157.32000732421875,390.0400085449219,108.94000244140625,25.25,158.1699981689453,392.8900146484375,109.87000274658203,26.8799991607666,7390800,78740100,22490400,0
2022-09-02,159.25999450683594,371.81182861328125,94.4852523803711,25.469999313354492,159.25999450683594,392.239990234375,110.22000122070312,25.469999313354492,160.05999755859375,401.55999755859375,110.55999755859375,26.280000686645508,159.13999938964844,390.3299865722656,109.47000122070312,23.190000534057617,159.35000610351562,400.2799987792969,109.68000030517578,25.510000228881836,5196900,99632100,13024400,0
2022-09-06,158.3300018310547,370.4089050292969,92.14498138427734,26.90999984741211,158.3300018310547,390.760009765625,107.48999786376953,26.90999984741211,159.4600067138672,394.1199951171875,108.97000122070312,27.799999237060547,158.32000732421875,388.4200134277344,107.41999816894531,25.329999923706055,159.1699981689453,393.1300048828125,108.9000015258789,25.459999084472656,4863800,76637400,24648500,0
2022-09-07,159.94000244140625,377.0633239746094,93.602294921875,24.639999389648438,159.94000244140625,397.7799987792969,109.19000244140625,24.639999389648438,160.14999389648438,398.5899963378906,109.4800033569336,27.149999618530273,158.0800018310547,390.20001220703125,108.20999908447266,24.540000915527344,158.14999389648438,390.42999267578125,108.31999969482422,26.93000030517578,3981400,70964200,17050100,0
2022-09-08,158.97999572753906,379.5279541015625,92.64216613769531,23.610000610351562,158.97999572753906,400.3800048828125,108.06999969482422,23.610000610351562,159.86000061035156,400.8599853515625,109.5199966430664,25.899999618530273,158.7100067138672,394.1199951171875,108.05000305175781,23.559999465942383,159.5399932861328,395.3900146484375,108.83999633789062,24.700000762939453,4607100,80821700,14671400,0
2022-09-09,159.82000732421875,385.4239501953125,92.84789276123047,22.790000915527344,159.82000732421875,406.6000061035156,108.30999755859375,22.790000915527344,160.24000549316406,407.510009765625,108.80000305175781,23.56999969482422,159.41000366210938,402.4599914550781,107.62999725341797,22.639999389648438,159.72000122070312,402.739990234375,108.33000183105469,23.489999771118164,3927800,76706900,12529800,0
2022-09-12,160.6300048828125,389.56640625,92.08495330810547,23.8700008392334,160.6300048828125,410.9700012207031,107.41999816894531,23.8700008392334,161.6199951171875,411.7300109863281,108.88999938964844,24.229999542236328,160.5500030517578,408.4599914550781,106.91999816894531,23.15999984741211,161.0399932861328,408.7799987792969,108.62999725341797,23.579999923706055,4537500,69256300,14806900,0
2022-09-13,158.5399932861328,372.62701416015625,92.29925537109375,27.270000457763672,158.5399932861328,393.1000061035156,107.66999816894531,27.270000457763672,159.27000427246094,403.1000061035156,107.73999786376953,28.149999618530273,158.38999938964844,391.9200134277344,106.23999786376953,23.530000686645508,158.47000122070312,401.8299865722656,106.55999755859375,23.670000076293945,6526400,122947100,22158900,0
2022-09-14,157.92999267578125,374.0489501953125,92.61650085449219,26.15999984741211,157.92999267578125,394.6000061035156,108.04000091552734,26.15999984741211,158.97999572753906,396.20001220703125,108.20999908447266,27.559999465942383,157.72999572753906,391.1199951171875,107.12000274658203,26.15999984741211,158.67999267578125,394.4700012207031,107.33999633789062,26.729999542236328,6091100,85023700,13077800,0
2022-09-15,154.97999572753906,369.80230712890625,92.55646514892578,26.270000457763672,154.97999572753906,390.1199951171875,107.97000122070312,26.270000457763672,157.49000549316406,395.9599914550781,108.19000244140625,26.93000030517578,154.6199951171875,388.7799987792969,107.58000183105469,25.420000076293945,156.75999450683594,392.9599914550781,107.8499984741211,26.100000381469727,13181200,87633800,10260200,0
2022-09-16,155.83999633789062,366.9811096191406,91.78494262695312,26.299999237060547,155.83999633789062,385.55999755859375,107.06999969482422,26.299999237060547,156.55999755859375,386.25,108.05000305175781,28.450000762939453,154.33999633789062,382.1099853515625,106.7699966430664,26.139999389648438,154.66000366210938,384.1400146484375,107.02999877929688,27.469999313354492,7141200,103084800,18903800,0
2022-09-19,155.9600067138672,369.8269958496094,91.9992446899414,25.760000228881836,155.9600067138672,388.54998779296875,107.31999969482422,25.760000228881836,156.0399932861328,388.54998779296875,107.81999969482422,27.950000762939453,154.82000732421875,382.17999267578125,106.80000305175781,25.559999465942383,154.8699951171875,382.260009765625,106.95999908447266,27.690000534057617,5582800,73278500,11084400,0
2022-09-20,155.07000732421875,365.58197021484375,91.08199310302734,27.15999984741211,155.07000732421875,384.0899963378906,106.25,27.15999984741211,155.22999572753906,386.1199951171875,106.83999633789062,27.809999465942383,154.58999633789062,381.20001220703125,105.4000015258789,25.610000610351562,155.02999877929688,385.05999755859375,105.69000244140625,25.649999618530273,5943700,77274900,20133800,0
2022-09-21,155.7899932861328,359.2048034667969,92.60790252685547,27.989999771118164,155.7899932861328,377.3900146484375,108.02999877929688,27.989999771118164,157.25,389.30999755859375,108.04000091552734,30.18000030517578,154.00999450683594,377.3800048828125,105.97000122070312,25.549999237060547,155.97000122070312,386.1099853515625,106.69999694824219,28.030000686645508,7816100,106746600,23132900,0
2022-09-22,155.6999969482422,356.18756103515625,90.24190521240234,27.350000381469727,155.6999969482422,374.2200012207031,105.2699966430664,27.350000381469727,156.47999572753906,378.29998779296875,105.95999908447266,28.3799991607666,155.30999755859375,373.44000244140625,104.7300033569336,26.709999084472656,156.25999450683594,376.5799865722656,105.79000091552734,28.15999984741211,5975200,89472600,29030600,0
2022-09-23,153.00999450683594,350.2196960449219,90.6104965209961,29.920000076293945,153.00999450683594,367.95001220703125,105.69999694824219,29.920000076293945,154.0,370.6199951171875,106.43000030517578,32.310001373291016,152.63999938964844,363.2900085449219,104.55999755859375,27.579999923706055,153.89999389648438,370.5799865722656,105.33999633789062,27.68000030517578,9598000,122346900,23042200,0
2022-09-26,151.22999572753906,346.7550354003906,88.87889862060547,32.2599983215332,151.22999572753906,364.30999755859375,103.68000030517578,32.2599983215332,153.50999450683594,370.2099914550781,105.41000366210938,32.880001068115234,151.02999877929688,363.0299987792969,103.22000122070312,29.829999923706055,153.22000122070312,366.4100036621094,105.36000061035156,31.739999771118164,8240500,92581200,25104600,0
2022-09-27,151.5399932861328,345.8699035644531,86.53861236572266,32.599998474121094,151.5399932861328,363.3800048828125,100.94999694824219,32.599998474121094,152.72999572753906,370.3999938964844,102.9800033569336,34.13999938964844,151.5,360.8699951171875,100.9000015258789,30.299999237060547,152.25,368.0199890136719,102.70999908447266,31.200000762939453,7151300,108294100,34609500,0
2022-09-28,154.69000244140625,352.67535400390625,89.43608856201172,30.18000030517578,154.69000244140625,370.5299987792969,104.33000183105469,30.18000030517578,154.8800048828125,372.29998779296875,104.44999694824219,34.880001068115234,152.92999267578125,362.6000061035156,102.4800033569336,30.030000686645508,153.1999969482422,364.3800048828125,103.12999725341797,34.5,8977200,110802200,39283100,0
2022-09-29,154.66000366210938,345.3083190917969,88.97320556640625,31.84000015258789,154.66000366210938,362.7900085449219,103.79000091552734,31.84000015258789,155.02999877929688,367.1099853515625,104.2300033569336,33.459999084472656,153.16000366210938,359.70001220703125,102.80000305175781,31.15999984741211,154.13999938964844,366.80999755859375,102.9000015258789,31.670000076293945,6317000,112952300,19127100,0
2022-09-30,154.6699981689453,339.9685974121094,87.82447052001953,31.6200008392334,154.6699981689453,357.17999267578125,102.44999694824219,31.6200008392334,156.0399932861328,365.9100036621094,104.86000061035156,33.25,154.57000732421875,357.0400085449219,102.2300033569336,29.389999389648438,154.94000244140625,361.79998779296875,104.2699966430664,31.610000610351562,6832400,153711200,26485700,0
2022-10-03,158.42999267578125,348.9441833496094,89.21996307373047,30.100000381469727,158.42999267578125,366.6099853515625,103.83000183105469,30.100000381469727,158.47999572753906,368.54998779296875,104.68000030517578,33.060001373291016,155.22999572753906,359.2099914550781,103.1500015258789,29.6299991607666,155.44000244140625,361.0799865722656,103.8499984741211,33.0,10362200,89756500,27192200,0
2022-10-04,160.6999969482422,359.7568664550781,88.97078704833984,29.06999969482422,160.6999969482422,377.9700012207031,103.54000091552734,29.06999969482422,161.0800018310547,378.0,104.6500015258789,29.6200008392334,158.9199981689453,366.57000732421875,103.30000305175781,28.559999465942383,159.17999267578125,372.3999938964844,104.1500015258789,29.520000457763672,8024500,103602800,13788700,0
2022-10-05,159.80999755859375,358.91925048828125,88.12007141113281,28.549999237060547,159.80999755859375,377.0899963378906,102.55000305175781,28.549999237060547,160.0800018310547,379.4599914550781,102.83999633789062,30.110000610351562,158.3800048828125,370.95001220703125,101.58000183105469,28.5,159.32000732421875,373.3900146484375,102.7300033569336,29.360000610351562,5296300,88065700,20522100,0
2022-10-06,159.6300048828125,355.21673583984375,87.63027954101562,30.520000457763672,159.6300048828125,373.20001220703125,101.9800033569336,30.520000457763672,159.94000244140625,378.7200012207031,102.83999633789062,30.739999771118164,158.9499969482422,372.67999267578125,101.52999877929688,28.559999465942383,159.41000366210938,375.6199951171875,102.58999633789062,28.600000381469727,5712600,82333500,13965700,0
2022-10-07,157.8800048828125,345.3083190917969,86.7795639038086,31.360000610351562,157.8800048828125,362.7900085449219,100.98999786376953,31.360000610351562,158.97999572753906,373.2900085449219,101.62000274658203,32.02000045776367,157.67999267578125,360.94000244140625,100.47000122070312,29.8799991607666,158.4600067138672,368.9700012207031,100.80999755859375,30.3700008392334,5030000,107789500,14814800,0
2022-10-10,155.47999572753906,342.6717529296875,85.43049621582031,32.45000076293945,155.47999572753906,360.0199890136719,99.41999816894531,32.45000076293945,156.35000610351562,364.2099914550781,100.51000213623047,33.9900016784668,155.1199951171875,357.6700134277344,98.80000305175781,32.04999923706055,155.94000244140625,363.9599914550781,100.5,32.93000030517578,6110800,76042800,15652600,0
2022-10-11,155.16000366210938,340.50164794921875,85.8085708618164,33.630001068115234,155.16000366210938,357.739990234375,99.86000061035156,33.630001068115234,156.80999755859375,363.0299987792969,100.9000015258789,34.43000030517578,154.9199981689453,355.7099914550781,98.98999786376953,32.45000076293945,155.49000549316406,358.239990234375,99.73999786376953,33.560001373291016,5306700,92482800,33246700,0
2022-10-12,155.99000549316406,339.37847900390625,86.2296371459961,33.56999969482422,155.99000549316406,356.55999755859375,100.3499984741211,33.56999969482422,156.2899932861328,359.82000732421875,100.54000091552734,34.529998779296875,155.25999450683594,356.29998779296875,99.19000244140625,33.11000061035156,155.50999450683594,358.1700134277344,99.27999877929688,33.540000915527344,3998500,76991800,21447600,0
2022-10-13,154.91000366210938,348.3350524902344,85.4047622680664,31.940000534057617,154.91000366210938,365.9700012207031,99.38999938964844,31.940000534057617,155.72999572753906,367.510009765625,100.37999725341797,33.869998931884766,152.9199981689453,348.1099853515625,98.33999633789062,31.6299991607666,153.47999572753906,349.2099914550781,98.36000061035156,33.599998474121094,7083800,147254500,30292500,0
2022-10-14,152.97999572753906,340.3970031738281,84.70010375976562,32.02000045776367,152.97999572753906,357.6300048828125,98.56999969482422,32.02000045776367,154.1999969482422,370.260009765625,100.19000244140625,32.97999954223633,152.72000122070312,356.9599914550781,98.25,31.139999389648438,154.02000427246094,368.54998779296875,100.19000244140625,31.889999389648438,5471900,123737000,18728200,0
2022-10-17,153.4199981689453,349.1440734863281,84.28764343261719,31.3700008392334,153.4199981689453,366.82000732421875,98.08999633789062,31.3700008392334,155.3300018310547,367.9800109863281,99.66000366210938,32.59000015258789,153.32000732421875,357.2799987792969,97.94000244140625,30.700000762939453,154.9199981689453,364.010009765625,99.29000091552734,32.27000045776367,4348000,93168200,18969900,0
2022-10-18,153.75,353.2464599609375,84.48527526855469,30.5,153.75,371.1300048828125,98.31999969482422,30.5,154.24000549316406,375.45001220703125,98.45999908447266,31.93000030517578,153.24000549316406,367.5199890136719,96.87000274658203,30.420000076293945,154.0800018310547,375.1300048828125,97.94999694824219,31.100000381469727,4528400,97162900,16931500,0
2022-10-19,151.69000244140625,350.74310302734375,82.94715881347656,30.760000228881836,151.69000244140625,368.5,96.52999877929688,30.760000228881836,152.49000549316406,371.8500061035156,97.41999816894531,31.899999618530273,151.5399932861328,365.54998779296875,96.31999969482422,30.760000228881836,152.08999633789062,368.989990234375,97.19000244140625,30.940000534057617,8257100,79746900,25431600,0
2022-10-20,151.4499969482422,347.802001953125,81.529296875,29.979999542236328,151.4499969482422,365.4100036621094,94.87999725341797,29.979999542236328,153.22999572753906,372.6700134277344,96.33000183105469,31.31999969482422,151.27000427246094,364.6099853515625,94.73999786376953,29.760000228881836,151.9199981689453,368.0299987792969,95.93000030517578,31.299999237060547,5019800,88283100,25434900,0
2022-10-21,154.14999389648438,356.2541809082031,80.05994415283203,29.690000534057617,154.14999389648438,374.2900085449219,93.16999816894531,29.690000534057617,154.30999755859375,374.79998779296875,93.93000030517578,30.440000534057617,151.8300018310547,363.5400085449219,92.26000213623047,29.239999771118164,151.97999572753906,365.1199951171875,93.0199966430664,30.209999084472656,6898400,131038400,46280300,0
2022-10-24,153.64999389648438,360.61346435546875,79.39830017089844,29.850000381469727,153.64999389648438,378.8699951171875,92.4000015258789,29.850000381469727,154.05999755859375,380.05999755859375,93.55000305175781,30.950000762939453,153.05999755859375,373.1099853515625,91.8499984741211,29.780000686645508,153.4499969482422,375.8900146484375,92.81999969482422,30.649999618530273,4673300,85436900,31332600,0
2022-10-25,154.0,366.3719177246094,81.70977020263672,28.459999084472656,154.0,384.9200134277344,95.08999633789062,28.459999084472656,154.7899932861328,385.25,95.2300033569336,30.0,153.8300018310547,378.6700134277344,94.44000244140625,28.219999313354492,153.9600067138672,378.7900085449219,94.58000183105469,29.799999237060547,3434100,78846300,31213100,0
2022-10-26,154.97999572753906,363.61163330078125,82.8869857788086,27.280000686645508,154.97999572753906,382.0199890136719,96.45999908447266,27.280000686645508,155.72999572753906,387.5799865722656,96.69000244140625,28.520000457763672,154.77999877929688,381.3500061035156,95.7699966430664,27.270000457763672,154.77999877929688,381.6199951171875,95.7699966430664,28.440000534057617,4448200,104087300,24843900,0
2022-10-27,154.74000549316406,361.66998291015625,83.7548828125,27.389999389648438,154.74000549316406,379.9800109863281,97.47000122070312,27.389999389648438,155.08999633789062,385.0,97.9000015258789,27.670000076293945,154.22000122070312,379.3299865722656,96.22000122070312,26.940000534057617,154.7100067138672,383.07000732421875,96.9800033569336,27.510000228881836,3654900,81971800,20270000,0
2022-10-28,153.16000366210938,370.2743225097656,83.17914581298828,25.75,153.16000366210938,389.0199890136719,96.80000305175781,25.75,153.5399932861328,389.5199890136719,97.62999725341797,27.59000015258789,152.5,379.67999267578125,96.41000366210938,25.75,152.9600067138672,379.8699951171875,96.86000061035156,27.43000030517578,4645400,100302000,22244100,0
2022-10-31,151.91000366210938,367.5997314453125,82.58625030517578,25.8799991607666,151.91000366210938,386.2099914550781,96.11000061035156,25.8799991607666,152.8699951171875,388.3999938964844,96.62000274658203,27.06999969482422,151.88999938964844,385.260009765625,95.02999877929688,25.84000015258789,152.16000366210938,386.44000244140625,96.36000061035156,26.90999984741211,6097800,96631300,23956700,0
2022-11-01,153.4600067138672,365.99114990234375,83.35807800292969,25.809999465942383,153.4600067138672,384.5199890136719,96.7699966430664,25.809999465942383,153.97999572753906,390.3900146484375,97.41999816894531,26.350000381469727,152.8699951171875,383.2900085449219,96.20999908447266,25.65999984741211,153.82000732421875,390.1400146484375,97.37999725341797,25.959999084472656,4603600,85407600,17585100,0
2022-11-02,152.38999938964844,356.80621337890625,82.99627685546875,25.860000610351562,152.38999938964844,374.8699951171875,96.3499984741211,25.860000610351562,155.4199981689453,388.6300048828125,97.62999725341797,26.6200008392334,152.25999450683594,374.760009765625,95.95999908447266,25.389999389648438,154.16000366210938,383.8999938964844,96.91000366210938,26.040000915527344,7210900,126990400,25010500,0
2022-11-03,151.80999755859375,353.1322326660156,82.54835510253906,25.299999237060547,151.80999755859375,371.010009765625,95.83000183105469,25.299999237060547,151.9600067138672,374.20001220703125,96.37999725341797,26.8700008392334,150.57000732421875,368.7900085449219,95.08999633789062,25.100000381469727,150.6999969482422,371.4700012207031,95.16999816894531,25.979999542236328,5378800,87100100,29097500,0
2022-11-04,156.47000122070312,358.2148742675781,81.16149139404297,24.549999237060547,156.47000122070312,376.3500061035156,94.22000122070312,24.549999237060547,156.60000610351562,378.8699951171875,95.66000366210938,25.709999084472656,154.66000366210938,370.0,94.22000122070312,24.0,154.9499969482422,377.0,95.0999984741211,25.6299991607666,7692000,103505200,23561400,0
2022-11-07,155.85000610351562,361.64141845703125,80.35177612304688,24.350000381469727,155.85000610351562,379.95001220703125,93.27999877929688,24.350000381469727,156.57000732421875,380.57000732421875,94.86000061035156,25.670000076293945,155.80999755859375,375.5299987792969,93.23999786376953,24.34000015258789,156.22000122070312,377.7099914550781,94.80000305175781,25.670000076293945,4425700,68286900,14522800,0
2022-11-08,159.4499969482422,363.5926208496094,81.23039245605469,25.540000915527344,159.4499969482422,382.0,94.30000305175781,25.540000915527344,159.8699951171875,385.1199951171875,94.95999908447266,26.15999984741211,155.97999572753906,377.7200012207031,93.7699966430664,24.239999771118164,155.99000549316406,381.1099853515625,93.80000305175781,24.709999084472656,11299600,84641100,20360600,0
2022-11-09,158.64999389648438,356.1018371582031,81.49742889404297,26.09000015258789,158.64999389648438,374.1300048828125,94.61000061035156,26.09000015258789,160.35000610351562,381.1400146484375,95.0199966430664,26.350000381469727,158.4499969482422,373.6099853515625,93.69000244140625,25.020000457763672,159.36000061035156,379.92999267578125,93.81999969482422,25.34000015258789,6040600,78495500,15637500,0
2022-11-10,163.47999572753906,375.67120361328125,84.63294219970703,23.530000686645508,163.47999572753906,394.69000244140625,98.25,23.530000686645508,163.50999450683594,395.0400085449219,98.43000030517578,26.59000015258789,161.66000366210938,385.6400146484375,96.63999938964844,22.84000015258789,162.00999450683594,388.04998779296875,96.7300033569336,26.510000228881836,9939900,141455800,45380900,0
2022-11-11,164.55999755859375,379.3070983886719,84.32283782958984,22.520000457763672,164.55999755859375,398.510009765625,97.88999938964844,22.520000457763672,164.5800018310547,399.3500061035156,98.37000274658203,23.90999984741211,163.4199981689453,393.6099853515625,97.54000091552734,22.3700008392334,163.91000366210938,395.5899963378906,97.56999969482422,23.889999389648438,4622400,93839900,15943100,0
2022-11-14,164.9199981689453,376.0804443359375,84.1161117553711,23.729999542236328,164.9199981689453,395.1199951171875,97.6500015258789,23.729999542236328,165.24000549316406,400.17999267578125,97.98999786376953,24.329999923706055,164.14999389648438,394.8299865722656,97.08999633789062,22.860000610351562,164.1999969482422,396.6600036621094,97.91000366210938,23.989999771118164,6187600,71903500,13741100,0
2022-11-15,165.5,379.2880554199219,85.47711944580078,24.540000915527344,165.5,398.489990234375,99.2300033569336,24.540000915527344,166.22999572753906,402.30999755859375,99.30000305175781,26.219999313354492,164.55999755859375,394.489990234375,98.11000061035156,23.18000030517578,165.27000427246094,401.1499938964844,98.25,23.770000457763672,9903500,93194500,26608200,0
2022-11-16,165.1199951171875,376.3945617675781,87.34637451171875,24.110000610351562,165.1199951171875,395.45001220703125,101.4000015258789,24.110000610351562,165.7100067138672,397.7799987792969,101.44999694824219,24.719999313354492,164.8300018310547,394.7900085449219,99.73999786376953,23.989999771118164,165.41000366210938,396.7799987792969,100.0199966430664,24.290000915527344,3645800,68508500,28507700,0
2022-11-17,163.9199981689453,375.2427673339844,86.42469787597656,23.93000030517578,163.9199981689453,394.239990234375,100.33000183105469,23.93000030517578,164.11000061035156,394.95001220703125,100.56999969482422,25.18000030517578,163.39999389648438,390.1400146484375,99.77999877929688,23.809999465942383,163.7899932861328,390.4599914550781,100.19999694824219,24.049999237060547,4574400,74496300,24528900,0
2022-11-18,162.7899932861328,376.9465637207031,85.8302993774414,23.1200008392334,162.7899932861328,396.0299987792969,99.63999938964844,23.1200008392334,163.69000244140625,397.80999755859375,100.88999938964844,24.1200008392334,162.67999267578125,393.0400085449219,99.55000305175781,22.979999542236328,163.3800048828125,397.739990234375,100.5999984741211,24.030000686645508,4321100,92922500,14941300,0
2022-11-21,161.8800048828125,375.5760192871094,86.19207763671875,22.360000610351562,161.8800048828125,394.5899963378906,100.05999755859375,22.360000610351562,162.5,395.82000732421875,100.81999969482422,24.1200008392334,161.27999877929688,392.6600036621094,99.80000305175781,22.299999237060547,162.44000244140625,394.6400146484375,100.69000244140625,24.049999237060547,4766500,51243200,15534000,0
2022-11-22,162.07000732421875,380.63006591796875,87.4152603149414,21.290000915527344,162.07000732421875,399.8999938964844,101.4800033569336,21.290000915527344,162.60000610351562,400.07000732421875,101.62000274658203,22.709999084472656,161.72000122070312,395.1499938964844,100.52999877929688,21.280000686645508,162.3000030517578,396.6300048828125,100.6500015258789,22.59000015258789,3203800,60429000,18103100,0
2022-11-23,163.0800018310547,383.0286560058594,88.93997192382812,20.350000381469727,163.0800018310547,402.4200134277344,103.25,20.350000381469727,163.24000549316406,402.92999267578125,103.25,21.780000686645508,161.55999755859375,399.30999755859375,102.08000183105469,20.31999969482422,161.69000244140625,399.54998779296875,102.13999938964844,21.489999771118164,4167000,68261600,23234600,0
2022-11-25,163.22000122070312,382.9429931640625,88.63847351074219,20.5,163.22000122070312,402.3299865722656,102.9000015258789,20.5,163.42999267578125,402.9100036621094,102.93000030517578,21.110000610351562,162.75999450683594,401.5400085449219,102.43000030517578,20.459999084472656,162.85000610351562,401.8299865722656,102.61000061035156,20.610000610351562,1436500,30545400,9486100,0
2022-11-28,161.92999267578125,376.8323974609375,88.88829040527344,22.209999084472656,161.92999267578125,395.9100036621094,103.19000244140625,22.209999084472656,163.05999755859375,400.80999755859375,103.80999755859375,22.5,161.91000366210938,395.1099853515625,102.69000244140625,21.649999618530273,162.92999267578125,399.0899963378906,103.61000061035156,22.09000015258789,4052900,67881600,14563200,0
2022-11-29,162.72999572753906,376.1851501464844,87.84599304199219,21.889999389648438,162.72999572753906,395.2300109863281,101.9800033569336,21.889999389648438,163.6300048828125,397.29998779296875,102.95999908447266,22.56999969482422,162.60000610351562,393.29998779296875,101.91000366210938,21.829999923706055,162.6999969482422,396.04998779296875,102.1500015258789,22.09000015258789,2620600,52310000,16576400,0
2022-11-30,164.80999755859375,388.0352478027344,88.4920425415039,20.579999923706055,164.80999755859375,407.67999267578125,102.7300033569336,20.579999923706055,164.80999755859375,407.67999267578125,102.7300033569336,22.6299991607666,162.39999389648438,393.4800109863281,101.37000274658203,20.309999465942383,163.69000244140625,395.489990234375,101.62000274658203,21.700000762939453,4874700,144566700,21581700,0
2022-12-01,167.83999633789062,387.7496643066406,91.3189926147461,19.84000015258789,167.83999633789062,407.3800048828125,105.76000213623047,19.84000015258789,167.9499969482422,410.0,105.80999755859375,21.059999465942383,166.97999572753906,404.75,103.0999984741211,19.799999237060547,167.47999572753906,408.7699890136719,103.1500015258789,20.829999923706055,8625800,76398200,53156800,0
2022-12-02,167.25999450683594,387.3022766113281,92.4673843383789,19.059999465942383,167.25999450683594,406.9100036621094,107.08999633789062,19.059999465942383,167.47000122070312,407.8599853515625,107.0999984741211,20.959999084472656,165.75999450683594,402.1400146484375,104.61000061035156,18.950000762939453,166.17999267578125,402.25,105.30000305175781,20.420000076293945,5185900,85342700,24479500,0
2022-12-05,164.38999938964844,380.3350524902344,91.17219543457031,20.75,164.38999938964844,399.5899963378906,105.58999633789062,20.75,166.72000122070312,404.92999267578125,105.98999786376953,21.290000915527344,164.32000732421875,398.1700134277344,104.9000015258789,19.780000686645508,166.5500030517578,403.95001220703125,105.83999633789062,20.299999237060547,5436200,77289800,20159700,0
2022-12-06,164.83999633789062,374.8525085449219,92.34648895263672,22.170000076293945,164.83999633789062,393.8299865722656,106.94999694824219,22.170000076293945,165.5399932861328,399.989990234375,107.38999938964844,22.600000381469727,164.4499969482422,391.6400146484375,106.19000244140625,20.3799991607666,165.1999969482422,399.4200134277344,106.5,20.690000534057617,3597800,77972200,21754500,0
2022-12-07,166.3300018310547,374.2148742675781,94.52239990234375,22.68000030517578,166.3300018310547,393.1600036621094,109.47000122070312,22.68000030517578,166.63999938964844,395.6400146484375,109.68000030517578,23.010000228881836,165.32000732421875,391.9700012207031,108.19999694824219,22.18000030517578,165.47000122070312,392.94000244140625,108.37000274658203,22.31999969482422,4610700,65927900,30546700,0
2022-12-08,166.47000122070312,377.146484375,94.26336669921875,22.290000915527344,166.47000122070312,396.239990234375,109.16999816894531,22.290000915527344,167.0500030517578,397.3599853515625,109.44999694824219,23.280000686645508,166.07000732421875,393.2699890136719,108.47000122070312,22.059999465942383,166.5800018310547,395.1400146484375,108.69999694824219,22.809999465942383,3217900,60737900,13377300,0
2022-12-09,167.05999755859375,374.3291015625,91.8111801147461,22.829999923706055,167.05999755859375,393.2799987792969,106.33000183105469,22.829999923706055,168.08999633789062,397.6199951171875,108.16999816894531,23.209999084472656,166.60000610351562,393.1499938964844,106.2699966430664,22.18000030517578,167.25999450683594,394.94000244140625,107.94000244140625,22.549999237060547,5431300,81447700,25872200,0
2022-12-12,165.67999267578125,379.72589111328125,92.10474395751953,25.0,165.67999267578125,398.95001220703125,106.66999816894531,25.0,166.60000610351562,398.95001220703125,108.11000061035156,25.049999237060547,165.42999267578125,393.4100036621094,106.26000213623047,24.18000030517578,166.44000244140625,394.1099853515625,107.86000061035156,24.399999618530273,3504400,75405800,16897100,0
2022-12-13,168.50999450683594,382.600341796875,92.99406433105469,22.549999237060547,168.50999450683594,401.9700012207031,107.69999694824219,22.549999237060547,169.7899932861328,410.489990234375,109.08000183105469,25.84000015258789,168.02000427246094,399.07000732421875,107.45999908447266,21.459999084472656,169.2100067138672,410.2200012207031,109.04000091552734,25.239999771118164,6750200,123782500,23854700,0
2022-12-14,168.10000610351562,380.1542053222656,93.39129638671875,21.139999389648438,168.10000610351562,399.3999938964844,108.16000366210938,21.139999389648438,168.80999755859375,405.5,108.31999969482422,23.469999313354492,167.13999938964844,396.30999755859375,106.88999938964844,21.06999969482422,168.42999267578125,401.6099853515625,107.66000366210938,22.829999923706055,5643000,108111300,19517500,0
2022-12-15,165.35000610351562,370.8549499511719,93.75568389892578,22.829999923706055,165.35000610351562,389.6300048828125,108.31999969482422,22.829999923706055,166.2100067138672,395.25,109.12000274658203,23.670000076293945,165.10000610351562,387.8900146484375,108.16000366210938,21.25,165.72999572753906,394.29998779296875,108.38999938964844,21.520000457763672,8363000,117705900,20246200,0
2022-12-16,166.7899932861328,366.4765625,92.70835876464844,22.6200008392334,166.7899932861328,383.2699890136719,107.11000061035156,22.6200008392334,166.97999572753906,386.5799865722656,107.83000183105469,23.829999923706055,165.83999633789062,381.0400085449219,106.30999755859375,22.09000015258789,166.02000427246094,385.17999267578125,106.5999984741211,23.260000228881836,5372000,119858000,20838300,0
2022-12-19,166.32000732421875,363.3690185546875,91.15038299560547,22.420000076293945,166.32000732421875,380.0199890136719,105.30999755859375,22.420000076293945,167.11000061035156,383.82000732421875,105.83999633789062,22.860000610351562,165.99000549316406,378.2799987792969,104.9800033569336,21.610000610351562,166.7100067138672,383.4700012207031,105.83000183105469,22.6299991607666,3940500,79878100,26126800,0
2022-12-20,169.0800018310547,363.86627197265625,89.53182983398438,21.479999542236328,169.0800018310547,380.5400085449219,103.44000244140625,21.479999542236328,169.52999877929688,382.2300109863281,103.80999755859375,23.389999389648438,168.02999877929688,377.8500061035156,103.0999984741211,21.350000381469727,168.10000610351562,379.2300109863281,103.37999725341797,23.170000076293945,7803100,74427200,28869000,0
2022-12-21,168.8000030517578,369.306884765625,89.75688934326172,20.06999969482422,168.8000030517578,386.2300109863281,103.69999694824219,20.06999969482422,169.7100067138672,387.4100036621094,104.4000015258789,21.290000915527344,168.67999267578125,382.69000244140625,102.95999908447266,19.940000534057617,169.0399932861328,383.25,104.29000091552734,21.25,3990100,78167400,15894100,0
2022-12-22,166.75999450683594,364.0383605957031,89.73954772949219,21.969999313354492,166.75999450683594,380.7200012207031,103.68000030517578,21.969999313354492,167.75999450683594,386.2099914550781,104.12000274658203,24.299999237060547,166.05999755859375,374.7699890136719,103.37999725341797,20.010000228881836,167.75999450683594,383.04998779296875,103.66999816894531,20.079999923706055,5672700,100120900,11322500,0
2022-12-23,167.25999450683594,366.13238525390625,88.4239501953125,20.8700008392334,167.25999450683594,382.9100036621094,102.16000366210938,20.8700008392334,167.8000030517578,383.05999755859375,102.80999755859375,22.639999389648438,166.66000366210938,378.0299987792969,102.0199966430664,20.780000686645508,166.8800048828125,379.6499938964844,102.58000183105469,22.170000076293945,2912300,59857300,15408900,0
2022-12-27,168.6699981689453,364.68853759765625,86.67552947998047,21.649999618530273,168.6699981689453,381.3999938964844,100.13999938964844,21.649999618530273,170.61000061035156,383.1499938964844,101.06999969482422,22.799999237060547,167.8000030517578,379.6499938964844,100.01000213623047,21.59000015258789,167.88999938964844,382.7900085449219,100.48999786376953,21.670000076293945,6885700,51638200,26475700,0
2022-12-28,167.91000366210938,360.15625,86.16487121582031,22.139999389648438,167.91000366210938,376.6600036621094,99.55000305175781,22.139999389648438,168.33999633789062,383.3900146484375,100.77999877929688,22.260000228881836,167.10000610351562,376.4200134277344,99.3499984741211,20.959999084472656,168.0500030517578,381.3299865722656,100.6500015258789,21.469999313354492,3662500,70911500,17302900,0
2022-12-29,168.85000610351562,366.63916015625,87.14288330078125,21.440000534057617,168.85000610351562,383.44000244140625,100.68000030517578,21.440000534057617,169.35000610351562,384.3500061035156,100.98999786376953,22.309999465942383,168.52000427246094,379.0799865722656,99.79000091552734,21.360000610351562,168.5399932861328,379.6300048828125,99.86000061035156,22.25,3345900,66970900,16593000,0
2022-12-30,169.63999938964844,365.67340087890625,86.17350769042969,21.670000076293945,169.63999938964844,382.42999267578125,99.55999755859375,21.670000076293945,169.89999389648438,382.5799865722656,100.55000305175781,22.399999618530273,168.8000030517578,378.42999267578125,99.37000274658203,21.59000015258789,169.25999450683594,380.6400146484375,99.87000274658203,21.829999923706055,2864500,84022200,20810200,0
2023-01-03,171.05999755859375,364.1339416503906,87.81805419921875,22.899999618530273,171.05999755859375,380.82000732421875,101.45999908447266,22.899999618530273,172.08999633789062,386.42999267578125,102.33999633789062,23.760000228881836,170.02000427246094,377.8299865722656,100.83999633789062,22.729999542236328,171.32000732421875,384.3699951171875,102.19999694824219,23.09000015258789,7992900,74850700,25313200,0
2023-01-04,172.6699981689453,366.9451599121094,89.02112579345703,22.010000228881836,172.6699981689453,383.760009765625,102.8499984741211,22.010000228881836,173.08999633789062,385.8800048828125,103.4800033569336,23.270000457763672,171.85000610351562,380.0,102.20999908447266,21.940000534057617,172.86000061035156,383.17999267578125,103.22000122070312,22.93000030517578,7574600,85934100,21678200,0
2023-01-05,170.52000427246094,362.757080078125,89.3933334350586,22.459999084472656,170.52000427246094,379.3800048828125,103.27999877929688,22.459999084472656,171.0,381.8399963378906,103.29000091552734,22.920000076293945,169.7899932861328,378.760009765625,101.77999877929688,21.969999313354492,170.82000732421875,381.7200012207031,101.87000274658203,22.200000762939453,4692600,76970500,14771100,0
2023-01-06,173.7100067138672,371.0758361816406,91.03785705566406,21.1299991607666,173.7100067138672,388.0799865722656,105.18000030517578,21.1299991607666,173.9600067138672,389.25,105.30000305175781,22.899999618530273,171.22999572753906,379.4100036621094,102.63999938964844,21.0,171.75999450683594,382.6099853515625,102.69999694824219,22.690000534057617,7889000,104189600,27473700,0
2023-01-09,174.10000610351562,370.8654479980469,91.52255249023438,21.969999313354492,174.10000610351562,387.8599853515625,105.73999786376953,21.969999313354492,175.0399932861328,393.70001220703125,105.93000030517578,21.979999542236328,173.8800048828125,387.6700134277344,104.2699966430664,21.270000457763672,174.50999450683594,390.3699951171875,104.41000366210938,21.75,5134500,73978100,21472200,0
2023-01-10,174.74000549316406,373.4662780761719,90.00785827636719,20.579999923706055,174.74000549316406,390.5799865722656,103.98999786376953,20.579999923706055,174.97999572753906,390.6499938964844,104.81999969482422,22.459999084472656,174.05999755859375,386.2699890136719,103.5,20.579999923706055,174.61000061035156,387.25,104.52999877929688,22.219999313354492,4398400,65358100,20545200,0
2023-01-11,174.6199951171875,378.1898193359375,91.47061920166016,21.09000015258789,174.6199951171875,395.5199890136719,105.68000030517578,21.09000015258789,174.7899932861328,395.6000061035156,105.72000122070312,21.25,173.72000122070312,391.3800048828125,104.69999694824219,20.6200008392334,174.75999450683594,392.2300109863281,104.97000122070312,20.799999237060547,3374200,68881100,18794000,0
2023-01-12,176.63999938964844,379.5667724609375,93.2709732055664,18.829999923706055,176.63999938964844,396.9599914550781,107.76000213623047,18.829999923706055,176.7100067138672,398.489990234375,107.80999755859375,21.799999237060547,174.8800048828125,392.4200134277344,104.55999755859375,18.829999923706055,176.00999450683594,396.6700134277344,105.81999969482422,21.559999465942383,6936900,90157700,32029600,0
2023-01-13,178.75999450683594,381.039306640625,92.39677429199219,18.350000381469727,178.75999450683594,398.5,106.75,18.350000381469727,178.8300018310547,399.1000061035156,107.80000305175781,19.40999984741211,176.88999938964844,393.3399963378906,106.37999725341797,18.010000228881836,176.9600067138672,393.6199951171875,107.0999984741211,19.0,7468800,63903900,17750800,0
2023-01-17,177.58999633789062,380.3412780761719,91.7995376586914,19.360000610351562,177.58999633789062,397.7699890136719,106.05999755859375,19.360000610351562,178.24000549316406,400.2300109863281,106.66000366210938,20.219999313354492,177.08999633789062,397.05999755859375,105.6500015258789,19.209999084472656,178.2100067138672,398.4800109863281,105.66999816894531,19.889999389648438,6610800,62677300,13911700,0
2023-01-18,177.0800018310547,374.33642578125,94.02397155761719,20.34000015258789,177.0800018310547,391.489990234375,108.62999725341797,20.34000015258789,179.17999267578125,400.1199951171875,108.7699966430664,20.579999923706055,176.89999389648438,391.2799987792969,107.12000274658203,18.709999084472656,178.9199981689453,399.010009765625,108.45999908447266,19.280000686645508,5384700,99632300,35497200,0
2023-01-19,179.88999938964844,371.611328125,93.43541717529297,20.520000457763672,179.88999938964844,388.6400146484375,107.94999694824219,20.520000457763672,180.02999877929688,391.0799865722656,108.37000274658203,21.709999084472656,178.08999633789062,387.260009765625,107.44000244140625,20.170000076293945,178.3699951171875,389.3599853515625,108.0999984741211,20.43000030517578,6678700,86958900,17194700,0
2023-01-20,179.2899932861328,378.53411865234375,91.92070770263672,19.850000381469727,179.2899932861328,395.8800048828125,106.19999694824219,19.850000381469727,179.66000366210938,396.0400085449219,107.23999786376953,20.700000762939453,178.64999389648438,388.3800048828125,106.11000061035156,19.40999984741211,179.05999755859375,390.1000061035156,106.95999908447266,20.280000686645508,5754800,91806400,22754100,0
2023-01-23,179.6300048828125,383.07598876953125,91.48793029785156,19.809999465942383,179.6300048828125,400.6300048828125,105.69999694824219,19.809999465942383,179.69000244140625,402.6499938964844,106.19999694824219,20.329999923706055,177.77999877929688,395.7200012207031,105.48999786376953,19.549999237060547,178.35000610351562,396.7200012207031,105.56999969482422,20.209999084472656,5265500,84178800,12961500,0
2023-01-24,180.27999877929688,382.6647644042969,92.80358123779297,19.200000762939453,180.27999877929688,400.20001220703125,107.22000122070312,19.200000762939453,180.32000732421875,401.1499938964844,107.44999694824219,20.469999313354492,178.35000610351562,397.6400146484375,105.38999938964844,18.90999984741211,179.55999755859375,398.8800048828125,106.12000274658203,19.889999389648438,4604600,59524900,16417200,0
2023-01-25,181.11000061035156,382.80828857421875,93.02863311767578,19.079999923706055,181.11000061035156,400.3500061035156,107.4800033569336,19.079999923706055,181.22000122070312,400.70001220703125,107.91000366210938,20.899999618530273,179.2899932861328,393.55999755859375,106.63999938964844,18.989999771118164,179.35000610351562,395.95001220703125,107.37000274658203,19.559999465942383,6925300,84800300,11906500,0
2023-01-26,179.47000122070312,387.01544189453125,92.5958480834961,18.729999542236328,179.47000122070312,404.75,106.9800033569336,18.729999542236328,180.27000427246094,404.9200134277344,107.6500015258789,19.479999542236328,178.4600067138672,400.0299987792969,106.48999786376953,18.670000076293945,180.14999389648438,403.1300048828125,107.13999938964844,19.049999237060547,5860100,72287400,15549400,0
2023-01-27,179.22000122070312,387.9046630859375,92.36213684082031,18.510000228881836,179.22000122070312,405.67999267578125,106.70999908447266,18.510000228881836,179.72000122070312,408.1600036621094,106.95999908447266,19.0,178.25999450683594,403.44000244140625,106.11000061035156,17.969999313354492,179.27000427246094,403.6600036621094,106.19000244140625,18.899999618530273,6052700,68346200,11845500,0
2023-01-30,178.75999450683594,383.0377502441406,92.02460479736328,19.940000534057617,178.75999450683594,400.5899963378906,106.31999969482422,19.940000534057617,179.42999267578125,405.1300048828125,107.16000366210938,20.25,178.64999389648438,400.2799987792969,106.19000244140625,19.540000915527344,179.2899932861328,402.79998779296875,106.45999908447266,19.760000228881836,4210700,74202000,11459700,0
2023-01-31,179.41000366210938,388.66961669921875,92.76029205322266,19.399999618530273,179.41000366210938,406.4800109863281,107.16999816894531,19.399999618530273,179.6999969482422,406.5299987792969,107.27999877929688,20.700000762939453,178.5399932861328,400.7699890136719,105.87000274658203,19.1299991607666,178.82000732421875,401.1300048828125,106.9800033569336,20.1200008392334,5976900,86811800,13705300,0
2023-02-01,181.6699981689453,392.80035400390625,93.87538146972656,17.8700008392334,181.6699981689453,410.79998779296875,108.18000030517578,17.8700008392334,181.72999572753906,413.6700134277344,108.58999633789062,20.040000915527344,178.6300048828125,402.3500061035156,106.41999816894531,17.700000762939453,179.75,405.2099914550781,107.55000305175781,19.6200008392334,7996000,101459200,25305800,0
2023-02-02,177.89999389648438,398.518310546875,93.99688720703125,18.729999542236328,177.89999389648438,416.7799987792969,108.31999969482422,18.729999542236328,181.11000061035156,418.30999755859375,109.3499984741211,19.25,177.74000549316406,412.8800048828125,108.08999633789062,17.059999465942383,181.0800018310547,414.8599853515625,108.91999816894531,17.739999771118164,8842400,101654500,19548400,0
2023-02-03,173.4600067138672,394.2824401855469,92.5910873413086,18.329999923706055,173.4600067138672,412.3500061035156,106.69999694824219,18.329999923706055,175.42999267578125,416.9700012207031,107.11000061035156,19.299999237060547,173.1199951171875,411.0899963378906,106.08000183105469,17.93000030517578,174.9199981689453,411.5899963378906,106.7699966430664,18.56999969482422,13674400,94736800,20619500,0
2023-02-06,173.82000732421875,391.8728332519531,91.90553283691406,19.43000030517578,173.82000732421875,409.8299865722656,105.91000366210938,19.43000030517578,174.4600067138672,411.2900085449219,106.30999755859375,19.809999465942383,173.27999877929688,408.1000061035156,105.68000030517578,19.209999084472656,174.11000061035156,409.7900085449219,105.75,19.229999542236328,8957000,60295300,15182400,0
2023-02-07,173.97999572753906,396.99798583984375,91.16796112060547,18.65999984741211,173.97999572753906,415.19000244140625,105.05999755859375,18.65999984741211,175.27000427246094,416.489990234375,106.2300033569336,19.989999771118164,173.47000122070312,407.57000732421875,105.0,18.43000030517578,173.72000122070312,408.8699951171875,105.33000183105469,19.540000915527344,6794200,90990700,18290300,0
2023-02-08,174.41000366210938,392.6568908691406,91.60183715820312,19.6299991607666,174.41000366210938,410.6499938964844,105.55999755859375,19.6299991607666,174.99000549316406,414.5299987792969,105.58000183105469,20.1200008392334,173.8300018310547,409.92999267578125,104.38999938964844,18.549999237060547,174.94000244140625,413.1300048828125,105.04000091552734,18.8799991607666,4075600,76227500,13530700,0
2023-02-09,173.02999877929688,389.2529296875,90.73406982421875,20.709999084472656,173.02999877929688,407.0899963378906,104.55999755859375,20.709999084472656,175.52000427246094,414.57000732421875,106.62000274658203,21.079999923706055,172.8699951171875,405.80999755859375,104.38999938964844,19.020000457763672,175.49000549316406,414.4100036621094,106.47000122070312,19.239999771118164,5361300,78694900,20469900,0
2023-02-10,173.36000061035156,390.1612548828125,89.71876525878906,20.530000686645508,173.36000061035156,408.0400085449219,103.38999938964844,20.530000686645508,173.67999267578125,408.44000244140625,104.44000244140625,21.940000534057617,172.6300048828125,405.010009765625,103.12000274658203,20.440000534057617,173.6300048828125,405.8599853515625,104.4000015258789,20.739999771118164,2971100,70769700,16598300,0
2023-02-13,172.47999572753906,394.74139404296875,90.47372436523438,20.34000015258789,172.47999572753906,412.8299865722656,104.26000213623047,20.34000015258789,172.89999389648438,412.9700012207031,104.41999816894531,21.690000534057617,172.07000732421875,408.239990234375,103.58000183105469,20.329999923706055,172.6999969482422,408.7200012207031,103.70999908447266,21.65999984741211,3970800,64913500,13134300,0
2023-02-14,172.61000061035156,394.55975341796875,90.26544189453125,18.90999984741211,172.61000061035156,412.6400146484375,104.0199966430664,18.90999984741211,173.50999450683594,415.04998779296875,104.83000183105469,20.75,171.41000366210938,408.510009765625,103.13999938964844,18.479999542236328,171.97000122070312,411.239990234375,104.19999694824219,20.719999313354492,5403100,88389300,15440300,0
2023-02-15,170.88999938964844,395.8409729003906,89.42372131347656,18.229999542236328,170.88999938964844,413.9800109863281,103.05000305175781,18.229999542236328,170.99000549316406,414.05999755859375,103.94999694824219,19.40999984741211,170.16000366210938,409.4700012207031,102.5,18.110000610351562,170.60000610351562,410.3500061035156,103.55000305175781,19.3700008392334,5423800,61555700,15246900,0
2023-02-16,170.75,390.3907165527344,88.15677642822266,20.170000076293945,170.75,408.2799987792969,101.58999633789062,20.170000076293945,171.60000610351562,412.9100036621094,102.22000122070312,20.270000457763672,169.9600067138672,408.1400146484375,101.33000183105469,18.229999542236328,170.33999633789062,408.7900085449219,102.06999969482422,18.260000228881836,4540400,76431500,19267300,0
2023-02-17,171.25999450683594,389.41546630859375,88.8423080444336,20.020000457763672,171.25999450683594,407.260009765625,102.37999725341797,20.020000457763672,171.47000122070312,407.510009765625,102.37999725341797,21.299999237060547,169.52000427246094,404.04998779296875,100.97000122070312,19.81999969482422,169.8699951171875,406.05999755859375,101.0999984741211,20.940000534057617,4809800,89257800,19560900,0
2023-02-21,170.6199951171875,381.6034240722656,87.11544036865234,22.8700008392334,170.6199951171875,399.0899963378906,100.38999938964844,22.8700008392334,171.5,404.1600036621094,101.19999694824219,23.34000015258789,170.33999633789062,398.82000732421875,100.27999877929688,21.799999237060547,171.1999969482422,403.05999755859375,101.01000213623047,21.799999237060547,4035900,82655900,22728000,0
2023-02-22,169.66000366210938,381.07757568359375,87.9137954711914,22.290000915527344,169.66000366210938,398.5400085449219,101.30999755859375,22.290000915527344,170.9600067138672,401.1300048828125,101.69000244140625,23.6299991607666,169.55999755859375,397.0199890136719,100.94999694824219,22.020000457763672,170.80999755859375,399.5199890136719,100.98999786376953,23.030000686645508,4105700,83742300,15165400,0
2023-02-23,169.57000732421875,383.10467529296875,88.77288818359375,21.139999389648438,169.57000732421875,400.6600036621094,102.30000305175781,21.139999389648438,170.1300048828125,402.20001220703125,102.58999633789062,22.43000030517578,169.0800018310547,396.25,101.47000122070312,20.889999389648438,169.83999633789062,401.55999755859375,101.54000091552734,21.959999084472656,5073500,96242400,15829100,0
2023-02-24,168.35000610351562,379.01220703125,87.61878204345703,21.670000076293945,168.35000610351562,396.3800048828125,100.97000122070312,21.670000076293945,168.83999633789062,397.25,101.80000305175781,22.899999618530273,168.19000244140625,393.6400146484375,100.55999755859375,21.31999969482422,168.4199981689453,395.4200134277344,101.44000244140625,21.350000381469727,6496500,108194400,21403600,0
2023-02-27,169.00999450683594,380.30303955078125,87.86175537109375,20.950000762939453,169.00999450683594,397.7300109863281,101.25,20.950000762939453,169.22999572753906,401.2900085449219,101.69999694824219,22.020000457763672,168.5500030517578,396.75,100.91000366210938,20.68000030517578,168.8800048828125,399.8699951171875,101.29000091552734,21.989999771118164,4509200,80444700,14209200,0
2023-02-28,169.77999877929688,378.8974609375,88.26090240478516,20.700000762939453,169.77999877929688,396.260009765625,101.70999908447266,20.700000762939453,170.25,399.2799987792969,101.72000122070312,21.3700008392334,168.58999633789062,396.1499938964844,100.27999877929688,20.100000381469727,168.77999877929688,397.2300109863281,100.56999969482422,21.299999237060547,6761600,96438600,14955700,0
2023-03-01,170.75999450683594,377.4440612792969,87.31272888183594,20.579999923706055,170.75999450683594,394.739990234375,100.37000274658203,20.579999923706055,171.49000549316406,396.69000244140625,101.02999877929688,21.31999969482422,170.47000122070312,393.3800048828125,99.95999908447266,20.219999313354492,170.9499969482422,395.4100036621094,100.81999969482422,20.389999389648438,6590500,99706800,19000000,0
2023-03-02,170.66000366210938,380.3796081542969,86.53849792480469,19.59000015258789,170.66000366210938,397.80999755859375,99.4800033569336,19.59000015258789,170.97999572753906,398.69000244140625,99.6500015258789,21.420000076293945,170.36000061035156,392.3299865722656,98.87999725341797,19.549999237060547,170.52000427246094,392.67999267578125,99.05999755859375,21.40999984741211,3950700,85127800,23763600,0
2023-03-03,172.49000549316406,386.47998046875,88.63496398925781,18.489999771118164,172.49000549316406,404.19000244140625,101.88999938964844,18.489999771118164,172.60000610351562,404.45001220703125,101.9000015258789,19.760000228881836,170.97999572753906,399.0299987792969,100.56999969482422,18.15999984741211,171.4499969482422,399.7099914550781,100.93000030517578,19.760000228881836,6894500,90120000,30877300,0
2023-03-06,171.6199951171875,386.74774169921875,87.94775390625,18.610000610351562,171.6199951171875,404.4700012207031,101.0999984741211,18.610000610351562,172.3699951171875,407.45001220703125,102.33999633789062,19.190000534057617,171.5399932861328,404.010009765625,100.98999786376953,18.489999771118164,172.32000732421875,405.04998779296875,102.22000122070312,19.049999237060547,4264100,72795900,16631900,0
2023-03-07,168.6199951171875,380.8193359375,88.48709869384766,19.59000015258789,168.6199951171875,398.2699890136719,101.72000122070312,19.59000015258789,170.47000122070312,404.6700134277344,102.37000274658203,19.739999771118164,168.52000427246094,397.6300048828125,100.87999725341797,18.510000228881836,170.4199981689453,404.4200134277344,101.45999908447266,18.639999389648438,8713300,108310600,23096500,0
2023-03-08,168.5399932861328,381.4409484863281,88.57408142089844,19.110000610351562,168.5399932861328,398.9200134277344,101.81999969482422,19.110000610351562,169.58999633789062,399.7099914550781,102.97000122070312,20.010000228881836,168.52000427246094,396.5899963378906,101.41999816894531,19.0,168.61000061035156,398.3900146484375,102.4000015258789,19.709999084472656,5718600,74746600,20252400,0
2023-03-09,170.1999969482422,374.4033203125,88.79155731201172,22.610000610351562,170.1999969482422,391.55999755859375,102.06999969482422,22.610000610351562,170.64999389648438,401.4800109863281,102.5199966430664,23.139999389648438,169.7100067138672,390.5299987792969,101.33000183105469,18.8799991607666,169.75,399.739990234375,101.55000305175781,19.329999923706055,5583000,111945300,21550400,0
2023-03-10,173.8699951171875,369.0008850097656,91.8536148071289,24.799999237060547,173.8699951171875,385.9100036621094,105.58999633789062,24.799999237060547,173.8800048828125,393.1600036621094,105.69000244140625,28.969999313354492,171.9199981689453,384.32000732421875,104.0,21.790000915527344,171.92999267578125,390.989990234375,104.02999877929688,23.34000015258789,13803400,189253000,43921500,0
2023-03-13,177.86000061035156,368.47503662109375,92.06242370605469,26.520000457763672,177.86000061035156,385.3599853515625,105.83000183105469,26.520000457763672,178.02000427246094,390.3900146484375,109.0999984741211,30.809999465942383,176.3000030517578,380.6499938964844,105.04000091552734,23.850000381469727,176.66000366210938,381.80999755859375,108.19999694824219,24.049999237060547,20554400,157790000,51502500,0
2023-03-14,176.8300018310547,374.56591796875,90.54878234863281,23.729999542236328,176.8300018310547,391.7300109863281,104.08999633789062,23.729999542236328,177.58999633789062,393.45001220703125,105.61000061035156,27.239999771118164,176.2100067138672,387.04998779296875,103.75,22.270000457763672,177.35000610351562,390.5,105.13999938964844,26.850000381469727,10019000,149752400,38417800,0
2023-03-15,178.2100067138672,372.2232666015625,92.29727935791016,26.139999389648438,178.2100067138672,389.2799987792969,106.0999984741211,26.139999389648438,180.1300048828125,389.489990234375,107.70999908447266,29.90999984741211,177.49000549316406,383.7099914550781,105.3499984741211,23.190000534057617,178.86000061035156,385.8900146484375,106.77999877929688,23.209999084472656,14546100,172996900,45164100,0
2023-03-16,178.57000732421875,378.7539978027344,91.57527923583984,22.989999771118164,178.57000732421875,396.1099853515625,105.2699966430664,22.989999771118164,179.64999389648438,396.4700012207031,108.02999877929688,27.489999771118164,177.8699951171875,386.2900085449219,105.04000091552734,22.969999313354492,179.50999450683594,386.82000732421875,107.37999725341797,26.190000534057617,10762200,143254200,43089300,0
2023-03-17,183.77000427246094,374.3253479003906,92.9497299194336,25.510000228881836,183.77000427246094,389.989990234375,106.8499984741211,25.510000228881836,184.80999755859375,394.3999938964844,107.7300033569336,26.139999389648438,180.77000427246094,388.54998779296875,106.45999908447266,22.579999923706055,181.02000427246094,393.2200012207031,106.6500015258789,22.920000076293945,24156300,140553400,38129000,0
2023-03-20,183.83999633789062,377.9247131347656,92.13199615478516,24.149999618530273,183.83999633789062,393.739990234375,105.91000366210938,24.149999618530273,184.5399932861328,394.1700134277344,106.95999908447266,28.90999984741211,182.74000549316406,390.07000732421875,105.72000122070312,24.0,184.19000244140625,390.79998779296875,106.87999725341797,27.770000457763672,11845700,93055800,24242800,0
2023-03-21,180.3699951171875,382.8870849609375,91.34040069580078,21.3799991607666,180.3699951171875,398.9100036621094,105.0,21.3799991607666,182.72999572753906,399.4100036621094,105.41999816894531,24.15999984741211,179.89999389648438,395.5799865722656,104.54000091552734,21.290000915527344,182.64999389648438,397.239990234375,105.08000183105469,24.15999984741211,10734500,91524200,18934900,0
2023-03-22,183.44000244140625,376.3601989746094,92.55825805664062,22.260000228881836,183.44000244140625,392.1099853515625,106.4000015258789,22.260000228881836,183.94000244140625,402.489990234375,106.44999694824219,22.3799991607666,180.27999877929688,392.07000732421875,104.44000244140625,19.940000534057617,180.39999389648438,398.7300109863281,104.66000366210938,21.799999237060547,11969600,111746600,26388500,0
2023-03-23,185.74000549316406,377.3776550292969,92.55825805664062,22.610000610351562,185.74000549316406,393.1700134277344,106.4000015258789,22.610000610351562,186.24000549316406,399.2900085449219,106.55000305175781,24.90999984741211,183.60000610351562,390.3500061035156,104.81999969482422,20.15999984741211,183.91000366210938,395.0899963378906,105.36000061035156,21.540000915527344,11347100,119351300,25475100,0
2023-03-24,183.64999389648438,379.8540344238281,92.9497299194336,21.739999771118164,183.64999389648438,395.75,106.8499984741211,21.739999771118164,185.99000549316406,395.8399963378906,107.43000030517578,25.209999084472656,183.6199951171875,389.3999938964844,106.26000213623047,21.600000381469727,185.61000061035156,391.8399963378906,107.08999633789062,22.110000610351562,9245900,107682400,23652700,0
2023-03-27,181.9499969482422,380.56427001953125,90.76624298095703,20.600000381469727,181.9499969482422,396.489990234375,104.33999633789062,20.600000381469727,182.14999389648438,398.9200134277344,105.76000213623047,22.93000030517578,180.69000244140625,395.55999755859375,104.33000183105469,20.56999969482422,181.14999389648438,398.1199951171875,105.05000305175781,22.049999237060547,6925000,74010400,22224500,0
2023-03-28,183.44000244140625,379.71002197265625,90.93153381347656,19.969999313354492,183.44000244140625,395.6000061035156,104.52999877929688,19.969999313354492,183.6199951171875,396.489990234375,104.68000030517578,21.399999618530273,182.1199951171875,393.69000244140625,104.0199966430664,19.90999984741211,182.30999755859375,395.7699890136719,104.23999786376953,20.530000686645508,6202600,62871700,17794300,0
2023-03-29,182.52999877929688,385.2290344238281,90.74883270263672,19.1200008392334,182.52999877929688,401.3500061035156,104.31999969482422,19.1200008392334,183.27000427246094,401.6000061035156,104.44999694824219,19.450000762939453,182.24000549316406,398.67999267578125,103.5999984741211,19.09000015258789,182.49000549316406,399.92999267578125,103.69999694824219,19.389999389648438,4996500,77497900,16804400,0
2023-03-30,184.17999267578125,387.4846496582031,91.16642761230469,19.020000457763672,184.17999267578125,403.70001220703125,104.80000305175781,19.020000457763672,184.44000244140625,404.3500061035156,105.05000305175781,20.079999923706055,182.5500030517578,401.760009765625,104.2699966430664,18.850000381469727,182.75,404.0899963378906,104.45999908447266,19.1200008392334,6360300,69840000,14315800,0
2023-03-31,183.22000122070312,392.9461669921875,92.53217315673828,18.700000762939453,183.22000122070312,409.3900146484375,106.37000274658203,18.700000762939453,184.4199981689453,409.70001220703125,106.55999755859375,19.43000030517578,182.8000030517578,404.54998779296875,105.08000183105469,18.520000457763672,184.11000061035156,404.6600036621094,105.3499984741211,19.209999084472656,8003300,112062600,25396700,0
2023-04-03,184.5399932861328,394.4434509277344,92.96737670898438,18.549999237060547,184.5399932861328,410.95001220703125,106.5999984741211,18.549999237060547,185.0399932861328,411.3699951171875,107.0999984741211,19.829999923706055,183.32000732421875,408.44000244140625,105.69999694824219,18.540000915527344,183.85000610351562,408.8500061035156,105.87999725341797,19.790000915527344,9206600,67391100,18234800,0
2023-04-04,187.97999572753906,392.2550354003906,93.4295425415039,19.0,187.97999572753906,408.6700134277344,107.12999725341797,19.0,188.22999572753906,411.9200134277344,107.80000305175781,20.030000686645508,184.66000366210938,407.239990234375,105.75,18.579999923706055,184.72000122070312,411.6199951171875,105.77999877929688,18.790000915527344,13765400,66601500,18052400,0
2023-04-05,187.8300018310547,391.22796630859375,94.40632629394531,19.079999923706055,187.8300018310547,407.6000061035156,108.25,19.079999923706055,188.86000061035156,408.70001220703125,108.37000274658203,20.079999923706055,186.77999877929688,405.8800048828125,107.41000366210938,19.0,188.33999633789062,407.9100036621094,107.7699966430664,19.420000076293945,11440800,65200200,23047700,0
2023-04-06,186.49000549316406,392.7541809082031,94.65052795410156,18.399999618530273,186.49000549316406,409.19000244140625,108.52999877929688,18.399999618530273,187.25999450683594,409.4800109863281,108.87000274658203,19.8799991607666,185.9499969482422,405.67999267578125,108.38999938964844,18.350000381469727,186.88999938964844,406.7699890136719,108.41999816894531,19.299999237060547,6648400,63743300,16447300,0
2023-04-10,185.11000061035156,393.15728759765625,93.12432861328125,18.969999313354492,185.11000061035156,409.6099853515625,106.77999877929688,18.969999313354492,185.36000061035156,409.69000244140625,107.76000213623047,20.049999237060547,184.19000244140625,405.9700012207031,106.55999755859375,18.93000030517578,185.17999267578125,406.6099853515625,107.63999938964844,19.389999389648438,6408100,63681000,19134400,0
2023-04-11,186.27999877929688,393.26287841796875,93.3161849975586,19.100000381469727,186.27999877929688,409.7200012207031,107.0,19.100000381469727,186.50999450683594,411.17999267578125,107.08999633789062,19.280000686645508,185.63999938964844,408.9200134277344,106.51000213623047,18.559999465942383,185.91000366210938,410.260009765625,107.05000305175781,19.079999923706055,6031500,59297900,13971200,0
2023-04-12,187.19000244140625,391.659912109375,93.22025299072266,19.09000015258789,187.19000244140625,408.04998779296875,106.88999938964844,19.09000015258789,187.66000366210938,412.1700134277344,107.16999816894531,19.979999542236328,185.97000122070312,407.44000244140625,105.87999725341797,18.25,187.5399932861328,411.8699951171875,107.05000305175781,19.3799991607666,10000900,86420400,20563000,0
2023-04-13,189.72000122070312,396.86224365234375,92.48768615722656,17.799999237060547,189.72000122070312,413.4700012207031,106.05000305175781,17.799999237060547,190.41000366210938,413.8399963378906,107.38999938964844,19.059999465942383,188.99000549316406,407.989990234375,105.87999725341797,17.770000457763672,189.75999450683594,409.17999267578125,107.05000305175781,18.829999923706055,14060100,85814800,22079400,0
2023-04-14,186.36000061035156,395.892822265625,91.64173889160156,17.06999969482422,186.36000061035156,412.4599914550781,105.08000183105469,17.06999969482422,188.49000549316406,415.0899963378906,105.55000305175781,18.1200008392334,185.1699981689453,410.05999755859375,104.7699966430664,17.06999969482422,188.0800018310547,412.80999755859375,105.38999938964844,17.940000534057617,13272500,78161500,19801900,0
2023-04-17,185.52999877929688,397.3133544921875,90.55158996582031,16.950000762939453,185.52999877929688,413.94000244140625,103.83000183105469,16.950000762939453,185.92999267578125,413.9599914550781,104.58999633789062,17.790000915527344,184.10000610351562,411.0899963378906,103.70999908447266,16.899999618530273,185.88999938964844,412.3699951171875,104.41999816894531,17.579999923706055,7468100,66436400,19528800,0
2023-04-18,186.25,397.5725402832031,90.874267578125,16.829999923706055,186.25,414.2099914550781,104.19999694824219,16.829999923706055,186.99000549316406,415.7200012207031,104.58999633789062,17.34000015258789,185.0399932861328,412.7799987792969,103.80000305175781,16.579999923706055,185.24000549316406,415.5799865722656,103.80999755859375,16.940000534057617,8056900,63560000,15922600,0
2023-04-19,185.36000061035156,397.5052795410156,90.78706359863281,16.459999084472656,185.36000061035156,414.1400146484375,104.0999984741211,16.459999084472656,185.5800018310547,415.0799865722656,104.23999786376953,17.719999313354492,184.27999877929688,412.1600036621094,103.4800033569336,16.170000076293945,184.35000610351562,412.2200012207031,103.91000366210938,17.299999237060547,7373500,55227300,16093900,0
2023-04-20,186.08999633789062,395.33612060546875,91.56327056884766,17.170000076293945,186.08999633789062,411.8800048828125,104.98999786376953,17.170000076293945,187.02999877929688,413.70001220703125,105.27999877929688,17.690000534057617,185.77999877929688,410.2699890136719,104.75,16.329999923706055,186.13999938964844,411.2099914550781,104.83000183105469,16.850000381469727,5789900,75840400,16450100,0
2023-04-21,184.25,395.6432800292969,91.0487060546875,16.770000457763672,184.25,412.20001220703125,104.4000015258789,16.770000457763672,185.67999267578125,412.67999267578125,105.45999908447266,17.709999084472656,183.22000122070312,410.1700134277344,104.2699966430664,16.579999923706055,184.97999572753906,412.19000244140625,105.30000305175781,17.510000228881836,10698700,73457400,15244700,0
2023-04-24,184.80999755859375,396.05596923828125,91.92952728271484,16.889999389648438,184.80999755859375,412.6300048828125,105.41000366210938,16.889999389648438,185.02999877929688,413.07000732421875,105.48999786376953,18.239999771118164,183.4600067138672,410.6000061035156,104.83999633789062,16.739999771118164,184.07000732421875,411.989990234375,104.95999908447266,18.219999313354492,8303400,64332100,17034300,0
2023-04-25,185.75,389.7690734863281,93.28131866455078,18.760000228881836,185.75,406.0799865722656,106.95999908447266,18.760000228881836,186.22000122070312,411.1600036621094,107.12999725341797,19.860000610351562,184.3000030517578,406.0199890136719,106.27999877929688,17.329999923706055,184.83999633789062,410.5799865722656,106.33000183105469,17.6200008392334,8451900,97766700,21899900,0
2023-04-26,184.74000549316406,388.1181335449219,92.28709411621094,18.84000015258789,184.74000549316406,404.3599853515625,105.81999969482422,18.84000015258789,186.64999389648438,407.8399963378906,107.23999786376953,19.610000610351562,184.3000030517578,403.7799987792969,105.66999816894531,17.8700008392334,186.6300048828125,406.7200012207031,106.79000091552734,18.65999984741211,8203600,80447000,19610400,0
2023-04-27,184.75,395.84478759765625,91.37138366699219,17.030000686645508,184.75,412.4100036621094,104.7699966430664,17.030000686645508,184.99000549316406,412.69000244140625,105.2699966430664,18.43000030517578,183.3800048828125,406.739990234375,104.61000061035156,16.719999313354492,183.89999389648438,407.0,105.19999694824219,18.43000030517578,9107400,92968400,20247600,0
2023-04-28,184.8000030517578,399.2234191894531,92.84524536132812,15.779999732971191,184.8000030517578,415.92999267578125,106.45999908447266,15.779999732971191,185.3800048828125,415.94000244140625,106.76000213623047,17.649999618530273,184.1699981689453,411.42999267578125,105.86000061035156,15.720000267028809,184.7899932861328,411.489990234375,106.20999908447266,17.209999084472656,6700400,89433100,26954100,0
2023-05-01,183.97000122070312,398.8203125,90.1680908203125,16.079999923706055,183.97000122070312,415.510009765625,103.12999725341797,16.079999923706055,186.22000122070312,417.6199951171875,105.41999816894531,16.6200008392334,183.91000366210938,415.2699890136719,102.83999633789062,15.529999732971191,186.0500030517578,415.4700012207031,105.2699966430664,16.40999984741211,7997700,62122300,32487300,0
2023-05-02,187.52000427246094,394.337890625,92.41508483886719,17.780000686645508,187.52000427246094,410.8399963378906,105.69999694824219,17.780000686645508,187.63999938964844,414.82000732421875,105.69999694824219,19.809999465942383,184.52000427246094,407.82000732421875,103.88999938964844,16.260000228881836,184.64999389648438,414.7699890136719,104.0,16.270000457763672,14680600,103998500,30057800,0
2023-05-03,189.11000061035156,391.63116455078125,92.93095397949219,18.34000015258789,189.11000061035156,408.0199890136719,106.29000091552734,18.34000015258789,189.2100067138672,413.8699951171875,106.5999984741211,18.829999923706055,186.92999267578125,407.7699890136719,105.27999877929688,17.190000534057617,187.61000061035156,411.3599853515625,106.0,17.81999969482422,11133800,91531800,23656200,0
2023-05-04,190.44000244140625,388.8571472167969,92.01290130615234,20.09000015258789,190.44000244140625,405.1300048828125,105.23999786376953,20.09000015258789,191.36000061035156,407.2699890136719,106.44999694824219,21.329999923706055,188.80999755859375,403.739990234375,105.1500015258789,18.670000076293945,188.86000061035156,406.92999267578125,105.22000122070312,19.170000076293945,14146800,94901900,25110500,0
2023-05-05,187.4600067138672,396.05596923828125,91.7069091796875,17.190000534057617,187.4600067138672,412.6300048828125,104.88999938964844,17.190000534057617,187.5800018310547,413.7200012207031,104.9000015258789,19.6299991607666,185.77000427246094,408.6400146484375,104.11000061035156,16.690000534057617,186.55999755859375,408.9100036621094,104.3499984741211,19.5,12508100,87891800,15096500,0
2023-05-08,187.69000244140625,396.1615295410156,90.42166900634766,16.979999542236328,187.69000244140625,412.739990234375,103.41999816894531,16.979999542236328,188.6699981689453,413.239990234375,103.87000274658203,17.8799991607666,187.49000549316406,411.2799987792969,103.31999969482422,16.829999923706055,187.82000732421875,412.9700012207031,103.5199966430664,17.729999542236328,6075400,50046800,20587000,0
2023-05-09,189.02000427246094,394.42425537109375,90.09815979003906,17.709999084472656,189.02000427246094,410.92999267578125,103.05000305175781,17.709999084472656,189.3300018310547,412.0899963378906,103.63999938964844,17.860000610351562,188.07000732421875,410.69000244140625,103.0,17.219999313354492,188.1199951171875,411.1300048828125,103.5,17.290000915527344,7098800,49220100,19182500,0
2023-05-10,188.75,396.2671203613281,90.97245788574219,16.940000534057617,188.75,412.8500061035156,104.05000305175781,16.940000534057617,189.63999938964844,414.5400085449219,104.23999786376953,18.309999465942383,187.82000732421875,408.8699951171875,103.63999938964844,16.360000610351562,188.97999572753906,413.8800048828125,103.66999816894531,17.579999923706055,9392100,96142900,22886800,0
2023-05-11,187.1300048828125,395.5760192871094,91.9342041015625,16.93000030517578,187.1300048828125,412.1300048828125,105.1500015258789,16.93000030517578,188.80999755859375,412.42999267578125,105.5199966430664,18.190000534057617,186.86000061035156,409.9700012207031,104.72000122070312,16.6299991607666,188.44000244140625,411.95001220703125,105.30000305175781,16.799999237060547,8245500,70157100,19147200,0
2023-05-12,186.80999755859375,395.0577392578125,91.16482543945312,17.030000686645508,186.80999755859375,411.5899963378906,104.2699966430664,17.030000686645508,187.9199981689453,413.6400146484375,105.25,17.920000076293945,186.5800018310547,409.07000732421875,104.25,16.3799991607666,187.42999267578125,413.4200134277344,105.05000305175781,16.829999923706055,7087500,70481500,14198500,0
2023-05-15,187.2100067138672,396.4206848144531,90.22057342529297,17.1200008392334,187.2100067138672,413.010009765625,103.19000244140625,17.1200008392334,187.8800048828125,413.42999267578125,103.47000122070312,18.15999984741211,187.02999877929688,410.2300109863281,103.12000274658203,17.079999923706055,187.3000030517578,412.2200012207031,103.38999938964844,17.440000534057617,5518100,54289400,20085300,0
2023-05-16,184.8699951171875,393.7716064453125,89.94950866699219,17.989999771118164,184.8699951171875,410.25,102.87999725341797,17.989999771118164,186.82000732421875,412.82000732421875,102.9000015258789,18.299999237060547,184.4600067138672,410.239990234375,102.11000061035156,17.260000228881836,186.5800018310547,411.8599853515625,102.4000015258789,17.540000915527344,9519500,57705500,29251700,0
2023-05-17,184.22999572753906,398.551513671875,89.6872329711914,16.8700008392334,184.22999572753906,415.2300109863281,102.58000183105469,16.8700008392334,184.4499969482422,415.8599853515625,103.16000366210938,18.260000228881836,183.47999572753906,410.6400146484375,102.3499984741211,16.68000030517578,184.30999755859375,412.3500061035156,103.08000183105469,17.959999084472656,7474300,87287000,21340900,0
2023-05-18,181.83999633789062,402.3908996582031,89.02272033691406,16.049999237060547,181.83999633789062,419.2300109863281,101.81999969482422,16.049999237060547,182.27999877929688,419.6700134277344,102.26000213623047,17.149999618530273,181.33999633789062,414.6700134277344,101.75,16.049999237060547,182.10000610351562,414.8999938964844,102.19999694824219,16.920000076293945,8812600,97177200,25536600,0
2023-05-19,183.63999938964844,401.80535888671875,88.39323425292969,16.809999465942383,183.63999938964844,418.6199951171875,101.0999984741211,16.809999465942383,184.33999633789062,420.7200012207031,101.86000061035156,17.360000610351562,181.80999755859375,417.3500061035156,100.93000030517578,15.850000381469727,182.25,420.1700134277344,101.26000213623047,16.1299991607666,8435000,103793300,29038000,0
2023-05-22,183.2100067138672,401.9685363769531,88.07849884033203,17.209999084472656,183.2100067138672,418.7900085449219,100.73999786376953,17.209999084472656,183.83999633789062,420.3900146484375,101.70999908447266,18.1299991607666,182.91000366210938,417.3500061035156,100.66999816894531,16.81999969482422,183.22000122070312,418.6400146484375,101.25,17.450000762939453,4834300,60745400,20131100,0
2023-05-23,183.42999267578125,397.457275390625,88.33203887939453,18.530000686645508,183.42999267578125,414.0899963378906,101.02999877929688,18.530000686645508,183.75999450683594,418.7200012207031,101.25,19.309999465942383,182.47999572753906,413.67999267578125,100.27999877929688,17.299999237060547,182.77999877929688,417.0799865722656,100.43000030517578,17.350000381469727,6345000,86383500,21749500,0
2023-05-24,181.9499969482422,394.57781982421875,87.8948745727539,20.030000686645508,181.9499969482422,411.0899963378906,100.52999877929688,20.030000686645508,183.5399932861328,412.82000732421875,101.36000061035156,20.809999465942383,181.77000427246094,409.8800048828125,100.52999877929688,18.799999237060547,183.5399932861328,412.4200134277344,101.27999877929688,18.799999237060547,6732900,89213700,18473400,0
2023-05-25,180.1999969482422,397.99481201171875,87.67630004882812,19.139999389648438,180.1999969482422,414.6499938964844,100.27999877929688,19.139999389648438,181.30999755859375,416.1600036621094,100.80000305175781,19.950000762939453,180.10000610351562,412.4100036621094,100.02999877929688,18.700000762939453,181.17999267578125,414.739990234375,100.69999694824219,19.540000915527344,6919200,90961600,22492800,0
2023-05-26,180.9199981689453,403.149169921875,88.38452911376953,17.950000762939453,180.9199981689453,420.0199890136719,101.08999633789062,17.950000762939453,181.3000030517578,420.7699890136719,101.16999816894531,19.559999465942383,180.08999633789062,415.25,100.0,17.270000457763672,181.00999450683594,415.3299865722656,100.12000274658203,19.06999969482422,5823700,93830000,17030300,0
2023-05-30,182.0399932861328,403.3027038574219,89.267578125,17.459999084472656,182.0399932861328,420.17999267578125,102.0999984741211,17.459999084472656,182.39999389648438,422.5799865722656,102.23999786376953,18.34000015258789,181.1699981689453,418.739990234375,101.25,16.979999542236328,181.72000122070312,422.0299987792969,101.4000015258789,17.559999465942383,4906100,72216000,23125200,0
2023-05-31,182.32000732421875,401.0663146972656,90.04569244384766,17.940000534057617,182.32000732421875,417.8500061035156,102.98999786376953,17.940000534057617,183.4499969482422,419.2200012207031,103.18000030517578,18.399999618530273,182.10000610351562,416.2200012207031,101.87000274658203,17.1200008392334,182.38999938964844,418.2799987792969,101.98999786376953,18.040000915527344,8497900,110811800,23787000,0
2023-06-01,183.75999450683594,404.8768310546875,90.39897918701172,15.649999618530273,183.75999450683594,421.82000732421875,103.12000274658203,15.649999618530273,184.2100067138672,422.9200134277344,103.62999725341797,17.59000015258789,182.72000122070312,416.7900085449219,102.62999725341797,15.579999923706055,182.80999755859375,418.0899963378906,103.27999877929688,17.239999771118164,7300500,88865000,21040400,0
2023-06-02,181.0500030517578,410.7318115234375,89.40838623046875,14.600000381469727,181.0500030517578,427.9200134277344,101.98999786376953,14.600000381469727,183.55999755859375,428.739990234375,103.06999969482422,15.649999618530273,180.9600067138672,423.95001220703125,101.94000244140625,14.420000076293945,183.52999877929688,424.5,103.0,15.649999618530273,8726100,91426200,19136500,0
2023-06-05,182.13999938964844,409.9447326660156,89.24181365966797,14.729999542236328,182.13999938964844,427.1000061035156,101.80000305175781,14.729999542236328,182.44000244140625,429.6199951171875,102.44000244140625,15.289999961853027,180.60000610351562,426.3699951171875,101.20999908447266,14.65999984741211,180.7899932861328,428.2799987792969,101.3499984741211,15.279999732971191,5748800,65460200,14433200,0
2023-06-06,182.33999633789062,410.8373718261719,89.76779174804688,13.960000038146973,182.33999633789062,428.0299987792969,102.4000015258789,13.960000038146973,182.64999389648438,428.5799865722656,102.47000122070312,14.970000267028809,181.52000427246094,425.989990234375,101.38999938964844,13.949999809265137,182.36000061035156,426.6700134277344,101.83999633789062,14.90999984741211,4967200,64022200,14332100,0
2023-06-07,180.14999389648438,409.41680908203125,88.43531036376953,13.9399995803833,180.14999389648438,426.54998779296875,100.87999725341797,13.9399995803833,183.0,429.6199951171875,102.43000030517578,14.289999961853027,180.14999389648438,426.1099853515625,100.77999877929688,13.770000457763672,181.94000244140625,428.44000244140625,102.16999816894531,14.140000343322754,9066500,85373300,25251100,0
2023-06-08,182.52999877929688,411.8931884765625,89.4697494506836,13.649999618530273,182.52999877929688,429.1300048828125,102.05999755859375,13.649999618530273,183.0399932861328,429.6000061035156,102.13999938964844,14.210000038146973,181.9600067138672,425.82000732421875,100.80000305175781,13.529999732971191,182.0,426.6199951171875,100.87000274658203,14.140000343322754,6394100,61952800,23845100,0
2023-06-09,182.0399932861328,412.6323547363281,89.34701538085938,13.829999923706055,182.0399932861328,429.8999938964844,101.91999816894531,13.829999923706055,182.7899932861328,431.989990234375,102.2699966430664,14.140000343322754,181.72000122070312,428.8699951171875,101.33999633789062,13.5,182.36000061035156,429.9599914550781,101.5999984741211,13.779999732971191,4379200,85742800,22147400,0
2023-06-12,181.8800048828125,416.3755798339844,89.6100082397461,15.010000228881836,181.8800048828125,433.79998779296875,102.22000122070312,15.010000228881836,181.94000244140625,433.8800048828125,102.30000305175781,15.020000457763672,181.0399932861328,430.1700134277344,101.12000274658203,14.319999694824219,181.8000030517578,430.9200134277344,102.23999786376953,14.4399995803833,4873600,76104300,19010300,0
2023-06-13,180.5399932861328,419.1207580566406,88.7245864868164,14.609999656677246,180.5399932861328,436.6600036621094,101.20999908447266,14.609999656677246,182.42999267578125,437.3299865722656,102.33000183105469,15.0600004196167,180.1699981689453,434.6300048828125,100.97000122070312,14.470000267028809,182.10000610351562,435.32000732421875,102.11000061035156,14.989999771118164,5126700,95899700,25910800,0
2023-06-14,180.63999938964844,419.619873046875,89.4346694946289,13.880000114440918,180.63999938964844,437.17999267578125,102.0199966430664,13.880000114440918,181.9600067138672,439.05999755859375,102.29000091552734,14.729999542236328,180.13999938964844,433.5899963378906,101.45999908447266,13.829999923706055,181.69000244140625,437.010009765625,101.62999725341797,14.479999542236328,6807000,100612100,29094200,0
2023-06-15,181.91000366210938,424.8221740722656,90.29378509521484,14.5,181.91000366210938,442.6000061035156,103.0,14.5,182.0500030517578,443.8999938964844,103.62999725341797,14.520000457763672,180.17999267578125,436.2300109863281,102.5999984741211,13.789999961853027,180.27999877929688,436.3299865722656,103.02999877929688,14.09000015258789,6739000,110303100,25732000,0
2023-06-16,181.6300048828125,423.3752136230469,89.94309997558594,13.539999961853027,181.6300048828125,439.4599914550781,102.5999984741211,13.539999961853027,182.6199951171875,443.6099853515625,102.83000183105469,14.539999961853027,181.41000366210938,438.9700012207031,102.02999877929688,13.479999542236328,181.92999267578125,443.0199890136719,102.44000244140625,14.489999771118164,8779100,114165800,16759100,0
2023-06-20,179.75,421.1785888671875,90.5655517578125,13.880000114440918,179.75,437.17999267578125,103.30999755859375,13.880000114440918,180.08999633789062,438.3699951171875,103.66000366210938,14.670000076293945,179.22000122070312,435.0299987792969,103.11000061035156,13.859999656677246,180.05999755859375,437.45001220703125,103.11000061035156,14.359999656677246,7584200,76160400,17162900,0
2023-06-21,179.49000549316406,419.0206298828125,90.7846908569336,13.199999809265137,179.49000549316406,434.94000244140625,103.55999755859375,13.199999809265137,179.9499969482422,436.989990234375,103.6500015258789,13.890000343322754,178.19000244140625,434.3299865722656,102.33999633789062,13.100000381469727,179.14999389648438,436.1600036621094,102.80999755859375,13.880000114440918,6702300,76982300,19720100,0
2023-06-22,177.7100067138672,420.5331115722656,89.68888854980469,12.90999984741211,177.7100067138672,436.510009765625,102.30999755859375,12.90999984741211,178.99000549316406,436.6199951171875,103.25,13.979999542236328,177.6300048828125,433.6000061035156,102.19999694824219,12.729999542236328,178.36000061035156,433.95001220703125,102.80000305175781,13.880000114440918,7945000,70637200,23630700,0
2023-06-23,178.1999969482422,417.3539123535156,90.58306121826172,13.4399995803833,178.1999969482422,433.2099914550781,103.33000183105469,13.4399995803833,179.9499969482422,435.05999755859375,103.94999694824219,13.800000190734863,178.08999633789062,432.4700012207031,102.9800033569336,12.880000114440918,179.60000610351562,432.92999267578125,103.83000183105469,13.239999771118164,5419800,92074500,22901900,0
2023-06-26,178.50999450683594,415.648681640625,90.67949676513672,14.25,178.50999450683594,431.44000244140625,103.44000244140625,14.25,179.0800018310547,434.6099853515625,103.80000305175781,14.710000038146973,178.4199981689453,431.19000244140625,103.16000366210938,13.779999732971191,179.0500030517578,432.6199951171875,103.62000274658203,14.430000305175781,3222100,72823600,12894900,0
2023-06-27,177.69000244140625,420.2055969238281,90.44283294677734,13.739999771118164,177.69000244140625,436.1700134277344,103.16999816894531,13.739999771118164,179.2899932861328,436.80999755859375,103.94999694824219,14.34000015258789,177.42999267578125,431.8800048828125,102.76000213623047,13.59000015258789,179.07000732421875,432.3500061035156,103.58999633789062,14.109999656677246,5036900,72813700,18105700,0
2023-06-28,177.27999877929688,420.4175109863281,90.82852935791016,13.430000305175781,177.27999877929688,436.3900146484375,103.61000061035156,13.430000305175781,177.69000244140625,437.44000244140625,103.83999633789062,13.960000038146973,176.6999969482422,434.4100036621094,102.83000183105469,13.359999656677246,177.22999572753906,435.04998779296875,103.41000366210938,13.899999618530273,5866700,75636000,23826800,0
2023-06-29,177.08999633789062,422.0745849609375,89.1892318725586,13.539999961853027,177.08999633789062,438.1099853515625,101.73999786376953,13.539999961853027,177.6300048828125,438.2799987792969,102.33999633789062,13.850000381469727,175.7899932861328,435.5400085449219,101.44999694824219,13.40999984741211,175.8300018310547,435.9599914550781,102.16999816894531,13.640000343322754,6862500,67882300,41091600,0
2023-06-30,178.27000427246094,427.05535888671875,90.24120330810547,13.59000015258789,178.27000427246094,443.2799987792969,102.94000244140625,13.59000015258789,178.52999877929688,444.29998779296875,103.05999755859375,13.59000015258789,177.32000732421875,441.1099853515625,101.87000274658203,12.960000038146973,177.69000244140625,441.44000244140625,102.05999755859375,13.510000228881836,6420900,104964000,32024900,0
2023-07-03,178.47000122070312,427.546630859375,89.72962951660156,13.569999694824219,178.47000122070312,443.7900085449219,102.08000183105469,13.569999694824219,179.33999633789062,444.0799865722656,103.26000213623047,13.850000381469727,178.4600067138672,442.6300048828125,102.05999755859375,13.470000267028809,178.61000061035156,442.9200134277344,102.83999633789062,13.850000381469727,4085700,32793400,16011800,0
2023-07-05,177.83999633789062,426.91082763671875,88.87698364257812,14.180000305175781,177.83999633789062,443.1300048828125,101.11000061035156,14.180000305175781,179.4199981689453,443.8900146484375,102.0,14.739999771118164,177.8300018310547,441.8999938964844,100.73999786376953,14.050000190734863,179.41000366210938,441.9100036621094,101.88999938964844,14.1899995803833,5650600,58418400,28170300,0
2023-07-06,177.30999755859375,423.56781005859375,87.61997985839844,15.4399995803833,177.30999755859375,439.6600036621094,99.68000030517578,15.4399995803833,177.8000030517578,440.1000061035156,100.37999725341797,17.079999923706055,176.66000366210938,437.05999755859375,99.47000122070312,14.789999961853027,177.50999450683594,439.4200134277344,100.19999694824219,14.850000381469727,5133000,80658300,41375700,0
2023-07-07,178.63999938964844,422.4984130859375,87.0925521850586,14.829999923706055,178.63999938964844,438.54998779296875,99.08000183105469,14.829999923706055,179.64999389648438,442.6400146484375,99.5999984741211,16.059999465942383,178.35000610351562,438.29998779296875,98.98999786376953,14.329999923706055,178.3800048828125,438.6300048828125,99.18000030517578,15.970000267028809,5201100,86134200,28996500,0
2023-07-10,178.77999877929688,423.56781005859375,87.20680236816406,15.069999694824219,178.77999877929688,439.6600036621094,99.20999908447266,15.069999694824219,178.9199981689453,439.8399963378906,99.52999877929688,16.209999084472656,178.25999450683594,437.5899963378906,98.8499984741211,15.039999961853027,178.3699951171875,438.17999267578125,98.86000061035156,16.079999923706055,3320500,62443500,24665200,0
2023-07-11,179.4499969482422,426.26531982421875,87.6551513671875,14.84000015258789,179.4499969482422,442.4599914550781,99.72000122070312,14.84000015258789,179.7100067138672,442.9700012207031,99.97000122070312,15.25,179.1300048828125,439.44000244140625,99.29000091552734,14.630000114440918,179.42999267578125,440.45001220703125,99.56999969482422,15.020000457763672,2818800,64463800,20485500,0
2023-07-12,181.8800048828125,429.6950378417969,88.63084411621094,13.539999961853027,181.8800048828125,446.0199890136719,100.83000183105469,13.539999961853027,181.9499969482422,447.4800109863281,101.12000274658203,14.819999694824219,181.10000610351562,444.9100036621094,99.7699966430664,13.510000228881836,181.17999267578125,446.3900146484375,100.0999984741211,14.819999694824219,7062000,91924500,31928000,0
2023-07-13,182.00999450683594,433.10546875,89.5625991821289,13.609999656677246,182.00999450683594,449.55999755859375,101.88999938964844,13.609999656677246,182.14999389648438,450.3800048828125,101.97000122070312,13.609999656677246,181.49000549316406,447.45001220703125,101.02999877929688,13.119999885559082,181.9600067138672,447.8999938964844,101.30999755859375,13.4399995803833,4527900,72425200,32441500,0
2023-07-14,181.42999267578125,432.8357238769531,89.0351791381836,13.34000015258789,181.42999267578125,449.2799987792969,101.29000091552734,13.34000015258789,182.1699981689453,451.3599853515625,101.94000244140625,13.760000228881836,181.11000061035156,448.489990234375,101.23999786376953,13.220000267028809,181.58999633789062,450.4800109863281,101.72000122070312,13.720000267028809,5390000,69815800,18569000,0
2023-07-17,181.55999755859375,434.338623046875,89.07911682128906,13.479999542236328,181.55999755859375,450.8399963378906,101.33999633789062,13.479999542236328,181.6300048828125,451.92999267578125,101.48999786376953,14.0,180.63999938964844,449.0799865722656,100.91999816894531,13.430000305175781,180.99000549316406,449.1300048828125,101.2300033569336,13.779999732971191,4152400,52680200,18822000,0
2023-07-18,183.63999938964844,437.56597900390625,89.48348999023438,13.300000190734863,183.63999938964844,454.19000244140625,101.80000305175781,13.300000190734863,184.22999572753906,454.8599853515625,102.06999969482422,13.670000076293945,182.32000732421875,450.04998779296875,101.56999969482422,13.289999961853027,182.7899932861328,450.5,101.80000305175781,13.609999656677246,8238000,80668200,15407400,0
2023-07-19,183.6699981689453,438.53900146484375,90.49432373046875,13.760000228881836,183.6699981689453,455.20001220703125,102.94999694824219,13.760000228881836,183.83999633789062,456.42999267578125,102.9800033569336,13.84000015258789,182.8699951171875,454.1099853515625,101.7300033569336,13.119999885559082,183.4499969482422,455.010009765625,102.0,13.319999694824219,3911600,65891700,27192500,0
2023-07-20,182.74000549316406,435.62957763671875,89.39556884765625,13.989999771118164,182.74000549316406,452.17999267578125,101.69999694824219,13.989999771118164,183.77000427246094,455.1000061035156,102.30999755859375,14.229999542236328,182.47000122070312,451.44000244140625,101.27999877929688,13.579999923706055,183.72999572753906,454.1700134277344,102.22000122070312,13.960000038146973,4972900,70591600,56951200,0
2023-07-21,182.17999267578125,435.62957763671875,89.4219741821289,13.600000381469727,182.17999267578125,452.17999267578125,101.7300033569336,13.600000381469727,182.4600067138672,454.1700134277344,102.3499984741211,13.890000343322754,181.67999267578125,452.1700134277344,101.62999725341797,13.369999885559082,182.05999755859375,453.9599914550781,102.16000366210938,13.869999885559082,3845400,71275600,20657500,0
2023-07-24,181.39999389648438,437.57562255859375,89.09674072265625,13.90999984741211,181.39999389648438,454.20001220703125,101.36000061035156,13.90999984741211,182.5399932861328,455.0400085449219,102.1500015258789,14.300000190734863,181.33999633789062,452.29998779296875,101.30000305175781,13.729999542236328,182.22000122070312,453.3699951171875,101.98999786376953,14.289999961853027,4370000,54023400,17546700,0
2023-07-25,182.41000366210938,438.770263671875,88.92971801757812,13.859999656677246,182.41000366210938,455.44000244140625,101.16999816894531,13.859999656677246,182.47000122070312,456.739990234375,101.5,14.09000015258789,181.10000610351562,453.8699951171875,100.80000305175781,13.819999694824219,181.72000122070312,453.9200134277344,100.83000183105469,14.020000457763672,4090100,55191200,17160600,0
2023-07-26,183.3000030517578,438.8376770019531,89.0176010131836,13.1899995803833,183.3000030517578,455.510009765625,101.2699966430664,13.1899995803833,183.63999938964844,456.989990234375,101.69000244140625,14.15999984741211,182.30999755859375,453.3800048828125,100.93000030517578,13.149999618530273,182.66000366210938,454.4700012207031,101.68000030517578,13.859999656677246,6158400,71052900,19310700,0
2023-07-27,180.4199981689453,435.92822265625,87.28595733642578,14.40999984741211,180.4199981689453,452.489990234375,99.30000305175781,14.40999984741211,181.63999938964844,459.44000244140625,100.93000030517578,15.020000457763672,180.32000732421875,451.54998779296875,98.91000366210938,12.739999771118164,181.63999938964844,459.0199890136719,100.70999908447266,13.140000343322754,7592800,92194400,44794400,0
2023-07-28,181.86000061035156,440.1960754394531,87.73424530029297,13.329999923706055,181.86000061035156,456.9200134277344,99.80999755859375,13.329999923706055,182.27000427246094,457.7799987792969,99.86000061035156,14.180000305175781,181.25,452.489990234375,99.1500015258789,13.270000457763672,181.47999572753906,455.8800048828125,99.4000015258789,14.029999732971191,3828800,80011800,27434000,0
2023-07-31,182.35000610351562,441.03424072265625,87.94519805908203,13.630000114440918,182.35000610351562,457.7900085449219,100.05000305175781,13.630000114440918,183.08999633789062,458.1600036621094,100.33000183105469,14.09000015258789,182.30999755859375,456.04998779296875,99.62000274658203,13.569999694824219,182.42999267578125,457.4100036621094,99.6500015258789,13.979999542236328,5494800,62040400,28663800,0
2023-08-01,180.4600067138672,439.772216796875,86.50406646728516,13.930000305175781,180.4600067138672,456.4800109863281,98.13999938964844,13.930000305175781,181.3800048828125,457.25,98.91999816894531,14.300000190734863,180.19000244140625,455.489990234375,97.9000015258789,13.75,180.85000610351562,456.2699890136719,98.83999633789062,13.75,6239700,55291500,34943400,0
2023-08-02,179.60000610351562,433.65460205078125,85.57855987548828,16.09000015258789,179.60000610351562,450.1300048828125,97.08999633789062,16.09000015258789,180.7899932861328,453.5199890136719,97.23999786376953,16.479999542236328,179.41000366210938,449.3500061035156,96.41000366210938,14.949999809265137,180.57000732421875,453.25,97.04000091552734,15.699999809265137,6339700,93933400,38121300,0
2023-08-03,179.5399932861328,432.4118347167969,83.60413360595703,15.920000076293945,179.5399932861328,448.8399963378906,94.8499984741211,15.920000076293945,179.9499969482422,450.7900085449219,95.31999969482422,17.420000076293945,179.27999877929688,447.3699951171875,94.54000091552734,15.720000267028809,179.44000244140625,448.0400085449219,95.19000244140625,16.770000457763672,4636300,64276100,59394800,0
2023-08-04,180.19000244140625,430.4561462402344,85.08495330810547,17.100000381469727,180.19000244140625,446.80999755859375,96.52999877929688,17.100000381469727,180.77000427246094,452.8999938964844,96.68000030517578,17.389999389648438,179.85000610351562,446.2699890136719,95.12999725341797,14.569999694824219,180.25,450.7200012207031,95.1500015258789,16.010000228881836,5326200,100128900,42071800,0
2023-08-07,179.77999877929688,434.21343994140625,84.24756622314453,15.770000457763672,179.77999877929688,450.7099914550781,95.58000183105469,15.770000457763672,180.14999389648438,450.8699951171875,96.19999694824219,17.360000610351562,179.27000427246094,447.989990234375,95.5,15.770000457763672,180.14999389648438,448.7099914550781,96.11000061035156,16.899999618530273,4510400,58357500,35862900,0
2023-08-08,178.63999938964844,432.32513427734375,85.22598266601562,15.989999771118164,178.63999938964844,448.75,96.69000244140625,15.989999771118164,179.3300018310547,450.70001220703125,97.37000274658203,18.139999389648438,178.4600067138672,445.2699890136719,96.44000244140625,15.960000038146973,178.63999938964844,448.0799865722656,96.86000061035156,16.280000686645508,6162900,71361300,24010500,0
2023-08-09,177.7899932861328,429.43487548828125,85.66669464111328,15.960000038146973,177.7899932861328,445.75,97.19000244140625,15.960000038146973,178.9199981689453,449.20001220703125,97.29000091552734,16.8700008392334,177.77999877929688,444.9599914550781,96.83999633789062,15.380000114440918,178.67999267578125,449.0299987792969,96.87999725341797,15.8100004196167,4644000,78789600,20151100,0
2023-08-10,177.60000610351562,429.58905029296875,84.25640869140625,15.850000381469727,177.60000610351562,445.9100036621094,95.58999633789062,15.850000381469727,178.6999969482422,451.70001220703125,97.36000061035156,16.860000610351562,177.5399932861328,444.70001220703125,95.58999633789062,14.600000381469727,178.22000122070312,448.19000244140625,97.04000091552734,15.579999923706055,5934600,93005500,37253200,0
2023-08-11,177.60000610351562,429.33856201171875,84.0624771118164,14.84000015258789,177.60000610351562,445.6499938964844,95.37000274658203,14.84000015258789,178.36000061035156,446.70001220703125,95.87000274658203,16.510000228881836,177.49000549316406,443.3500061035156,95.19999694824219,14.84000015258789,177.6999969482422,443.9700012207031,95.30000305175781,15.529999732971191,5289700,68690900,26753500,0
2023-08-14,177.05999755859375,431.70855712890625,83.87738037109375,14.819999694824219,177.05999755859375,448.1099853515625,95.16000366210938,14.819999694824219,177.5800018310547,448.1099853515625,95.93000030517578,16.059999465942383,176.5800018310547,444.3800048828125,94.9000015258789,14.770000457763672,176.86000061035156,444.70001220703125,95.20999908447266,15.880000114440918,9554500,47867400,19072000,0
2023-08-15,176.58999633789062,426.67962646484375,83.36615753173828,16.459999084472656,176.58999633789062,442.8900146484375,94.58000183105469,16.459999084472656,177.42999267578125,446.6400146484375,95.19999694824219,16.56999969482422,176.3300018310547,442.29998779296875,94.55999755859375,14.90999984741211,176.75,446.2699890136719,94.80000305175781,14.949999809265137,7582700,75707500,24125000,0
2023-08-16,175.57000732421875,423.5485534667969,82.71390533447266,16.780000686645508,175.57000732421875,439.6400146484375,93.83999633789062,16.780000686645508,176.9499969482422,444.17999267578125,94.79000091552734,16.93000030517578,175.55999755859375,439.5299987792969,93.72000122070312,15.800000190734863,176.6199951171875,442.4599914550781,94.27999877929688,16.540000915527344,6559400,80107200,23076700,0
2023-08-17,175.3000030517578,420.3211364746094,82.36129760742188,17.889999389648438,175.3000030517578,436.2900085449219,93.44000244140625,17.889999389648438,176.55999755859375,441.42999267578125,93.61000061035156,18.1299991607666,174.92999267578125,435.75,93.0199966430664,16.399999618530273,176.52999877929688,441.1600036621094,93.5,16.959999084472656,7937700,95711300,32244900,0
2023-08-18,175.3300018310547,420.5234680175781,82.65219116210938,17.299999237060547,175.3300018310547,436.5,93.7699966430664,17.299999237060547,176.05999755859375,437.57000732421875,94.19000244140625,18.8799991607666,175.10000610351562,433.010009765625,93.30000305175781,17.139999389648438,175.8300018310547,433.3699951171875,93.43000030517578,17.799999237060547,6253000,98852000,24181700,0
2023-08-21,175.80999755859375,423.259521484375,81.55037689208984,17.1299991607666,175.80999755859375,439.3399963378906,92.5199966430664,17.1299991607666,175.94000244140625,440.1099853515625,92.76000213623047,18.110000610351562,174.9600067138672,435.32000732421875,92.2300033569336,16.8799991607666,175.89999389648438,437.54998779296875,92.66000366210938,18.030000686645508,4206400,68719000,29254100,0
2023-08-22,176.10000610351562,422.1131591796875,82.17622375488281,16.969999313354492,176.10000610351562,438.1499938964844,93.2300033569336,16.969999313354492,176.25,441.17999267578125,93.27999877929688,17.579999923706055,175.30999755859375,437.57000732421875,92.45999908447266,16.610000610351562,175.8300018310547,441.17999267578125,92.63999938964844,16.959999084472656,5892200,64994200,21308700,0
2023-08-23,177.88999938964844,426.8144836425781,84.21231842041016,15.979999542236328,177.88999938964844,443.0299987792969,95.54000091552734,15.979999542236328,178.22000122070312,443.6700134277344,95.55000305175781,17.100000381469727,177.07000732421875,439.1000061035156,94.2300033569336,15.90999984741211,177.32000732421875,439.25,94.30000305175781,16.639999389648438,7949100,68441000,38294700,0
2023-08-24,177.85000610351562,420.89923095703125,83.65703582763672,17.200000762939453,177.85000610351562,436.8900146484375,94.91000366210938,17.200000762939453,178.49000549316406,445.2200012207031,95.55000305175781,17.31999969482422,177.41000366210938,436.8599853515625,94.88999938964844,15.479999542236328,177.66000366210938,444.69000244140625,95.12999725341797,15.569999694824219,5526400,88517300,22300800,0
2023-08-25,177.6199951171875,423.8664855957031,83.9302749633789,15.680000305175781,177.6199951171875,439.9700012207031,95.22000122070312,15.680000305175781,178.3800048828125,441.29998779296875,95.51000213623047,17.360000610351562,176.6300048828125,435.0,94.51000213623047,15.449999809265137,177.5800018310547,438.67999267578125,94.66000366210938,17.209999084472656,6132800,102325100,23865200,0
2023-08-28,178.1300048828125,426.55438232421875,84.01842498779297,15.079999923706055,178.1300048828125,442.760009765625,95.31999969482422,15.079999923706055,178.72999572753906,443.3999938964844,95.66000366210938,16.280000686645508,177.50999450683594,439.9700012207031,94.88999938964844,15.0,177.64999389648438,442.239990234375,95.6500015258789,16.239999771118164,4740700,61595400,16037300,0
2023-08-29,179.8699951171875,432.7201232910156,84.89103698730469,14.449999809265137,179.8699951171875,449.1600036621094,96.30999755859375,14.449999809265137,179.8800048828125,449.45001220703125,96.51000213623047,15.300000190734863,177.89999389648438,442.4599914550781,94.94000244140625,14.34000015258789,178.02999877929688,442.6499938964844,94.97000122070312,15.079999923706055,7576600,83081900,28478100,0
2023-08-30,180.32000732421875,434.5024108886719,84.80288696289062,13.880000114440918,180.32000732421875,451.010009765625,96.20999908447266,13.880000114440918,180.8800048828125,451.6700134277344,96.4000015258789,14.699999809265137,180.2899932861328,448.7799987792969,95.87999725341797,13.829999923706055,180.5800018310547,449.510009765625,96.16000366210938,14.529999732971191,6593700,69053900,17550100,0
2023-08-31,180.02000427246094,433.8666076660156,85.18191528320312,13.569999694824219,180.02000427246094,450.3500061035156,96.63999938964844,13.569999694824219,180.49000549316406,452.8299865722656,97.05000305175781,14.0,179.94000244140625,450.1600036621094,96.43000030517578,13.4399995803833,180.3699951171875,451.6499938964844,96.54000091552734,13.979999542236328,4795600,66084600,26959700,0
2023-09-01,180.11000061035156,434.67578125,83.85490417480469,13.09000015258789,180.11000061035156,451.19000244140625,94.8499984741211,13.09000015258789,181.1199951171875,453.6700134277344,95.81999969482422,13.5600004196167,179.50999450683594,449.67999267578125,94.62000274658203,13.020000457763672,180.8000030517578,453.1700134277344,95.80000305175781,13.5600004196167,4970700,58944100,32469700,0
2023-09-05,178.63999938964844,432.7972412109375,82.6790771484375,14.010000228881836,178.63999938964844,449.239990234375,93.5199966430664,14.010000228881836,179.44000244140625,451.05999755859375,94.29000091552734,14.470000267028809,178.63999938964844,449.1700134277344,93.48999786376953,13.699999809265137,179.3300018310547,450.7300109863281,94.27999877929688,14.149999618530273,7056800,55166200,29435900,0
2023-09-06,177.8300018310547,429.8877258300781,82.88243103027344,14.449999809265137,177.8300018310547,446.2200012207031,93.75,14.449999809265137,179.00999450683594,448.510009765625,94.11000061035156,15.300000190734863,177.6999969482422,443.80999755859375,93.45999908447266,14.130000114440918,178.3300018310547,448.3999938964844,94.08999633789062,14.270000457763672,6427200,70758500,23636300,0
2023-09-07,178.02000427246094,428.5678405761719,83.1123046875,14.399999618530273,178.02000427246094,444.8500061035156,94.01000213623047,14.399999618530273,178.3699951171875,445.54998779296875,94.06999969482422,15.6899995803833,177.89999389648438,442.75,93.68000030517578,14.399999618530273,178.30999755859375,443.1099853515625,94.0,14.8100004196167,3257200,70355400,18091500,0
2023-09-08,178.0800018310547,429.2133483886719,83.43054962158203,13.84000015258789,178.0800018310547,445.5199890136719,94.37000274658203,13.84000015258789,179.0500030517578,447.1099853515625,94.9000015258789,14.869999885559082,177.89999389648438,444.5299987792969,94.16999816894531,13.579999923706055,178.36000061035156,444.8999938964844,94.37999725341797,14.220000267028809,3292700,61659700,17052100,0
2023-09-11,178.41000366210938,432.0361328125,82.82937622070312,13.800000190734863,178.41000366210938,448.45001220703125,93.69000244140625,13.800000190734863,179.07000732421875,448.7699890136719,93.9800033569336,14.329999923706055,178.25999450683594,446.4700012207031,93.55000305175781,13.739999771118164,178.97000122070312,448.239990234375,93.69999694824219,14.170000076293945,3689100,60180100,17061500,0
2023-09-12,177.49000549316406,429.6661071777344,83.30677032470703,14.229999542236328,177.49000549316406,445.989990234375,94.2300033569336,14.229999542236328,177.6999969482422,448.5299987792969,94.23999786376953,14.420000076293945,177.0500030517578,445.3900146484375,93.58000183105469,13.710000038146973,177.11000061035156,446.95001220703125,93.88999938964844,14.020000457763672,4445400,67565400,20034300,0
2023-09-13,177.0800018310547,430.1671142578125,83.28909301757812,13.479999542236328,177.0800018310547,446.510009765625,94.20999908447266,13.479999542236328,177.75,447.7099914550781,94.52999877929688,14.680000305175781,177.0399932861328,445.0799865722656,93.81999969482422,13.40999984741211,177.52999877929688,446.2200012207031,93.91999816894531,14.420000076293945,3874800,60199300,23332300,0
2023-09-14,177.1699981689453,433.87615966796875,82.6878890991211,12.819999694824219,177.1699981689453,450.3599853515625,93.52999877929688,12.819999694824219,177.38999938964844,451.0799865722656,94.20999908447266,13.460000038146973,176.36000061035156,447.7200012207031,93.4000015258789,12.789999961853027,176.5,449.07000732421875,93.94000244140625,13.390000343322754,6184400,83430800,27800600,0
2023-09-15,178.33999633789062,428.64874267578125,82.18397521972656,13.789999961853027,178.33999633789062,443.3699951171875,92.95999908447266,13.789999961853027,179.11000061035156,447.4800109863281,93.4800033569336,14.170000076293945,178.33999633789062,442.9200134277344,92.95999908447266,12.680000305175781,178.5500030517578,447.1400146484375,93.45999908447266,12.699999809265137,5620900,111848900,25642900,0
2023-09-18,179.38999938964844,428.90008544921875,82.6525650024414,14.0,179.38999938964844,443.6300048828125,93.48999786376953,14.0,179.41000366210938,444.9700012207031,93.52999877929688,14.75,178.3800048828125,442.55999755859375,92.81999969482422,13.859999656677246,178.82000732421875,443.04998779296875,92.8499984741211,14.399999618530273,5049300,55752200,17963400,0
2023-09-19,179.22000122070312,428.0106201171875,82.04254913330078,14.109999656677246,179.22000122070312,442.7099914550781,92.80000305175781,14.109999656677246,179.64999389648438,443.2900085449219,93.43000030517578,14.880000114440918,179.02999877929688,439.94000244140625,92.80000305175781,13.859999656677246,179.5399932861328,442.67999267578125,93.08000183105469,14.109999656677246,4224700,66514600,24941800,0
2023-09-20,179.35000610351562,424.0758056640625,82.29891967773438,15.140000343322754,179.35000610351562,438.6400146484375,93.08999633789062,15.140000343322754,180.66000366210938,444.44000244140625,93.5999984741211,15.149999618530273,179.32000732421875,438.42999267578125,93.04000091552734,13.569999694824219,179.33999633789062,444.010009765625,93.29000091552734,14.180000305175781,9328000,82562600,29451200,0
2023-09-21,178.0500030517578,417.0664978027344,80.18599700927734,17.540000915527344,178.0500030517578,431.3900146484375,90.69999694824219,17.540000915527344,178.49000549316406,435.9700012207031,91.37000274658203,17.540000915527344,177.69000244140625,431.2300109863281,90.69000244140625,15.100000381469727,177.86000061035156,435.70001220703125,91.29000091552734,15.489999771118164,7571900,104095800,59958700,0
2023-09-22,178.6199951171875,416.12872314453125,80.83137512207031,17.200000762939453,178.6199951171875,430.4200134277344,91.43000030517578,17.200000762939453,178.9499969482422,434.1000061035156,91.61000061035156,17.40999984741211,178.50999450683594,429.989990234375,90.66999816894531,15.930000305175781,178.64999389648438,432.45001220703125,90.80999755859375,17.309999465942383,3634800,100829700,29524500,0
2023-09-25,177.6999969482422,417.878662109375,78.84220123291016,16.899999618530273,177.6999969482422,432.2300109863281,89.18000030517578,16.899999618530273,178.7100067138672,432.2699890136719,90.04000091552734,18.40999984741211,177.63999938964844,428.7200012207031,89.1500015258789,16.790000915527344,178.41000366210938,429.1700134277344,89.66000366210938,17.25,5582100,70874500,45587900,0
2023-09-26,176.27999877929688,411.7394104003906,78.568115234375,18.940000534057617,176.27999877929688,425.8800048828125,88.87000274658203,18.940000534057617,177.13999938964844,429.82000732421875,89.62000274658203,19.5,176.16000366210938,425.0199890136719,88.70999908447266,17.170000076293945,176.8300018310547,429.0899963378906,89.43000030517578,18.030000686645508,7181100,96168400,38104100,0
2023-09-27,174.10000610351562,411.9037780761719,78.16143035888672,18.219999313354492,174.10000610351562,426.04998779296875,88.41000366210938,18.219999313354492,175.32000732421875,427.6700134277344,89.62000274658203,19.709999084472656,173.6999969482422,422.2900085449219,88.08999633789062,18.030000686645508,175.27000427246094,427.0899963378906,89.54000091552734,18.290000915527344,10919600,104705800,47111200,0
2023-09-28,173.22999572753906,414.2917785644531,78.40013885498047,17.34000015258789,173.22999572753906,428.5199890136719,88.68000030517578,17.34000015258789,174.13999938964844,430.25,88.7300033569336,18.770000457763672,172.32000732421875,424.8699951171875,87.0999984741211,17.059999465942383,173.91000366210938,425.4800109863281,87.62000274658203,18.219999313354492,10061900,92258300,60238000,0
2023-09-29,171.4499969482422,413.2862854003906,78.40901184082031,17.520000457763672,171.4499969482422,427.4800109863281,88.69000244140625,17.520000457763672,174.02999877929688,431.8500061035156,89.48999786376953,17.739999771118164,171.27000427246094,425.9100036621094,88.12999725341797,15.829999923706055,173.9199981689453,431.6700134277344,89.2699966430664,16.8700008392334,10427400,115111300,49010100,0
2023-10-02,169.64999389648438,413.1219482421875,77.09638977050781,17.610000610351562,169.64999389648438,427.30999755859375,86.93000030517578,17.610000610351562,170.4600067138672,428.6000061035156,87.93000030517578,18.549999237060547,169.5,424.4599914550781,86.70999908447266,16.93000030517578,170.22999572753906,426.6199951171875,87.81999969482422,17.309999465942383,12706000,83798600,44704300,0
2023-10-03,169.16000366210938,407.5918273925781,75.43795013427734,19.780000686645508,169.16000366210938,421.5899963378906,85.05999755859375,19.780000686645508,170.0800018310547,427.3699951171875,86.6500015258789,20.479999542236328,168.75,420.17999267578125,84.88999938964844,17.520000457763672,169.13999938964844,425.05999755859375,86.30999755859375,17.809999465942383,11459800,103760600,71362600,0
2023-10-04,169.13999938964844,410.5599670410156,76.50215148925781,18.579999923706055,169.13999938964844,424.6600036621094,86.26000213623047,18.579999923706055,169.41000366210938,425.42999267578125,86.30999755859375,20.8799991607666,168.5,420.55999755859375,85.37000274658203,18.299999237060547,169.2100067138672,422.07000732421875,85.7699966430664,20.719999313354492,10034600,87453000,56281600,0
2023-10-05,168.8300018310547,410.4052429199219,76.12083435058594,18.489999771118164,168.8300018310547,424.5,85.83000183105469,18.489999771118164,169.0,425.3699951171875,86.19000244140625,19.579999923706055,168.3000030517578,421.1700134277344,85.63999938964844,18.260000228881836,168.74000549316406,424.3599853515625,86.11000061035156,18.670000076293945,6970200,70142700,35758800,0
2023-10-06,169.6999969482422,415.2779235839844,75.19847869873047,17.450000762939453,169.6999969482422,429.5400085449219,84.79000091552734,17.450000762939453,170.22999572753906,431.1300048828125,85.69000244140625,19.93000030517578,168.5,420.6000061035156,84.05999755859375,17.190000534057617,169.1699981689453,421.9700012207031,84.19999694824219,18.729999542236328,9948400,113273300,62787900,0
2023-10-09,172.82000732421875,417.9366149902344,76.96337127685547,17.700000762939453,172.82000732421875,432.2900085449219,86.77999877929688,17.700000762939453,172.86000061035156,432.8800048828125,86.80000305175781,19.600000381469727,171.0800018310547,427.010009765625,84.94999694824219,17.559999465942383,171.17999267578125,427.5799865722656,85.5,19.540000915527344,10201500,80374400,29424900,0
2023-10-10,172.52999877929688,420.1119384765625,76.8569564819336,17.030000686645508,172.52999877929688,434.5400085449219,86.66000366210938,17.030000686645508,172.8000030517578,437.2200012207031,87.16999816894531,17.860000610351562,171.89999389648438,432.5299987792969,85.5199966430664,16.510000228881836,172.0800018310547,432.94000244140625,85.8499984741211,17.700000762939453,5844000,78607300,54743900,0
2023-10-11,173.7899932861328,421.832763671875,78.46218872070312,16.09000015258789,173.7899932861328,436.32000732421875,88.47000122070312,16.09000015258789,174.1300048828125,436.5799865722656,88.47000122070312,17.780000686645508,173.25999450683594,433.17999267578125,87.5999984741211,16.09000015258789,173.60000610351562,435.6400146484375,87.8499984741211,16.950000762939453,7128000,62451700,58517700,0
2023-10-12,173.25999450683594,419.2611083984375,76.33367156982422,16.690000534057617,173.25999450683594,433.6600036621094,86.06999969482422,16.690000534057617,174.22999572753906,437.3399963378906,88.19000244140625,18.079999923706055,173.24000549316406,431.2300109863281,85.93000030517578,15.4399995803833,174.05999755859375,436.95001220703125,88.05000305175781,16.079999923706055,5912700,81154200,66986700,0
2023-10-13,178.8300018310547,417.17279052734375,77.69947814941406,19.31999969482422,178.8300018310547,431.5,87.61000061035156,19.31999969482422,179.10000610351562,436.45001220703125,87.83000183105469,20.780000686645508,176.72000122070312,429.8800048828125,87.16999816894531,16.5,176.88999938964844,435.2099914550781,87.5999984741211,16.530000686645508,18796500,95143100,44183800,0
2023-10-16,177.9600067138672,421.56207275390625,76.4489517211914,17.209999084472656,177.9600067138672,436.0400085449219,86.19999694824219,17.209999084472656,178.3300018310547,437.1400146484375,86.37000274658203,19.56999969482422,177.5399932861328,433.57000732421875,85.9000015258789,17.139999389648438,177.83999633789062,433.82000732421875,86.19000244140625,19.100000381469727,8385400,75433200,38309800,0
2023-10-17,178.2899932861328,421.542724609375,75.60643768310547,17.8799991607666,178.2899932861328,436.0199890136719,85.25,17.8799991607666,179.1300048828125,438.1400146484375,85.62999725341797,18.540000915527344,177.97999572753906,432.45001220703125,84.5,16.969999313354492,178.3699951171875,432.80999755859375,84.88999938964844,17.40999984741211,8231900,75324700,52949100,0
2023-10-18,180.8699951171875,415.9256286621094,74.94129180908203,19.219999313354492,180.8699951171875,430.2099914550781,84.5,19.219999313354492,182.02000427246094,435.17999267578125,84.72000122070312,20.149999618530273,179.75,429.0899963378906,83.8499984741211,17.8799991607666,180.88999938964844,434.19000244140625,84.37999725341797,18.360000610351562,13920800,93559800,63724600,0
2023-10-19,183.08999633789062,412.2712097167969,73.40696716308594,21.399999618530273,183.08999633789062,426.42999267578125,82.7699966430664,21.399999618530273,183.42999267578125,432.82000732421875,84.56999969482422,21.399999618530273,180.82000732421875,425.7300109863281,82.73999786376953,18.549999237060547,181.0399932861328,430.95001220703125,83.87999725341797,19.729999542236328,13406600,121323000,87696900,0
2023-10-20,183.58999633789062,407.2051696777344,73.82380676269531,21.709999084472656,183.58999633789062,421.19000244140625,83.23999786376953,21.709999084472656,185.22999572753906,426.5400085449219,83.54000091552734,21.829999923706055,183.08999633789062,421.0799865722656,82.7699966430664,20.420000076293945,183.42999267578125,425.9800109863281,82.98999786376953,21.59000015258789,12785700,123919900,52188800,0
2023-10-23,182.97000122070312,406.49945068359375,74.71067810058594,20.3700008392334,182.97000122070312,420.4599914550781,84.23999786376953,20.3700008392334,183.55999755859375,424.45001220703125,84.86000061035156,23.079999923706055,182.7100067138672,417.79998779296875,82.41999816894531,19.479999542236328,183.50999450683594,419.6099853515625,82.80999755859375,21.829999923706055,9479800,92035100,70890400,0
2023-10-24,182.9499969482422,409.5641174316406,75.69510650634766,18.969999313354492,182.9499969482422,423.6300048828125,85.3499984741211,18.969999313354492,183.39999389648438,424.82000732421875,85.3499984741211,20.239999771118164,181.67999267578125,420.739990234375,84.08999633789062,18.649999618530273,182.07000732421875,422.6499938964844,84.44000244140625,20.030000686645508,6594000,78564200,46267700,0
2023-10-25,183.72000122070312,403.6859436035156,74.01006317138672,20.190000534057617,183.72000122070312,417.54998779296875,83.44999694824219,20.190000534057617,184.3000030517578,421.9200134277344,84.12999725341797,21.239999771118164,182.0399932861328,417.0199890136719,83.12999725341797,18.860000610351562,183.4199981689453,421.8900146484375,84.0199966430664,19.389999389648438,10087000,94223200,60737200,0
2023-10-26,184.00999450683594,398.8520202636719,75.1452865600586,20.68000030517578,184.00999450683594,412.54998779296875,84.7300033569336,20.68000030517578,184.49000549316406,417.3299865722656,84.81999969482422,21.959999084472656,182.8699951171875,411.6000061035156,83.4000015258789,20.219999313354492,183.39999389648438,416.45001220703125,83.4800033569336,21.780000686645508,7671400,115156800,49704100,0
2023-10-27,186.14999389648438,397.0440979003906,74.82598876953125,21.270000457763672,186.14999389648438,410.67999267578125,84.37000274658203,21.270000457763672,186.36000061035156,414.6000061035156,84.97000122070312,22.06999969482422,183.47000122070312,409.2099914550781,83.73999786376953,19.719999313354492,183.75999450683594,414.19000244140625,84.19000244140625,20.389999389648438,14102800,107367700,32362300,0
2023-10-30,185.10000610351562,401.79107666015625,74.48896026611328,19.75,185.10000610351562,415.5899963378906,83.98999786376953,19.75,185.6999969482422,416.67999267578125,84.5,21.15999984741211,184.72999572753906,412.2200012207031,83.23999786376953,19.549999237060547,185.5399932861328,413.55999755859375,83.80999755859375,21.1299991607666,8756400,86562700,45026900,0
2023-10-31,184.08999633789062,404.314453125,74.1253662109375,18.139999389648438,184.08999633789062,418.20001220703125,83.58000183105469,18.139999389648438,186.2100067138672,418.5299987792969,84.7699966430664,19.860000610351562,183.5,414.2099914550781,83.55000305175781,17.969999313354492,185.0800018310547,416.17999267578125,84.37000274658203,19.860000610351562,10104600,79665200,37269200,0
2023-11-01,183.50999450683594,408.6263427734375,75.7325668334961,16.8700008392334,183.50999450683594,422.6600036621094,85.0999984741211,16.8700008392334,185.0,423.5,85.12000274658203,18.420000076293945,182.6699981689453,418.6499938964844,84.0199966430664,16.6299991607666,183.91000366210938,419.20001220703125,84.04000091552734,18.020000457763672,9048600,98068100,72308500,0
2023-11-02,184.1199951171875,416.4573974609375,77.4590072631836,15.65999984741211,184.1199951171875,430.760009765625,87.04000091552734,15.65999984741211,184.27999877929688,430.9200134277344,87.30999755859375,16.6200008392334,183.5,426.55999755859375,86.22000122070312,15.579999923706055,184.1300048828125,426.5799865722656,86.68000030517578,16.59000015258789,7343700,94938900,69739400,0
2023-11-03,184.7899932861328,420.2569274902344,77.98407745361328,14.90999984741211,184.7899932861328,434.69000244140625,87.62999725341797,14.90999984741211,185.47000122070312,436.2900085449219,89.05000305175781,15.829999923706055,184.35000610351562,433.010009765625,87.58000183105469,14.90999984741211,184.47999572753906,433.1400146484375,88.80999755859375,15.699999809265137,8530400,100167800,77692300,0
2023-11-06,183.35000610351562,421.22369384765625,77.22763061523438,14.890000343322754,183.35000610351562,435.69000244140625,86.77999877929688,14.890000343322754,184.22999572753906,436.1499938964844,87.19999694824219,15.579999923706055,183.33999633789062,433.67999267578125,86.5999984741211,14.84000015258789,184.13999938964844,435.4700012207031,87.06999969482422,15.390000343322754,8274700,67831700,41341900,0
2023-11-07,182.58999633789062,422.42254638671875,78.3667221069336,14.8100004196167,182.58999633789062,436.92999267578125,88.05999755859375,14.8100004196167,182.64999389648438,437.5899963378906,88.5,15.170000076293945,181.75,434.510009765625,87.58999633789062,14.710000038146973,182.25,435.69000244140625,87.61000061035156,15.100000381469727,6795800,64256100,37834200,0
2023-11-08,180.77000427246094,422.73187255859375,79.70161437988281,14.449999809265137,180.77000427246094,437.25,89.55999755859375,14.449999809265137,182.07000732421875,438.0899963378906,89.62000274658203,15.09000015258789,180.57000732421875,434.8699951171875,88.44999694824219,14.300000190734863,182.00999450683594,437.54998779296875,88.4800033569336,14.90999984741211,6738300,61746000,53893400,0
2023-11-09,181.49000549316406,419.43511962890625,77.86836242675781,15.289999961853027,181.49000549316406,433.8399963378906,87.5,15.289999961853027,182.27999877929688,438.4700012207031,89.02999877929688,15.569999694824219,180.88999938964844,433.3999938964844,86.73999786376953,14.130000114440918,180.97999572753906,438.42999267578125,88.94000244140625,14.609999656677246,6486300,83174400,88975100,0
2023-11-10,179.50999450683594,425.9803466796875,78.30443572998047,14.170000076293945,179.50999450683594,440.6099853515625,87.98999786376953,14.170000076293945,180.58999633789062,440.92999267578125,88.43000030517578,15.449999809265137,179.25,433.8299865722656,87.7699966430664,14.15999984741211,180.50999450683594,435.9800109863281,88.2300033569336,15.09000015258789,7606600,89462200,36516400,0
2023-11-13,180.50999450683594,425.57427978515625,78.12642669677734,14.760000228881836,180.50999450683594,440.19000244140625,87.79000091552734,14.760000228881836,180.72999572753906,441.3299865722656,87.94000244140625,15.1899995803833,179.11000061035156,438.4200134277344,86.9000015258789,14.579999923706055,179.39999389648438,439.2300109863281,87.22000122070312,15.15999984741211,5385900,52236100,25661500,0
2023-11-14,182.1199951171875,433.8307189941406,79.89739227294922,14.15999984741211,182.1199951171875,448.7300109863281,89.77999877929688,14.15999984741211,182.75,450.05999755859375,90.1500015258789,14.859999656677246,181.6199951171875,446.0899963378906,89.29000091552734,13.90999984741211,181.6999969482422,446.32000732421875,90.0,14.829999923706055,6831600,97176900,65666800,0
2023-11-15,181.63999938964844,434.74920654296875,78.77610778808594,14.180000305175781,181.63999938964844,449.67999267578125,88.5199966430664,14.180000305175781,182.17999267578125,451.3800048828125,89.13999938964844,14.350000381469727,181.30999755859375,448.79998779296875,88.30999755859375,13.970000267028809,182.02999877929688,450.1099853515625,89.01000213623047,14.210000038146973,4909400,77327600,56205300,0
2023-11-16,183.69000244140625,435.2809753417969,79.7550277709961,14.319999694824219,183.69000244140625,450.2300109863281,89.62000274658203,14.319999694824219,184.32000732421875,450.55999755859375,89.95999908447266,14.420000076293945,182.8000030517578,448.1199951171875,89.25,13.680000305175781,182.85000610351562,449.2200012207031,89.30000305175781,14.119999885559082,8253300,66665800,49473900,0
2023-11-17,183.6699981689453,435.8224182128906,80.12879180908203,13.800000190734863,183.6699981689453,450.7900085449219,90.04000091552734,13.800000190734863,184.1300048828125,451.4200134277344,90.43000030517578,14.1899995803833,183.4499969482422,449.2900085449219,89.63999938964844,13.670000076293945,183.9600067138672,450.239990234375,90.16000366210938,14.180000305175781,4871100,83133200,44091400,0
2023-11-20,183.3699951171875,439.1771545410156,80.61822509765625,13.40999984741211,183.3699951171875,454.260009765625,90.58999633789062,13.40999984741211,183.47999572753906,455.1300048828125,90.66000366210938,14.3100004196167,182.22999572753906,450.5199890136719,89.61000061035156,13.390000343322754,182.32000732421875,450.5299987792969,89.62000274658203,14.260000228881836,5389300,69936200,40477800,0
2023-11-21,185.35000610351562,438.2200012207031,80.5826644897461,13.350000381469727,185.35000610351562,453.2699890136719,90.55000305175781,13.350000381469727,186.1199951171875,454.1300048828125,90.80000305175781,14.3100004196167,185.07000732421875,451.9599914550781,89.88999938964844,13.130000114440918,185.57000732421875,453.17999267578125,90.5,13.449999809265137,7322400,49244600,27721000,0
2023-11-22,184.55999755859375,439.911865234375,80.86741638183594,12.850000381469727,184.55999755859375,455.0199890136719,90.87000274658203,12.850000381469727,185.72000122070312,456.3800048828125,91.31999969482422,13.25,184.27000427246094,453.8900146484375,90.37999725341797,12.819999694824219,185.47000122070312,454.9800109863281,91.12000274658203,13.079999923706055,4337700,59394900,31197500,0
2023-11-24,185.52000427246094,440.1825866699219,79.91519927978516,12.460000038146973,185.52000427246094,455.29998779296875,89.80000305175781,12.460000038146973,185.75,455.5,90.26000213623047,13.170000076293945,185.16000366210938,454.7300109863281,89.79000091552734,12.449999809265137,185.47000122070312,455.07000732421875,90.0999984741211,13.029999732971191,2445100,29737400,20199600,0
2023-11-27,186.77000427246094,439.38983154296875,81.25008392333984,12.6899995803833,186.77000427246094,454.4800109863281,91.30000305175781,12.6899995803833,186.8000030517578,455.489990234375,91.33999633789062,13.279999732971191,185.92999267578125,454.0799865722656,90.20999908447266,12.640000343322754,186.55999755859375,454.6499938964844,90.30000305175781,13.140000343322754,6320400,50506000,39804400,0
2023-11-28,189.25999450683594,439.8248596191406,81.41027069091797,12.6899995803833,189.25999450683594,454.92999267578125,91.4800033569336,12.6899995803833,189.39999389648438,456.2699890136719,91.52999877929688,14.300000190734863,187.52000427246094,453.5,90.79000091552734,12.5600004196167,187.89999389648438,454.0799865722656,90.91000366210938,12.779999732971191,10901900,62115000,44989300,0
2023-11-29,189.5399932861328,439.5155029296875,82.43367004394531,12.979999542236328,189.5399932861328,454.6099853515625,92.62999725341797,12.979999542236328,189.99000549316406,458.32000732421875,92.69999694824219,13.100000381469727,189.02000427246094,454.20001220703125,91.77999877929688,12.479999542236328,189.16000366210938,457.1499938964844,92.11000061035156,12.710000038146973,8407300,63146000,61647800,0
2023-11-30,188.75,441.2460632324219,81.48145294189453,12.920000076293945,188.75,456.3999938964844,91.55999755859375,12.920000076293945,189.24000549316406,456.760009765625,92.29000091552734,13.390000343322754,188.27999877929688,453.3399963378906,91.16000366210938,12.819999694824219,188.88999938964844,455.4800109863281,91.97000122070312,13.069999694824219,7558100,79752700,60520900,0
2023-12-01,192.00999450683594,443.8564758300781,83.0160903930664,12.630000114440918,192.00999450683594,459.1000061035156,92.98999786376953,12.630000114440918,192.39999389648438,459.6499938964844,93.05999755859375,12.960000038146973,188.69000244140625,455.1600036621094,91.12999725341797,12.479999542236328,188.80999755859375,455.7699890136719,91.30999755859375,12.9399995803833,16727600,89183400,64172200,0
2023-12-04,187.86000061035156,441.5264892578125,82.68577575683594,13.079999923706055,187.86000061035156,456.69000244140625,92.62000274658203,13.079999923706055,190.3800048828125,459.1199951171875,92.83000183105469,13.699999809265137,187.25999450683594,454.3399963378906,92.08999633789062,12.979999542236328,189.60000610351562,455.6000061035156,92.48999786376953,13.279999732971191,18460500,72430900,33766300,0
2023-12-05,187.14999389648438,441.439453125,84.46231842041016,12.850000381469727,187.14999389648438,456.6000061035156,94.61000061035156,12.850000381469727,187.8800048828125,457.5899963378906,94.62000274658203,13.760000228881836,186.3000030517578,454.8699951171875,93.56999969482422,12.8100004196167,187.5500030517578,455.260009765625,93.62999725341797,13.260000228881836,7027700,69793500,73588600,0
2023-12-06,187.83999633789062,439.6604919433594,85.58718872070312,12.970000267028809,187.83999633789062,454.760009765625,95.87000274658203,12.970000267028809,188.4600067138672,458.8399963378906,96.05000305175781,13.029999732971191,187.5,454.30999755859375,94.87000274658203,12.640000343322754,188.32000732421875,458.80999755859375,95.08000183105469,12.779999732971191,5778600,69124700,61606100,0
2023-12-07,188.14999389648438,443.01531982421875,85.09618377685547,13.0600004196167,188.14999389648438,458.2300109863281,95.31999969482422,13.0600004196167,188.58999633789062,458.8999938964844,96.08000183105469,13.279999732971191,187.25999450683594,456.2900085449219,95.05999755859375,12.949999809265137,188.4499969482422,456.9100036621094,95.18000030517578,13.170000076293945,5802000,66995400,47970200,0
2023-12-08,185.63999938964844,444.9198913574219,84.39983367919922,12.350000381469727,185.63999938964844,460.20001220703125,94.54000091552734,12.350000381469727,186.77999877929688,460.75,94.72000122070312,13.239999771118164,184.89999389648438,457.2099914550781,93.91000366210938,12.350000381469727,185.92999267578125,457.4599914550781,94.41999816894531,13.140000343322754,7883200,83194400,44809200,0
2023-12-11,183.58999633789062,446.65045166015625,84.22129821777344,12.630000114440918,183.58999633789062,461.989990234375,94.33999633789062,12.630000114440918,184.52999877929688,462.1700134277344,94.44000244140625,13.140000343322754,183.14999389648438,459.4700012207031,93.52999877929688,12.609999656677246,184.5,459.69000244140625,94.01000213623047,13.050000190734863,8519500,65002200,33909700,0
2023-12-12,183.49000549316406,448.69036865234375,84.47126770019531,12.069999694824219,183.49000549316406,464.1000061035156,94.62000274658203,12.069999694824219,183.97999572753906,464.20001220703125,94.69999694824219,12.739999771118164,183.25999450683594,460.6000061035156,93.9000015258789,11.8100004196167,183.83999633789062,461.6300048828125,94.1500015258789,12.6899995803833,5056900,68327600,36996900,0
2023-12-13,187.6300048828125,454.8779296875,86.4531478881836,12.1899995803833,187.6300048828125,470.5,96.83999633789062,12.1899995803833,187.66000366210938,470.760009765625,96.9800033569336,12.460000038146973,183.3800048828125,464.1199951171875,95.0199966430664,11.819999694824219,183.82000732421875,464.489990234375,95.16999816894531,12.199999809265137,10635500,93278000,70828500,0
2023-12-14,188.72999572753906,456.3377990722656,88.70204162597656,12.479999542236328,188.72999572753906,472.010009765625,99.04000091552734,12.479999542236328,189.82000732421875,473.7300109863281,99.04000091552734,12.739999771118164,188.0800018310547,469.25,97.41999816894531,11.84000015258789,188.86000061035156,472.5,97.66000366210938,11.960000038146973,9107200,119026000,87798600,0
2023-12-15,187.0,455.58642578125,88.80055236816406,12.279999732971191,187.0,469.3299865722656,99.1500015258789,12.279999732971191,188.9600067138672,470.70001220703125,99.3499984741211,12.539999961853027,186.82000732421875,467.42999267578125,98.58000183105469,12.010000228881836,188.52000427246094,469.489990234375,98.69000244140625,12.119999885559082,8324800,141553700,59941300,0
2023-12-18,187.85000610351562,458.1491394042969,88.093017578125,12.5600004196167,187.85000610351562,471.9700012207031,98.36000061035156,12.5600004196167,188.49000549316406,472.9800109863281,98.5,12.640000343322754,187.24000549316406,469.8900146484375,98.0199966430664,12.399999618530273,187.5,470.9800109863281,98.5,12.619999885559082,5358000,70375300,34746000,0
2023-12-19,189.1300048828125,460.9350891113281,88.56771087646484,12.529999732971191,189.1300048828125,474.8399963378906,98.88999938964844,12.529999732971191,189.72000122070312,474.9200134277344,99.26000213623047,12.600000381469727,188.1300048828125,472.45001220703125,98.66000366210938,12.329999923706055,188.22999572753906,472.5299987792969,98.86000061035156,12.600000381469727,6025600,55761800,30018400,0
2023-12-20,188.10000610351562,454.5477600097656,89.16776275634766,13.670000076293945,188.10000610351562,468.260009765625,99.55999755859375,13.670000076293945,188.9600067138672,475.8999938964844,99.69000244140625,13.930000305175781,188.08999633789062,467.82000732421875,98.58000183105469,12.289999961853027,188.69000244140625,473.9599914550781,99.11000061035156,12.630000114440918,6002400,102921000,51229400,0
2023-12-21,189.42999267578125,458.8576965332031,88.60354614257812,13.649999618530273,189.42999267578125,472.70001220703125,98.93000030517578,13.649999618530273,189.6199951171875,472.9800109863281,99.83999633789062,14.489999771118164,188.75,468.8399963378906,98.75,13.34000015258789,189.2100067138672,471.3299865722656,99.73999786376953,13.399999618530273,4620000,86667500,65231200,0
2023-12-22,190.27000427246094,459.7799377441406,88.20051574707031,13.029999732971191,190.27000427246094,473.6499938964844,98.4800033569336,13.029999732971191,191.8800048828125,475.3800048828125,99.37999725341797,13.960000038146973,190.07000732421875,471.70001220703125,98.23999786376953,13.0,191.60000610351562,473.8599853515625,99.37999725341797,13.720000267028809,7176300,67160400,29244200,0
2023-12-26,191.72000122070312,461.7213134765625,88.45127868652344,12.989999771118164,191.72000122070312,475.6499938964844,98.76000213623047,12.989999771118164,191.74000549316406,476.5799865722656,98.87000274658203,13.800000190734863,190.39999389648438,473.989990234375,98.4800033569336,12.960000038146973,190.97000122070312,474.07000732421875,98.54000091552734,13.770000457763672,4502700,55387000,24019700,0
2023-12-27,192.58999633789062,462.5561828613281,90.01862335205078,12.430000305175781,192.58999633789062,476.510009765625,100.51000213623047,12.430000305175781,193.17999267578125,476.6600036621094,100.52999877929688,13.039999961853027,191.5399932861328,474.8900146484375,99.5,12.369999885559082,191.77000427246094,475.44000244140625,99.77999877929688,13.020000457763672,5813300,68000300,45082800,0
2023-12-28,191.47000122070312,462.73089599609375,89.36479949951172,12.470000267028809,191.47000122070312,476.69000244140625,99.77999877929688,12.470000267028809,192.88999938964844,477.54998779296875,100.56999969482422,12.649999618530273,191.44000244140625,476.260009765625,99.55999755859375,12.380000114440918,192.33999633789062,476.8800048828125,100.08999633789062,12.4399995803833,6171500,77158100,36213000,0
2023-12-29,191.1699981689453,461.39129638671875,88.55873107910156,12.449999809265137,191.1699981689453,475.30999755859375,98.87999725341797,12.449999809265137,191.63999938964844,477.0299987792969,99.81999969482422,13.1899995803833,190.74000549316406,473.29998779296875,98.80000305175781,12.359999656677246,190.99000549316406,476.489990234375,99.12999725341797,12.550000190734863,4612300,122283100,41616200,0
2024-01-02,190.72000122070312,458.8092041015625,88.0482406616211,13.199999809265137,190.72000122070312,472.6499938964844,98.30999755859375,13.199999809265137,191.88999938964844,473.6700134277344,98.6500015258789,14.229999542236328,190.5,470.489990234375,98.0,13.100000381469727,191.44000244140625,472.1600036621094,98.2300033569336,13.220000267028809,6025600,123623700,47797400,0
2024-01-03,189.1300048828125,455.062255859375,88.41545867919922,14.039999961853027,189.1300048828125,468.7900085449219,98.72000122070312,14.039999961853027,189.86000061035156,471.19000244140625,98.8499984741211,14.220000267028809,188.16000366210938,468.1700134277344,97.1500015258789,13.329999923706055,188.77000427246094,470.42999267578125,97.37999725341797,13.350000381469727,8661600,103585900,58159500,0
2024-01-04,189.32000732421875,453.596435546875,87.072021484375,14.130000114440918,189.32000732421875,467.2799987792969,97.22000122070312,14.130000114440918,189.75,470.9599914550781,97.63999938964844,14.199999809265137,188.69000244140625,467.04998779296875,97.06999969482422,13.640000343322754,189.0800018310547,468.29998779296875,97.41999816894531,13.930000305175781,4416700,84232200,52604500,0
2024-01-05,189.35000610351562,454.2177429199219,86.23910522460938,13.350000381469727,189.35000610351562,467.9200134277344,96.29000091552734,13.350000381469727,191.25999450683594,470.44000244140625,97.68000030517578,14.579999923706055,189.0800018310547,466.42999267578125,96.20999908447266,13.289999961853027,189.67999267578125,467.489990234375,96.5,14.239999771118164,7481900,86118900,45894800,0
2024-01-08,187.8699951171875,460.7021179199219,87.08993530273438,13.079999923706055,187.8699951171875,474.6000061035156,97.23999786376953,13.079999923706055,188.74000549316406,474.75,97.37999725341797,14.180000305175781,187.11000061035156,468.29998779296875,96.08999633789062,13.020000457763672,187.2100067138672,468.42999267578125,96.2300033569336,14.0,6215000,74879100,39485800,0
2024-01-09,187.92999267578125,460.003173828125,86.53465270996094,12.760000228881836,187.92999267578125,473.8800048828125,96.62000274658203,12.760000228881836,188.77999877929688,474.92999267578125,97.16999816894531,13.449999809265137,187.72999572753906,471.3500061035156,96.58999633789062,12.739999771118164,188.67999267578125,471.8699951171875,96.63999938964844,13.199999809265137,4437300,65931400,34374000,0
2024-01-10,187.5,462.6047058105469,86.13159942626953,12.6899995803833,187.5,476.55999755859375,96.16999816894531,12.6899995803833,188.44000244140625,477.45001220703125,97.05000305175781,12.949999809265137,187.2100067138672,473.8699951171875,96.12000274658203,12.670000076293945,188.13999938964844,474.1600036621094,96.91999816894531,12.859999656677246,4504700,67310600,48227800,0
2024-01-11,187.8699951171875,462.40087890625,86.61524200439453,12.4399995803833,187.8699951171875,476.3500061035156,96.70999908447266,12.4399995803833,188.5500030517578,478.1199951171875,96.83000183105469,13.3100004196167,186.55999755859375,472.260009765625,95.70999908447266,12.350000381469727,188.02000427246094,477.5899963378906,96.16999816894531,12.640000343322754,6831100,77940700,78858900,0
2024-01-12,189.7100067138672,462.72119140625,86.44508361816406,12.699999809265137,189.7100067138672,476.67999267578125,96.5199966430664,12.699999809265137,191.0800018310547,478.6000061035156,97.2699966430664,13.079999923706055,189.16000366210938,475.2300109863281,96.2699966430664,12.470000267028809,190.6699981689453,477.8399963378906,96.77999877929688,12.65999984741211,6833700,58026400,38883900,0
2024-01-16,187.91000366210938,461.0224609375,84.92253875732422,13.84000015258789,187.91000366210938,474.92999267578125,94.81999969482422,13.84000015258789,189.25999450683594,476.6099853515625,95.79000091552734,14.350000381469727,187.5399932861328,473.05999755859375,94.51000213623047,13.520000457763672,189.14999389648438,475.260009765625,95.62000274658203,14.119999885559082,6548100,85014900,61716700,0
2024-01-17,185.83999633789062,458.45977783203125,84.78820037841797,14.789999961853027,185.83999633789062,472.2900085449219,94.66999816894531,14.789999961853027,187.4199981689453,472.7900085449219,95.0,15.399999618530273,185.4499969482422,469.8699951171875,94.16000366210938,14.380000114440918,187.30999755859375,471.82000732421875,94.5999984741211,14.59000015258789,8643200,68843900,55506800,0
2024-01-18,187.3699951171875,462.5367736816406,84.00003814697266,14.130000114440918,187.3699951171875,476.489990234375,93.79000091552734,14.130000114440918,187.39999389648438,477.05999755859375,94.58000183105469,14.890000343322754,186.3000030517578,472.4200134277344,93.51000213623047,13.890000343322754,186.36000061035156,474.010009765625,94.45999908447266,14.850000381469727,4685200,91856200,77339100,0
2024-01-19,187.92999267578125,468.3028259277344,84.26873016357422,13.300000190734863,187.92999267578125,482.42999267578125,94.08999633789062,13.300000190734863,188.3000030517578,482.7200012207031,94.16999816894531,14.579999923706055,187.44000244140625,476.5400085449219,93.26000213623047,13.279999732971191,188.25999450683594,477.6499938964844,93.70999908447266,13.800000190734863,5719700,110834500,47030900,0
2024-01-22,187.22000122070312,469.2929382324219,84.77027893066406,13.1899995803833,187.22000122070312,483.45001220703125,94.6500015258789,13.1899995803833,187.75999450683594,485.2200012207031,95.08000183105469,13.84000015258789,186.85000610351562,482.7799987792969,94.38999938964844,13.170000076293945,187.22999572753906,484.010009765625,94.81999969482422,13.770000457763672,4397500,75844900,35756400,0
2024-01-23,187.9499969482422,470.66162109375,84.09856414794922,12.550000190734863,187.9499969482422,484.8599853515625,93.9000015258789,12.550000190734863,188.14999389648438,485.1099853515625,93.98999786376953,13.289999961853027,187.27999877929688,482.8900146484375,93.43000030517578,12.529999732971191,187.4499969482422,484.010009765625,93.88999938964844,13.199999809265137,5040800,49945300,35786700,0
2024-01-24,186.39999389648438,471.1761474609375,83.60597229003906,13.140000343322754,186.39999389648438,485.3900146484375,93.3499984741211,13.140000343322754,188.3699951171875,488.7699890136719,94.54000091552734,13.180000305175781,186.32000732421875,484.8800048828125,93.0999984741211,12.40999984741211,188.3300018310547,487.80999755859375,94.51000213623047,12.65999984741211,6085400,81765000,54574900,0
2024-01-25,187.13999938964844,473.7388000488281,84.15226745605469,13.449999809265137,187.13999938964844,488.0299987792969,93.95999908447266,13.449999809265137,187.63999938964844,488.30999755859375,94.22000122070312,13.579999923706055,186.4600067138672,485.3900146484375,93.56999969482422,13.0600004196167,187.33999633789062,487.5799865722656,94.0,13.180000305175781,4651000,72525000,57019400,0
2024-01-26,187.00999450683594,473.13702392578125,83.99112701416016,13.260000228881836,187.00999450683594,487.4100036621094,93.77999877929688,13.260000228881836,187.3800048828125,489.1199951171875,94.06999969482422,14.100000381469727,186.75999450683594,486.5400085449219,93.48999786376953,13.199999809265137,187.27000427246094,487.5899963378906,93.93000030517578,13.729999542236328,5064800,76641600,29276900,0
2024-01-29,188.3300018310547,476.8839111328125,84.9583511352539,13.600000381469727,188.3300018310547,491.2699890136719,94.86000061035156,13.600000381469727,188.5399932861328,491.4200134277344,95.16999816894531,15.350000381469727,187.19000244140625,487.1700134277344,94.12000274658203,13.59000015258789,188.30999755859375,487.7300109863281,94.30999755859375,13.979999542236328,5629700,61322800,38243600,0
2024-01-30,188.58999633789062,476.51507568359375,85.72858428955078,13.3100004196167,188.58999633789062,490.8900146484375,95.72000122070312,13.3100004196167,189.8300018310547,491.6199951171875,95.83999633789062,13.739999771118164,187.97999572753906,490.1099853515625,94.73999786376953,13.229999542236328,189.6999969482422,490.55999755859375,95.4800033569336,13.6899995803833,4976500,58618400,40151400,0
2024-01-31,188.4499969482422,468.7396545410156,86.57048034667969,14.350000381469727,188.4499969482422,482.8800048828125,96.66000366210938,14.350000381469727,190.4600067138672,489.0799865722656,96.91000366210938,14.609999656677246,188.1300048828125,482.8599853515625,96.0,13.180000305175781,189.3699951171875,488.6199951171875,96.22000122070312,13.420000076293945,7886100,126011100,80646700,0
2024-02-01,190.41000366210938,474.8746337890625,88.26864624023438,13.880000114440918,190.41000366210938,489.20001220703125,98.23999786376953,13.880000114440918,191.36000061035156,489.2300109863281,98.66999816894531,14.630000114440918,188.99000549316406,483.79998779296875,97.19000244140625,13.869999885559082,189.7100067138672,484.6300048828125,97.41999816894531,14.210000038146973,10278100,91891600,84291200,0
2024-02-02,188.61000061035156,479.873779296875,86.31889343261719,13.850000381469727,188.61000061035156,494.3500061035156,96.06999969482422,13.850000381469727,188.8699951171875,496.04998779296875,96.62000274658203,14.229999542236328,187.85000610351562,489.29998779296875,95.69000244140625,13.390000343322754,188.07000732421875,489.6499938964844,96.2699966430664,13.949999809265137,7337600,99228200,63823300,0
2024-02-05,187.57000732421875,478.1264343261719,84.57579803466797,13.670000076293945,187.57000732421875,492.54998779296875,94.12999725341797,13.670000076293945,187.82000732421875,494.3800048828125,94.8499984741211,14.529999732971191,186.6999969482422,490.2300109863281,94.0199966430664,13.579999923706055,186.8800048828125,493.70001220703125,94.62999725341797,14.369999885559082,5436100,75757100,53827400,0
2024-02-06,188.5500030517578,479.51458740234375,85.4024429321289,13.0600004196167,188.5500030517578,493.9800109863281,95.05000305175781,13.0600004196167,188.85000610351562,494.32000732421875,95.1500015258789,13.779999732971191,187.74000549316406,492.04998779296875,94.20999908447266,12.979999542236328,187.94000244140625,493.5199890136719,94.23999786376953,13.569999694824219,4866100,55918600,33411500,0
2024-02-07,188.5,483.51397705078125,84.98914337158203,12.829999923706055,188.5,498.1000061035156,94.58999633789062,12.829999923706055,189.38999938964844,498.5299987792969,95.2300033569336,13.130000114440918,188.27999877929688,495.3599853515625,94.5199966430664,12.8100004196167,188.4499969482422,496.2900085449219,94.56999969482422,13.0600004196167,6276900,70556500,40120200,0
2024-02-08,188.3300018310547,483.7275085449219,84.49494171142578,12.789999961853027,188.3300018310547,498.32000732421875,94.04000091552734,12.789999961853027,188.52999877929688,498.7099914550781,94.30000305175781,13.170000076293945,187.82000732421875,497.260009765625,93.66000366210938,12.739999771118164,187.91000366210938,498.1000061035156,94.0199966430664,12.949999809265137,3873300,52343600,50087700,0
2024-02-09,187.60000610351562,486.5231628417969,84.32421112060547,12.930000305175781,187.60000610351562,501.20001220703125,93.8499984741211,12.930000305175781,187.77000427246094,501.6499938964844,94.01000213623047,13.010000228881836,187.13999938964844,498.489990234375,93.66000366210938,12.6899995803833,187.55999755859375,498.8399963378906,93.76000213623047,12.789999961853027,4412600,63979400,27951300,0
2024-02-12,187.11000061035156,486.3096618652344,84.42306518554688,13.930000305175781,187.11000061035156,500.9800109863281,93.95999908447266,13.930000305175781,187.27000427246094,503.5,94.13999938964844,13.9399995803833,186.36000061035156,500.239990234375,93.5,13.34000015258789,186.60000610351562,501.1700134277344,93.9000015258789,13.479999542236328,4706300,56502300,27890300,0
2024-02-13,184.52999877929688,479.61163330078125,82.97647857666016,15.850000381469727,184.52999877929688,494.0799865722656,92.3499984741211,15.850000381469727,185.3800048828125,497.0899963378906,93.05999755859375,17.940000534057617,184.3300018310547,490.7200012207031,92.33000183105469,13.430000305175781,185.35000610351562,494.5299987792969,92.86000061035156,13.960000038146973,9525800,113099200,49768500,0
2024-02-14,184.4199981689453,483.97021484375,83.39875793457031,14.380000114440918,184.4199981689453,498.57000732421875,92.81999969482422,14.380000114440918,184.8800048828125,499.07000732421875,93.05000305175781,15.470000267028809,183.77999877929688,494.3999938964844,92.2300033569336,14.220000267028809,184.27000427246094,496.7900085449219,92.30000305175781,15.380000114440918,7031600,68387800,44191600,0
2024-02-15,185.66000366210938,487.3094787597656,83.83006286621094,14.010000228881836,185.66000366210938,502.010009765625,93.30000305175781,14.010000228881836,186.02000427246094,502.20001220703125,93.72000122070312,14.640000343322754,185.10000610351562,498.79998779296875,93.0,13.9399995803833,185.60000610351562,499.2900085449219,93.55999755859375,14.270000457763672,6228900,61683000,49598500,0
2024-02-16,186.33999633789062,484.8826599121094,83.34486389160156,14.239999771118164,186.33999633789062,499.510009765625,92.76000213623047,14.239999771118164,186.6699981689453,502.8699951171875,92.8499984741211,14.710000038146973,184.83999633789062,498.75,92.33999633789062,13.75,185.0800018310547,501.70001220703125,92.4800033569336,13.9399995803833,6518500,75532900,33116800,0
2024-02-20,187.47000122070312,482.2131652832031,83.41674041748047,15.420000076293945,187.47000122070312,496.760009765625,92.83999633789062,15.420000076293945,188.02999877929688,498.4100036621094,93.19000244140625,15.90999984741211,187.39999389648438,494.45001220703125,92.72000122070312,15.069999694824219,187.9600067138672,497.7200012207031,92.79000091552734,15.09000015258789,5531200,71736700,24469300,0
2024-02-21,187.47999572753906,482.6499938964844,82.82376098632812,15.34000015258789,187.47999572753906,497.2099914550781,92.18000030517578,15.34000015258789,188.0399932861328,497.3699951171875,92.9000015258789,16.1200008392334,187.10000610351562,493.55999755859375,92.01000213623047,15.220000267028809,187.8800048828125,495.4200134277344,92.83000183105469,15.539999961853027,5789200,59293400,36343100,0
2024-02-22,187.55999755859375,492.6387023925781,83.22807312011719,14.539999961853027,187.55999755859375,507.5,92.62999725341797,14.539999961853027,187.63999938964844,508.489990234375,92.76000213623047,14.640000343322754,187.0500030517578,503.0199890136719,92.2699966430664,14.119999885559082,187.55999755859375,504.010009765625,92.33000183105469,14.279999732971191,4550800,76402500,45190700,0
2024-02-23,188.6199951171875,492.9784240722656,84.34220886230469,13.75,188.6199951171875,507.8500061035156,93.87000274658203,13.75,189.17999267578125,510.1300048828125,94.0,14.3100004196167,187.4600067138672,507.1000061035156,92.75,13.640000343322754,187.55999755859375,509.2699890136719,92.75,14.3100004196167,6827300,61321800,38406700,0
2024-02-26,188.1999969482422,491.1728820800781,84.09063720703125,13.739999771118164,188.1999969482422,505.989990234375,93.58999633789062,13.739999771118164,188.36000061035156,508.75,94.02999877929688,14.199999809265137,187.52999877929688,505.8599853515625,93.19000244140625,13.65999984741211,187.7899932861328,508.29998779296875,94.0,14.170000076293945,4491900,50386700,27855000,0
2024-02-27,188.0,492.0853271484375,83.49760437011719,13.430000305175781,188.0,506.92999267578125,92.93000030517578,13.430000305175781,188.72000122070312,507.1600036621094,93.47000122070312,13.75,187.8800048828125,504.75,92.8499984741211,13.40999984741211,188.5800018310547,506.70001220703125,93.23999786376953,13.630000114440918,5165400,48854500,30242000,0
2024-02-28,188.33999633789062,491.4349670410156,84.0277099609375,13.84000015258789,188.33999633789062,506.260009765625,93.5199966430664,13.84000015258789,188.52000427246094,506.8599853515625,93.5999984741211,13.899999618530273,188.02999877929688,504.9599914550781,92.9000015258789,13.4399995803833,188.33999633789062,505.3299865722656,93.08000183105469,13.520000457763672,2824100,56506600,34574200,0
2024-02-29,189.30999755859375,493.20172119140625,84.62071990966797,13.399999618530273,189.30999755859375,508.0799865722656,94.18000030517578,13.399999618530273,189.9199981689453,509.739990234375,94.30000305175781,14.149999618530273,189.22999572753906,505.3500061035156,93.77999877929688,13.300000190734863,189.63999938964844,508.07000732421875,93.81999969482422,14.140000343322754,6848600,83924800,51038600,0
2024-03-01,192.88999938964844,497.8320007324219,85.14800262451172,13.109999656677246,192.88999938964844,512.8499755859375,94.47000122070312,13.109999656677246,193.39999389648438,513.2899780273438,94.51000213623047,13.65999984741211,189.44000244140625,508.55999755859375,93.01000213623047,13.079999923706055,190.27000427246094,508.9800109863281,93.44000244140625,13.34000015258789,13411000,76844800,45832800,0
2024-03-04,196.00999450683594,497.298095703125,84.80548858642578,13.489999771118164,196.00999450683594,512.2999877929688,94.08999633789062,13.489999771118164,196.3300018310547,514.2000122070312,94.16000366210938,13.579999923706055,193.8800048828125,512.0,93.68000030517578,13.319999694824219,194.14999389648438,512.030029296875,93.69999694824219,13.489999771118164,12216300,49799300,23864200,0
2024-03-05,197.19000244140625,492.32806396484375,86.0132827758789,14.460000038146973,197.19000244140625,507.17999267578125,95.43000030517578,14.460000038146973,198.13999938964844,510.70001220703125,95.68000030517578,15.100000381469727,196.64999389648438,504.9100036621094,94.97000122070312,13.75,197.44000244140625,510.239990234375,95.2300033569336,13.75,9672200,72855600,37721900,0
2024-03-06,198.80999755859375,494.82281494140625,86.51802062988281,14.5,198.80999755859375,509.75,95.98999786376953,14.5,199.3000030517578,512.0700073242188,96.16999816894531,14.930000305175781,197.44000244140625,508.4200134277344,95.41000366210938,13.890000343322754,198.0800018310547,510.54998779296875,95.48999786376953,14.270000457763672,10459300,68382400,40571600,0
2024-03-07,199.94000244140625,499.7345886230469,86.43689727783203,14.4399995803833,199.94000244140625,514.8099975585938,95.9000015258789,14.4399995803833,200.11000061035156,515.8900146484375,96.4000015258789,14.979999542236328,198.91000366210938,509.80999755859375,95.4800033569336,14.25,199.5399932861328,513.1400146484375,96.36000061035156,14.979999542236328,8403700,58652100,39075000,0
2024-03-08,201.6300048828125,496.7351379394531,86.2836685180664,14.739999771118164,201.6300048828125,511.7200012207031,95.7300033569336,14.739999771118164,203.3000030517578,518.219970703125,96.05000305175781,15.529999732971191,200.4499969482422,511.1300048828125,95.4800033569336,13.970000267028809,200.88999938964844,515.4600219726562,95.80000305175781,14.220000267028809,13540100,86532500,25023200,0
2024-03-11,202.0,496.30804443359375,86.23860168457031,15.220000267028809,202.0,511.2799987792969,95.68000030517578,15.220000267028809,202.41000366210938,511.8800048828125,96.01000213623047,16.040000915527344,201.4600067138672,508.5,95.37000274658203,15.130000114440918,201.7100067138672,510.4800109863281,95.95999908447266,15.510000228881836,7329600,62557200,17787900,0
2024-03-12,199.7899932861328,501.6470031738281,85.51754760742188,13.84000015258789,199.7899932861328,516.780029296875,94.87999725341797,13.84000015258789,200.6300048828125,517.3800048828125,95.20999908447266,15.199999809265137,199.16000366210938,510.8599853515625,94.69000244140625,13.8100004196167,200.4199981689453,513.4500122070312,95.04000091552734,14.970000267028809,9436600,73114400,29566000,0
2024-03-13,201.19000244140625,500.8606262207031,85.10295104980469,13.75,201.19000244140625,515.969970703125,94.41999816894531,13.75,201.86000061035156,517.2899780273438,94.73999786376953,14.039999961853027,200.35000610351562,514.489990234375,94.20999908447266,13.670000076293945,200.44000244140625,517.1099853515625,94.5,13.890000343322754,5930000,55104100,38270100,0
2024-03-14,200.35000610351562,499.87054443359375,83.7960205078125,14.399999618530273,200.35000610351562,514.9500122070312,92.97000122070312,14.399999618530273,200.47000122070312,517.1300048828125,93.75,15.329999923706055,199.33999633789062,511.82000732421875,92.86000061035156,13.420000076293945,200.3699951171875,516.969970703125,93.7300033569336,13.619999885559082,6865000,110171800,58365600,0
2024-03-15,199.7100067138672,496.4381408691406,83.76897430419922,14.40999984741211,199.7100067138672,509.8299865722656,92.94000244140625,14.40999984741211,200.6300048828125,511.70001220703125,93.19000244140625,15.529999732971191,199.57000732421875,508.1199951171875,92.79000091552734,14.140000343322754,199.94000244140625,510.2099914550781,93.05999755859375,14.329999923706055,4556700,107646300,34997700,0
2024-03-18,200.02999877929688,499.3885192871094,83.51661682128906,14.329999923706055,200.02999877929688,512.8599853515625,92.66000366210938,14.329999923706055,200.14999389648438,515.47998046875,92.98999786376953,14.850000381469727,199.50999450683594,512.4400024414062,92.5,14.260000228881836,199.66000366210938,514.0,92.7300033569336,14.75,7206800,88893300,29519500,0
2024-03-19,199.8000030517578,502.1637268066406,83.75094604492188,13.819999694824219,199.8000030517578,515.7100219726562,92.91999816894531,13.819999694824219,199.80999755859375,516.0,93.2699966430664,14.859999656677246,198.94000244140625,511.1199951171875,92.69000244140625,13.800000190734863,199.6199951171875,512.1500244140625,92.8499984741211,14.5,4657500,60755300,26953100,0
2024-03-20,202.17999267578125,506.8083801269531,83.72391510009766,13.039999961853027,202.17999267578125,520.47998046875,92.88999938964844,13.039999961853027,202.66000366210938,520.6199951171875,93.79000091552734,14.170000076293945,199.1199951171875,515.0800170898438,92.29000091552734,13.010000228881836,199.16000366210938,515.77001953125,93.0999984741211,13.829999923706055,9593800,69594600,43460100,0
2024-03-21,201.97000122070312,508.4832458496094,83.90416717529297,12.920000076293945,201.97000122070312,522.2000122070312,93.08999633789062,12.920000076293945,203.9199981689453,524.1099853515625,93.43000030517578,13.079999923706055,200.60000610351562,521.9099731445312,92.7300033569336,12.399999618530273,203.8800048828125,523.3900146484375,93.2699966430664,12.979999542236328,7396500,60256100,34276600,0
2024-03-22,200.35000610351562,507.51922607421875,84.70635986328125,13.0600004196167,200.35000610351562,521.2100219726562,93.9800033569336,13.0600004196167,201.86000061035156,522.6099853515625,94.20999908447266,13.149999618530273,199.72000122070312,520.969970703125,93.77999877929688,12.579999923706055,201.32000732421875,522.1099853515625,94.19000244140625,12.920000076293945,6918500,79070800,30262300,0
2024-03-25,200.99000549316406,506.11700439453125,84.28274536132812,13.1899995803833,200.99000549316406,519.77001953125,93.51000213623047,13.1899995803833,201.9499969482422,520.9500122070312,93.75,13.670000076293945,200.97000122070312,519.6099853515625,93.30000305175781,13.109999656677246,201.19000244140625,519.7999877929688,93.70999908447266,13.670000076293945,4034800,48512100,24011800,0
2024-03-26,201.63999938964844,505.1822204589844,84.51708221435547,13.239999771118164,201.63999938964844,518.8099975585938,93.7699966430664,13.239999771118164,202.75999450683594,521.5800170898438,93.87000274658203,13.430000305175781,201.07000732421875,518.4000244140625,93.27999877929688,12.84000015258789,202.64999389648438,521.22998046875,93.51000213623047,13.119999885559082,5752700,65463700,34423000,0
2024-03-27,203.10000610351562,509.42767333984375,85.35531616210938,12.779999732971191,203.10000610351562,523.1699829101562,94.69999694824219,12.779999732971191,203.22000122070312,523.2100219726562,94.69999694824219,13.34000015258789,202.32000732421875,519.489990234375,93.94000244140625,12.65999984741211,202.32000732421875,521.7100219726562,93.98999786376953,13.130000114440918,6041000,82999800,50157800,0
2024-03-28,205.72000122070312,509.3302307128906,85.28321075439453,13.010000228881836,205.72000122070312,523.0700073242188,94.62000274658203,13.010000228881836,206.0500030517578,524.6099853515625,95.0199966430664,13.100000381469727,203.8699951171875,522.780029296875,94.31999969482422,12.84000015258789,204.5399932861328,523.2100219726562,94.48999786376953,12.930000305175781,9194500,96294900,34540400,0
2024-04-01,207.82000732421875,508.4441833496094,83.69344329833984,13.649999618530273,207.82000732421875,522.1599731445312,92.55000305175781,13.649999618530273,208.72999572753906,524.3800048828125,93.30000305175781,14.149999618530273,206.2899932861328,520.969970703125,92.45999908447266,13.550000190734863,208.67999267578125,523.8300170898438,93.29000091552734,13.609999656677246,13677100,62477500,48945400,0
2024-04-02,210.88999938964844,505.2115173339844,83.23226165771484,14.609999656677246,210.88999938964844,518.8400268554688,92.04000091552734,14.609999656677246,211.02999877929688,518.97998046875,92.19999694824219,15.430000305175781,208.36000061035156,516.47998046875,91.33999633789062,13.680000305175781,209.07000732421875,518.239990234375,91.56999969482422,13.739999771118164,13421100,74230300,43086300,0
2024-04-03,212.74000549316406,505.7663879394531,83.21416473388672,14.329999923706055,212.74000549316406,519.4099731445312,92.0199966430664,14.329999923706055,212.8300018310547,520.9500122070312,92.05000305175781,15.180000305175781,210.3000030517578,517.6699829101562,91.05000305175781,14.25,210.57000732421875,517.719970703125,91.26000213623047,15.0,11416200,59155800,45494400,0
2024-04-04,211.52000427246094,499.5930480957031,83.81100463867188,16.350000381469727,211.52000427246094,513.0700073242188,92.68000030517578,16.350000381469727,213.4499969482422,523.8699951171875,92.76000213623047,16.920000076293945,211.02000427246094,512.760009765625,92.04000091552734,13.739999771118164,212.0,523.52001953125,92.62999725341797,14.289999961853027,12307300,96858100,47957400,0
2024-04-05,215.13999938964844,504.8122253417969,82.64445495605469,16.030000686645508,215.13999938964844,518.4299926757812,91.38999938964844,16.030000686645508,215.74000549316406,520.4400024414062,92.18000030517578,16.75,212.22000122070312,514.010009765625,91.37999725341797,15.529999732971191,212.49000549316406,514.4600219726562,91.69000244140625,16.450000762939453,13382700,74546500,42495900,0
2024-04-08,216.47999572753906,505.0946350097656,82.63539123535156,15.1899995803833,216.47999572753906,518.719970703125,91.37999725341797,15.1899995803833,216.80999755859375,520.1799926757812,91.58999633789062,16.5,214.61000061035156,517.8900146484375,91.12999725341797,15.109999656677246,215.97999572753906,519.1500244140625,91.2300033569336,16.239999771118164,10331400,48401800,37879800,0
2024-04-09,217.6699981689453,505.6788635253906,83.404052734375,14.979999542236328,217.6699981689453,519.3200073242188,92.2300033569336,14.979999542236328,218.86000061035156,520.75,92.36000061035156,16.6299991607666,216.4499969482422,514.3499755859375,91.83999633789062,14.9399995803833,217.80999755859375,520.5,91.87000274658203,15.34000015258789,13069900,68049200,32522000,0
2024-04-10,215.61000061035156,500.61541748046875,81.5864028930664,15.800000190734863,215.61000061035156,514.1199951171875,90.22000122070312,15.800000190734863,217.77999877929688,516.1599731445312,91.30000305175781,16.6200008392334,214.67999267578125,512.0900268554688,90.05000305175781,14.59000015258789,215.3699951171875,513.47998046875,91.19999694824219,15.239999771118164,13317500,82652800,74368900,0
2024-04-11,219.8000030517578,504.3935852050781,81.21564483642578,14.90999984741211,219.8000030517578,518.0,89.80999755859375,14.90999984741211,219.83999633789062,519.47998046875,90.44000244140625,17.610000610351562,215.88999938964844,512.0800170898438,89.51000213623047,14.90999984741211,216.85000610351562,515.6799926757812,90.37999725341797,16.020000457763672,11415200,70099000,65751200,0
2024-04-12,216.88999938964844,497.43133544921875,81.64971160888672,17.309999465942383,216.88999938964844,510.8500061035156,90.29000091552734,17.309999465942383,225.08999633789062,515.8200073242188,90.94999694824219,19.200000762939453,216.02000427246094,509.0799865722656,90.27999877929688,14.90999984741211,221.8699951171875,514.3699951171875,90.63999938964844,14.90999984741211,30898800,92561100,47900100,0
2024-04-15,220.9499969482422,491.199462890625,80.38369750976562,19.229999542236328,220.9499969482422,504.45001220703125,88.88999938964844,19.229999542236328,221.02999877929688,515.2999877929688,89.26000213623047,19.459999084472656,215.16000366210938,503.5799865722656,88.5199966430664,16.260000228881836,217.94000244140625,515.1300048828125,89.22000122070312,16.940000534057617,13239000,92101400,55993100,0
2024-04-16,221.22000122070312,490.3035888671875,79.85014343261719,18.399999618530273,221.22000122070312,503.5299987792969,88.30000305175781,18.399999618530273,221.99000549316406,506.5,88.58000183105469,19.559999465942383,218.77999877929688,502.2099914550781,87.79000091552734,17.639999389648438,220.17999267578125,504.94000244140625,88.05000305175781,19.489999771118164,10746100,73484000,45103200,0
2024-04-17,219.58999633789062,487.4018859863281,80.73635864257812,18.209999084472656,219.58999633789062,500.54998779296875,89.27999877929688,18.209999084472656,221.75999450683594,506.2200012207031,89.37999725341797,19.110000610351562,218.52000427246094,499.1199951171875,88.45999908447266,17.540000915527344,221.0500030517578,506.04998779296875,88.87000274658203,18.239999771118164,11521100,75910300,57947000,0
2024-04-18,220.33999633789062,486.39892578125,80.32941436767578,18.0,220.33999633789062,499.5199890136719,88.83000183105469,18.0,221.4600067138672,504.1300048828125,89.2699966430664,18.3700008392334,219.30999755859375,498.55999755859375,88.58999633789062,17.209999084472656,221.30999755859375,501.9800109863281,89.23999786376953,17.90999984741211,6496900,74548100,43839500,0
2024-04-19,221.02999877929688,482.15350341796875,80.61878967285156,18.709999084472656,221.02999877929688,495.1600036621094,89.1500015258789,18.709999084472656,222.36000061035156,500.4599914550781,89.38999938964844,21.360000610351562,220.0800018310547,493.8599853515625,88.91000366210938,18.170000076293945,220.49000549316406,499.44000244140625,89.38999938964844,21.329999923706055,8689000,102212600,44826800,0
2024-04-22,215.57000732421875,486.59368896484375,80.483154296875,16.940000534057617,215.57000732421875,499.7200012207031,89.0,16.940000534057617,216.9600067138672,502.3800048828125,89.12000274658203,18.719999313354492,215.13999938964844,495.42999267578125,88.6500015258789,16.690000534057617,216.35000610351562,497.8299865722656,88.68000030517578,18.59000015258789,13404300,67961000,24969000,0
2024-04-23,215.0399932861328,492.367919921875,80.51026916503906,15.6899995803833,215.0399932861328,505.6499938964844,89.02999877929688,15.6899995803833,215.86000061035156,506.0899963378906,89.54000091552734,16.760000228881836,213.8699951171875,499.5299987792969,88.55000305175781,15.6899995803833,213.9600067138672,501.7799987792969,88.7300033569336,16.719999313354492,10730300,64633600,27222700,0
2024-04-24,214.63999938964844,492.13427734375,79.94055938720703,15.970000267028809,214.63999938964844,505.4100036621094,88.4000015258789,15.970000267028809,216.35000610351562,507.3699951171875,88.62999725341797,16.3799991607666,214.36000061035156,503.1300048828125,87.5,15.579999923706055,214.75999450683594,506.55999755859375,88.55999755859375,15.760000228881836,5741100,55928100,48986800,0
2024-04-25,215.9199981689453,490.2646789550781,79.37991333007812,15.369999885559082,215.9199981689453,503.489990234375,87.77999877929688,15.369999885559082,217.0500030517578,504.2699890136719,87.9000015258789,17.549999237060547,214.33999633789062,497.489990234375,87.33999633789062,15.270000457763672,214.47000122070312,499.17999267578125,87.45999908447266,16.25,6606500,69122400,49282600,0
2024-04-26,216.6199951171875,494.9093933105469,79.7958755493164,15.029999732971191,216.6199951171875,508.260009765625,88.23999786376953,15.029999732971191,217.07000732421875,509.8800048828125,88.61000061035156,16.059999465942383,215.52999877929688,505.70001220703125,88.05000305175781,14.920000076293945,216.77000427246094,506.3500061035156,88.25,15.489999771118164,6268500,64306100,31589800,0
2024-04-29,216.17999267578125,496.662109375,80.465087890625,14.670000076293945,216.17999267578125,510.05999755859375,88.9800033569336,14.670000076293945,217.22000122070312,510.75,89.0199966430664,15.420000076293945,215.25,507.25,88.4800033569336,14.630000114440918,216.02000427246094,510.0899963378906,88.66000366210938,15.369999885559082,6409900,46415400,39228600,0
2024-04-30,211.8699951171875,488.7943420410156,79.77780151367188,15.649999618530273,211.8699951171875,501.9800109863281,88.22000122070312,15.649999618530273,214.1300048828125,509.55999755859375,88.7300033569336,15.899999618530273,211.8000030517578,501.9800109863281,88.0999984741211,14.670000076293945,213.3800048828125,508.55999755859375,88.41999816894531,14.819999694824219,11248600,77483600,41054700,0
2024-05-01,213.7899932861328,487.2071533203125,80.3658447265625,15.390000343322754,213.7899932861328,500.3500061035156,88.55999755859375,15.390000343322754,215.5,508.19000244140625,89.20999908447266,16.219999313354492,212.41000366210938,499.8699951171875,88.23999786376953,14.350000381469727,212.9600067138672,501.3800048828125,88.5999984741211,15.75,10373900,80242800,59679500,0
2024-05-02,213.1300048828125,491.7641906738281,80.71067810058594,14.680000305175781,213.1300048828125,505.0299987792969,88.94000244140625,14.680000305175781,213.7100067138672,505.8900146484375,89.01000213623047,16.09000015258789,211.49000549316406,499.54998779296875,88.02999877929688,14.600000381469727,211.89999389648438,504.1499938964844,88.20999908447266,15.140000343322754,6287000,62550200,58925400,0
2024-05-03,212.9600067138672,497.85980224609375,81.52739715576172,13.489999771118164,212.9600067138672,511.2900085449219,89.83999633789062,13.489999771118164,213.22999572753906,512.5499877929688,90.12000274658203,14.579999923706055,210.7100067138672,508.55999755859375,89.2699966430664,13.479999542236328,212.88999938964844,511.1600036621094,89.93000030517578,14.510000228881836,8679900,72756700,50066100,0
2024-05-06,215.1999969482422,503.0010986328125,81.84503173828125,13.489999771118164,215.1999969482422,516.5700073242188,90.19000244140625,13.489999771118164,215.91000366210938,516.6099853515625,90.25,14.020000457763672,214.47000122070312,513.2999877929688,89.66999816894531,13.4399995803833,215.13999938964844,513.75,89.87000274658203,13.979999542236328,6840500,47264700,23868200,0
2024-05-07,214.2100067138672,503.5561218261719,82.34413146972656,13.229999542236328,214.2100067138672,517.1400146484375,90.73999786376953,13.229999542236328,214.92999267578125,518.5700073242188,91.23999786376953,13.640000343322754,213.8800048828125,516.4500122070312,90.61000061035156,13.15999984741211,214.52000427246094,517.5599975585938,90.9000015258789,13.520000457763672,5660700,52561300,30525800,0
2024-05-08,213.5800018310547,503.6048278808594,81.84503173828125,13.0,213.5800018310547,517.1900024414062,90.19000244140625,13.0,214.8000030517578,517.739990234375,90.45999908447266,13.510000228881836,213.5,515.1400146484375,90.16000366210938,12.9399995803833,213.6199951171875,515.260009765625,90.30999755859375,13.239999771118164,4462700,42047200,31171700,0
2024-05-09,216.9499969482422,506.5065612792969,82.24429321289062,12.6899995803833,216.9499969482422,520.1699829101562,90.62999725341797,12.6899995803833,216.9499969482422,520.2100219726562,90.7699966430664,13.289999961853027,214.44000244140625,516.7100219726562,89.81999969482422,12.680000305175781,214.47999572753906,517.3800048828125,89.87000274658203,13.079999923706055,7732500,43643700,39606700,0
2024-05-10,218.7100067138672,507.15899658203125,81.78150939941406,12.550000190734863,218.7100067138672,520.8400268554688,90.12000274658203,12.550000190734863,219.60000610351562,522.6400146484375,90.37999725341797,12.960000038146973,218.0800018310547,519.5900268554688,89.95999908447266,12.5,219.22000122070312,521.8099975585938,90.27999877929688,12.770000457763672,8700900,52233200,21913800,0
2024-05-13,216.25999450683594,507.22711181640625,81.9902114868164,13.600000381469727,216.25999450683594,520.9099731445312,90.3499984741211,13.600000381469727,217.30999755859375,522.6699829101562,90.61000061035156,13.65999984741211,215.8000030517578,519.739990234375,90.30999755859375,13.25,217.05999755859375,522.5599975585938,90.55000305175781,13.260000228881836,4896300,36716400,23157500,0
2024-05-14,218.08999633789062,509.5542907714844,82.45303344726562,13.420000076293945,218.08999633789062,523.2999877929688,90.86000061035156,13.420000076293945,218.3800048828125,523.8300170898438,90.91999816894531,14.029999732971191,216.97999572753906,520.5599975585938,90.41999816894531,13.270000457763672,217.30999755859375,521.1099853515625,90.6500015258789,13.710000038146973,4662700,57535900,25746400,0
2024-05-15,220.88999938964844,515.8641357421875,83.57831573486328,12.449999809265137,220.88999938964844,529.780029296875,92.0999984741211,12.449999809265137,221.19000244140625,530.0800170898438,92.26000213623047,13.9399995803833,217.64999389648438,525.1799926757812,91.62999725341797,12.380000114440918,219.05999755859375,525.8300170898438,91.87000274658203,13.729999542236328,9297700,59504900,65142900,0
2024-05-16,220.02999877929688,514.8027954101562,83.49662017822266,12.420000076293945,220.02999877929688,528.6900024414062,92.01000213623047,12.420000076293945,220.58999633789062,531.52001953125,92.41999816894531,12.670000076293945,219.41000366210938,528.5399780273438,91.94000244140625,12.329999923706055,220.13999938964844,529.8800048828125,92.38999938964844,12.520000457763672,4301700,50244800,37902400,0
2024-05-17,223.66000366210938,515.5427856445312,82.93402099609375,11.989999771118164,223.66000366210938,529.4500122070312,91.38999938964844,11.989999771118164,223.85000610351562,529.52001953125,91.80000305175781,12.479999542236328,221.6699981689453,527.3200073242188,91.33999633789062,11.90999984741211,222.17999267578125,528.8099975585938,91.63999938964844,12.279999732971191,10481900,59187600,24755000,0
2024-05-20,224.55999755859375,516.13671875,82.68895721435547,12.149999618530273,224.55999755859375,530.0599975585938,91.12000274658203,12.149999618530273,225.66000366210938,531.5599975585938,91.31999969482422,12.59000015258789,223.02000427246094,529.1699829101562,91.01000213623047,12.069999694824219,223.7899932861328,529.5700073242188,91.08000183105469,12.270000457763672,5990900,37764200,17922800,0
2024-05-21,224.22999572753906,517.402587890625,83.115478515625,11.859999656677246,224.22999572753906,531.3599853515625,91.58999633789062,11.859999656677246,225.2100067138672,531.52001953125,91.7699966430664,12.5600004196167,223.6999969482422,529.0700073242188,91.43000030517578,11.84000015258789,224.77000427246094,529.280029296875,91.7300033569336,12.300000190734863,4002600,33437000,15334400,0
2024-05-22,220.11000061035156,515.9127807617188,83.21530151367188,12.289999961853027,220.11000061035156,529.8300170898438,91.69999694824219,12.289999961853027,223.24000549316406,531.3800048828125,91.77999877929688,12.8100004196167,219.74000549316406,527.5999755859375,91.26000213623047,11.779999732971191,223.08999633789062,530.6500244140625,91.2699966430664,12.050000190734863,8903100,48390000,38073700,0
2024-05-23,215.72000122070312,512.14453125,82.67989349365234,12.770000457763672,215.72000122070312,525.9600219726562,91.11000061035156,12.770000457763672,219.22999572753906,533.0700073242188,91.80000305175781,13.369999885559082,215.66000366210938,524.719970703125,90.81999969482422,11.520000457763672,218.77999877929688,532.9600219726562,91.80000305175781,11.529999732971191,9537900,57211200,51294700,0
2024-05-24,215.9199981689453,515.5330810546875,82.92491149902344,11.930000305175781,215.9199981689453,529.4400024414062,91.37999725341797,11.930000305175781,217.2100067138672,530.27001953125,91.47000122070312,12.890000343322754,215.74000549316406,526.8800048828125,90.9000015258789,11.890000343322754,216.9600067138672,527.8499755859375,90.97000122070312,12.859999656677246,4212400,41291100,19164400,0
2024-05-28,218.19000244140625,515.8933715820312,81.73612976074219,12.920000076293945,218.19000244140625,529.8099975585938,90.06999969482422,12.920000076293945,218.58999633789062,530.510009765625,91.36000061035156,13.4399995803833,217.2100067138672,527.1099853515625,90.02999877929688,12.359999656677246,218.42999267578125,530.27001953125,91.33000183105469,12.510000228881836,3809700,36269600,45973700,0
2024-05-29,216.16000366210938,512.2807006835938,80.74699401855469,14.279999732971191,216.16000366210938,526.0999755859375,88.9800033569336,14.279999732971191,217.16000366210938,527.3099975585938,89.4000015258789,14.319999694824219,216.1199951171875,525.3699951171875,88.68000030517578,13.6899995803833,216.9199981689453,525.6799926757812,89.33999633789062,13.75,4185000,45190300,45508400,0
2024-05-30,216.57000732421875,508.8824462890625,81.52739715576172,14.470000267028809,216.57000732421875,522.6099853515625,89.83999633789062,14.470000267028809,217.50999450683594,525.2000122070312,89.97000122070312,14.880000114440918,216.41000366210938,521.3300170898438,89.44000244140625,13.670000076293945,216.69000244140625,524.52001953125,89.5999984741211,14.819999694824219,3068800,46377600,29548600,0
2024-05-31,215.3000030517578,513.5173950195312,82.08096313476562,12.920000076293945,215.3000030517578,527.3699951171875,90.44999694824219,12.920000076293945,217.9600067138672,527.5,90.66000366210938,14.869999885559082,214.64999389648438,518.3599853515625,90.25,12.84000015258789,217.77000427246094,523.5900268554688,90.4800033569336,14.5,5617200,90785800,41308800,0
2024-06-03,217.22000122070312,513.9360961914062,83.4085922241211,13.109999656677246,217.22000122070312,527.7999877929688,91.5999984741211,13.109999656677246,217.82000732421875,529.3099975585938,91.66999816894531,14.3100004196167,215.5399932861328,522.5999755859375,90.61000061035156,13.0,215.9199981689453,529.02001953125,90.63999938964844,13.079999923706055,6172600,46835700,42272100,0
2024-06-04,215.27000427246094,514.5106811523438,84.38288879394531,13.15999984741211,215.27000427246094,528.3900146484375,92.66999816894531,13.15999984741211,216.24000549316406,529.1500244140625,92.80000305175781,14.079999923706055,214.1999969482422,524.9600219726562,91.98999786376953,13.109999656677246,216.24000549316406,526.4600219726562,92.19999694824219,13.510000228881836,5509400,34632700,42581500,0
2024-06-05,217.82000732421875,520.6256103515625,85.0020751953125,12.630000114440918,217.82000732421875,534.6699829101562,93.3499984741211,12.630000114440918,218.0800018310547,534.6900024414062,93.3499984741211,13.25,215.92999267578125,528.72998046875,92.38999938964844,12.600000381469727,216.69000244140625,530.77001953125,93.0,13.140000343322754,5479200,47610400,43153900,0
2024-06-06,219.42999267578125,520.615966796875,84.87461853027344,12.579999923706055,219.42999267578125,534.6599731445312,93.20999908447266,12.579999923706055,219.97000122070312,535.4199829101562,93.43000030517578,12.979999542236328,218.10000610351562,532.6799926757812,92.86000061035156,12.539999961853027,218.36000061035156,534.97998046875,92.91999816894531,12.75,5283900,30808500,22891900,0
2024-06-07,211.60000610351562,519.9829711914062,83.31751251220703,12.220000267028809,211.60000610351562,534.010009765625,91.5,12.220000267028809,215.19000244140625,536.8900146484375,91.83000183105469,13.079999923706055,211.5399932861328,532.5399780273438,91.4000015258789,12.109999656677246,215.07000732421875,533.6599731445312,91.83000183105469,12.6899995803833,12195100,43224500,35240500,0
2024-06-10,213.5399932861328,521.589599609375,82.7620849609375,12.739999771118164,213.5399932861328,535.6599731445312,90.88999938964844,12.739999771118164,214.02000427246094,535.989990234375,91.05999755859375,13.279999732971191,212.75999450683594,532.5700073242188,90.6500015258789,12.619999885559082,213.1300048828125,533.1799926757812,91.0,13.09000015258789,4215300,35686100,20586500,0
2024-06-11,214.14999389648438,522.845703125,83.6180191040039,12.850000381469727,214.14999389648438,536.9500122070312,91.83000183105469,12.850000381469727,214.3800048828125,537.010009765625,91.87000274658203,13.470000267028809,213.24000549316406,532.0499877929688,90.91999816894531,12.779999732971191,213.9499969482422,534.0700073242188,91.02999877929688,12.850000381469727,4004100,36383400,30329200,0
2024-06-12,214.72000122070312,527.1399536132812,84.24629974365234,12.039999961853027,214.72000122070312,541.3599853515625,92.5199966430664,12.039999961853027,216.5500030517578,544.1199951171875,93.56999969482422,13.149999618530273,214.1999969482422,540.2999877929688,92.48999786376953,11.9399995803833,216.47000122070312,541.6300048828125,93.0199966430664,13.100000381469727,5911900,63251300,42554600,0
2024-06-13,212.97000122070312,528.2012939453125,85.48466491699219,11.9399995803833,212.97000122070312,542.4500122070312,93.87999725341797,11.9399995803833,214.9600067138672,543.3300170898438,93.98999786376953,12.680000305175781,212.25999450683594,539.5900268554688,92.94999694824219,11.880000114440918,214.44000244140625,543.1500244140625,93.22000122070312,12.050000190734863,5861100,44760900,33093800,0
2024-06-14,215.72999572753906,528.5227661132812,86.20404052734375,12.65999984741211,215.72999572753906,542.780029296875,94.66999816894531,12.65999984741211,216.0399932861328,542.8099975585938,94.83999633789062,13.449999809265137,214.97999572753906,539.8499755859375,94.23999786376953,12.119999885559082,215.33999633789062,540.8800048828125,94.41999816894531,12.220000267028809,7076500,40089900,28776700,0
2024-06-17,214.61000061035156,532.7290649414062,85.34811401367188,12.75,214.61000061035156,547.0999755859375,93.7300033569336,12.75,215.24000549316406,548.530029296875,93.80999755859375,13.289999961853027,213.60000610351562,541.6099853515625,93.27999877929688,12.5,214.89999389648438,542.0800170898438,93.5199966430664,13.069999694824219,3877700,55839500,31040200,0
2024-06-18,215.47000122070312,534.0826416015625,86.13121032714844,12.300000190734863,215.47000122070312,548.489990234375,94.58999633789062,12.300000190734863,215.8300018310547,548.6199951171875,94.5999984741211,12.739999771118164,214.0399932861328,546.72998046875,93.7300033569336,12.239999771118164,214.3800048828125,547.1599731445312,93.88999938964844,12.699999809265137,4921400,41376400,26881000,0
2024-06-20,218.16000366210938,532.6317138671875,85.55754089355469,13.279999732971191,218.16000366210938,547.0,93.95999908447266,13.279999732971191,218.74000549316406,550.1199951171875,94.0,13.550000190734863,216.14999389648438,545.1799926757812,93.33999633789062,12.180000305175781,216.32000732421875,549.4400024414062,93.41000366210938,12.5,7290500,70328200,30246300,0
2024-06-21,214.77999877929688,531.917724609375,85.55754089355469,13.199999809265137,214.77999877929688,544.510009765625,93.95999908447266,13.199999809265137,217.89999389648438,545.6500244140625,94.4800033569336,13.779999732971191,214.25999450683594,543.02001953125,93.58999633789062,12.989999771118164,217.8300018310547,544.4000244140625,94.23999786376953,13.220000267028809,8865600,64338600,22596400,0
2024-06-24,215.6300048828125,530.1885986328125,85.90353393554688,13.329999923706055,215.6300048828125,542.739990234375,94.33999633789062,13.329999923706055,215.94000244140625,546.9500122070312,94.33999633789062,13.880000114440918,215.1999969482422,542.6199951171875,93.73999786376953,13.149999618530273,215.5500030517578,544.3300170898438,94.05000305175781,13.850000381469727,4626900,45528700,56939100,0
2024-06-25,214.55999755859375,532.2304077148438,86.04924011230469,12.84000015258789,214.55999755859375,544.8300170898438,94.5,12.84000015258789,215.30999755859375,545.2000122070312,94.55000305175781,13.520000457763672,214.1199951171875,542.4400024414062,94.04000091552734,12.84000015258789,214.9600067138672,543.989990234375,94.06999969482422,13.479999542236328,3820900,37936200,22890200,0
2024-06-26,212.5800018310547,532.8945922851562,84.8199691772461,12.550000190734863,212.5800018310547,545.510009765625,93.1500015258789,12.550000190734863,213.11000061035156,546.239990234375,93.47000122070312,13.239999771118164,212.1199951171875,543.030029296875,93.11000061035156,12.369999885559082,212.38999938964844,543.6900024414062,93.27999877929688,12.8100004196167,4690300,38550600,38489100,0
2024-06-27,214.99000549316406,533.7346801757812,85.15687561035156,12.239999771118164,214.99000549316406,546.3699951171875,93.5199966430664,12.239999771118164,215.5,546.9600219726562,93.70999908447266,12.770000457763672,214.4499969482422,544.6099853515625,93.41999816894531,12.210000038146973,214.7100067138672,545.3699951171875,93.5199966430664,12.6899995803833,4977800,35041500,23140800,0
2024-06-28,215.00999450683594,531.6343994140625,83.57247924804688,12.4399995803833,215.00999450683594,544.219970703125,91.77999877929688,12.4399995803833,215.80999755859375,550.280029296875,93.7699966430664,12.760000228881836,214.82000732421875,542.9500122070312,91.77999877929688,11.869999885559082,215.63999938964844,547.1599731445312,93.7300033569336,12.239999771118164,3955100,76144500,55119600,0
2024-07-01,215.57000732421875,532.728515625,82.130126953125,12.220000267028809,215.57000732421875,545.3400268554688,89.91000366210938,12.220000267028809,216.0,545.8800048828125,91.08000183105469,13.260000228881836,214.49000549316406,542.52001953125,89.81999969482422,12.100000381469727,215.25,545.6300048828125,90.41999816894531,12.979999542236328,3797900,40297800,49735400,0
2024-07-02,215.55999755859375,536.3135375976562,82.76954650878906,12.029999732971191,215.55999755859375,549.010009765625,90.61000061035156,12.029999732971191,216.0800018310547,549.010009765625,90.80999755859375,12.880000114440918,214.6199951171875,543.6500244140625,90.08000183105469,11.850000381469727,215.3300018310547,543.7000122070312,90.68000030517578,12.670000076293945,4921700,40434800,34204700,0
2024-07-03,217.99000549316406,538.70703125,83.85657501220703,12.09000015258789,217.99000549316406,551.4600219726562,91.80000305175781,12.09000015258789,218.74000549316406,551.8300170898438,91.88999938964844,12.229999542236328,217.3300018310547,548.6500244140625,91.08999633789062,11.949999809265137,217.33999633789062,548.6900024414062,91.16999816894531,12.130000114440918,5055300,32789900,35563300,0
2024-07-05,220.92999267578125,541.8135375976562,84.55081176757812,12.479999542236328,220.92999267578125,554.6400146484375,92.55999755859375,12.479999542236328,221.27999877929688,555.0499877929688,92.7300033569336,12.609999656677246,219.5800018310547,551.1199951171875,91.9000015258789,11.84000015258789,219.5800018310547,551.77001953125,92.2699966430664,12.369999885559082,5950600,41488400,34895500,0
2024-07-08,218.19000244140625,542.4386596679688,84.7335205078125,12.369999885559082,218.19000244140625,555.280029296875,92.76000213623047,12.369999885559082,220.0399932861328,556.25,92.8499984741211,12.90999984741211,217.41000366210938,554.1900024414062,92.22000122070312,12.3100004196167,219.63999938964844,555.4400024414062,92.54000091552734,12.90999984741211,5790800,36110500,16095700,0
2024-07-09,218.55999755859375,542.9661865234375,84.35899353027344,12.510000228881836,218.55999755859375,555.8200073242188,92.3499984741211,12.510000228881836,219.2899932861328,557.1799926757812,92.68000030517578,12.609999656677246,217.27000427246094,555.52001953125,91.87000274658203,12.350000381469727,218.57000732421875,556.260009765625,92.47000122070312,12.479999542236328,3901500,27289700,30289800,0
2024-07-10,219.36000061035156,548.3389282226562,84.62389373779297,12.850000381469727,219.36000061035156,561.3200073242188,92.63999938964844,12.850000381469727,220.7100067138672,561.6699829101562,92.68000030517578,12.920000076293945,219.16000366210938,556.77001953125,92.26000213623047,12.390000343322754,220.13999938964844,557.0700073242188,92.44999694824219,12.510000228881836,5556200,38701200,23572500,0
2024-07-11,223.25,543.6109008789062,85.44600677490234,12.920000076293945,223.25,556.47998046875,93.54000091552734,12.920000076293945,224.14999389648438,562.3300170898438,94.13999938964844,13.329999923706055,221.47999572753906,555.8300170898438,93.47000122070312,12.229999542236328,222.64999389648438,561.4400024414062,93.68000030517578,12.880000114440918,9322000,53054200,49761800,0
2024-07-12,223.11000061035156,547.0396728515625,85.81139373779297,12.460000038146973,223.11000061035156,559.989990234375,93.94000244140625,12.460000038146973,223.6199951171875,563.6699829101562,93.94000244140625,12.890000343322754,221.86000061035156,557.1500244140625,93.33999633789062,12.109999656677246,222.02999877929688,557.6300048828125,93.52999877929688,12.869999885559082,5179300,53084400,27796500,0
2024-07-15,223.8300018310547,548.5440673828125,84.82484436035156,13.119999885559082,223.8300018310547,561.530029296875,92.86000061035156,13.119999885559082,225.58999633789062,564.8400268554688,93.30000305175781,13.260000228881836,223.02000427246094,559.6300048828125,92.77999877929688,12.75,223.38999938964844,562.030029296875,93.0,12.779999732971191,5719300,40584300,37918900,0
2024-07-16,228.2899932861328,551.797119140625,86.0215072631836,13.1899995803833,228.2899932861328,564.8599853515625,94.16999816894531,13.1899995803833,228.2899932861328,565.1599731445312,94.20999908447266,13.470000267028809,225.3000030517578,562.0999755859375,93.38999938964844,12.949999809265137,225.4499969482422,562.8699951171875,93.52999877929688,13.380000114440918,11070700,36475300,36383700,0
2024-07-17,227.22999572753906,544.0602416992188,86.03974151611328,14.479999542236328,227.22999572753906,556.9400024414062,94.19000244140625,14.479999542236328,229.64999389648438,560.510009765625,94.4000015258789,14.880000114440918,226.6699981689453,556.6099853515625,93.69000244140625,13.539999961853027,228.7899932861328,558.7999877929688,93.91999816894531,13.600000381469727,8620500,57119000,29036800,0
2024-07-18,225.77999877929688,539.879150390625,85.38206481933594,15.930000305175781,225.77999877929688,552.6599731445312,93.47000122070312,15.930000305175781,228.32000732421875,559.52001953125,94.13999938964844,16.43000030517578,225.57000732421875,550.4299926757812,93.37999725341797,14.079999923706055,227.7100067138672,558.510009765625,93.68000030517578,14.270000457763672,5485500,56270400,34553100,0
2024-07-19,221.72999572753906,536.2940063476562,84.87966918945312,16.520000457763672,221.72999572753906,548.989990234375,92.91999816894531,16.520000457763672,222.67999267578125,554.0800170898438,93.16000366210938,17.190000534057617,221.41000366210938,547.9099731445312,92.81999969482422,10.619999885559082,221.52000427246094,552.4199829101562,93.04000091552734,16.440000534057617,8666000,65509100,32164700,0
2024-07-22,221.8000030517578,541.8231811523438,84.63301086425781,14.90999984741211,221.8000030517578,554.6500244140625,92.6500015258789,14.90999984741211,221.9199981689453,555.27001953125,93.5199966430664,16.889999389648438,220.39999389648438,551.02001953125,92.30000305175781,14.75,221.5800018310547,553.0,93.4000015258789,16.790000915527344,5334100,43346700,36160400,0
2024-07-23,222.5800018310547,540.973388671875,84.5142593383789,14.720000267028809,222.5800018310547,553.780029296875,92.5199966430664,14.720000267028809,222.75,556.739990234375,93.02999877929688,15.350000381469727,221.86000061035156,553.280029296875,92.48999786376953,13.899999618530273,222.33999633789062,554.5399780273438,92.80999755859375,15.210000038146973,4435700,34439600,23498000,0
2024-07-24,221.8000030517578,528.7135620117188,83.60078430175781,18.040000915527344,221.8000030517578,541.22998046875,91.5199966430664,18.040000915527344,224.8800048828125,549.1699829101562,92.8499984741211,18.459999084472656,221.74000549316406,540.2899780273438,91.47000122070312,15.180000305175781,223.47000122070312,548.8599853515625,92.58999633789062,15.350000381469727,6838800,74515300,50757100,0
2024-07-25,218.3300018310547,525.9586791992188,84.28588104248047,18.459999084472656,218.3300018310547,538.4099731445312,92.2699966430664,18.459999084472656,219.25999450683594,547.4600219726562,92.86000061035156,19.360000610351562,217.52000427246094,537.4500122070312,91.95999908447266,16.420000076293945,219.02000427246094,541.3499755859375,92.02999877929688,18.40999984741211,9777100,61158300,44999100,0
2024-07-26,220.6300048828125,531.8493041992188,84.94361114501953,16.389999389648438,220.6300048828125,544.4400024414062,92.98999786376953,16.389999389648438,221.0399932861328,547.1900024414062,93.1500015258789,18.049999237060547,219.6999969482422,541.489990234375,92.70999908447266,16.3700008392334,219.9600067138672,542.280029296875,92.94999694824219,17.969999313354492,6328800,53763800,34423800,0
2024-07-29,220.32000732421875,532.161865234375,85.40031433105469,16.600000381469727,220.32000732421875,544.760009765625,93.48999786376953,16.600000381469727,221.5500030517578,547.0499877929688,93.69000244140625,17.209999084472656,219.0500030517578,542.719970703125,93.22000122070312,16.229999542236328,221.25999450683594,546.02001953125,93.66999816894531,16.59000015258789,4665100,39515800,25801300,0
2024-07-30,222.52000427246094,529.4657592773438,85.72918701171875,17.690000534057617,222.52000427246094,542.0,93.8499984741211,17.690000534057617,222.9199981689453,547.3400268554688,94.05000305175781,18.31999969482422,220.36000061035156,538.52001953125,93.30000305175781,16.260000228881836,221.41000366210938,546.260009765625,93.75,16.639999389648438,4939500,46853600,28169800,0
2024-07-31,226.5500030517578,538.0719604492188,86.60610961914062,16.360000610351562,226.5500030517578,550.8099975585938,94.80999755859375,16.360000610351562,226.60000610351562,553.5,94.83999633789062,16.770000457763672,223.63999938964844,547.5800170898438,94.23999786376953,15.710000038146973,223.72999572753906,548.97998046875,94.52999877929688,16.65999984741211,7316600,65663400,47445300,0
2024-08-01,225.77000427246094,530.4523315429688,87.35308837890625,18.59000015258789,225.77000427246094,543.010009765625,95.30999755859375,18.59000015258789,227.57000732421875,554.8699951171875,95.91000366210938,19.479999542236328,225.0500030517578,539.4299926757812,95.12000274658203,15.949999809265137,226.74000549316406,552.5700073242188,95.13999938964844,16.200000762939453,7217200,76428700,77254200,0
2024-08-02,225.33999633789062,520.5762329101562,90.07513427734375,23.389999389648438,225.33999633789062,532.9000244140625,98.27999877929688,23.389999389648438,228.75999450683594,536.989990234375,98.37000274658203,29.65999984741211,222.8699951171875,528.5999755859375,96.88999938964844,20.010000228881836,227.9499969482422,535.75,97.0,20.520000457763672,11109400,82789100,91912900,0
2024-08-05,222.47999572753906,505.4151611328125,90.55171966552734,38.56999969482422,222.47999572753906,517.3800048828125,98.80000305175781,38.56999969482422,223.10000610351562,523.5800170898438,99.94000244140625,65.7300033569336,220.24000549316406,510.2699890136719,97.9000015258789,23.389999389648438,220.55999755859375,511.6400146484375,99.69000244140625,23.389999389648438,8939000,146267400,90686300,0
2024-08-06,220.6999969482422,510.07476806640625,88.5262222290039,27.709999084472656,220.6999969482422,522.1500244140625,96.58999633789062,27.709999084472656,222.13999938964844,529.75,98.41000366210938,34.77000045776367,220.11000061035156,517.8699951171875,96.58999633789062,24.020000457763672,221.5,519.219970703125,98.1500015258789,33.709999084472656,14362300,84826300,61316900,0
2024-08-07,220.5500030517578,506.66546630859375,87.90298461914062,27.850000381469727,220.5500030517578,518.6599731445312,95.91000366210938,27.850000381469727,222.30999755859375,531.5900268554688,96.44999694824219,29.760000228881836,220.35000610351562,518.0499877929688,95.5,21.969999313354492,221.94000244140625,528.469970703125,95.94999694824219,24.770000457763672,5287800,70698300,51337100,0
2024-08-08,224.00999450683594,518.3782958984375,87.36223602294922,23.790000915527344,224.00999450683594,530.6500244140625,95.31999969482422,23.790000915527344,224.25,531.2899780273438,95.4000015258789,29.469999313354492,222.52000427246094,521.8400268554688,94.83999633789062,23.360000610351562,222.72999572753906,523.9099731445312,95.12000274658203,28.34000015258789,6327100,63276600,37815800,0
2024-08-09,224.55999755859375,520.6641235351562,88.2237777709961,20.3700008392334,224.55999755859375,532.989990234375,96.26000213623047,20.3700008392334,225.27999877929688,534.510009765625,96.54000091552734,24.520000457763672,223.82000732421875,528.5599975585938,96.08999633789062,20.260000228881836,224.82000732421875,529.8099975585938,96.51000213623047,23.780000686645508,4441000,45619600,32141800,0
2024-08-12,228.41000366210938,520.9376831054688,88.5445556640625,20.709999084472656,228.41000366210938,533.27001953125,96.61000061035156,20.709999084472656,228.5399932861328,535.72998046875,96.81999969482422,21.190000534057617,225.97000122070312,530.9500122070312,95.87999725341797,18.889999389648438,226.13999938964844,534.2100219726562,96.02999877929688,20.790000915527344,5561300,42542100,24261400,0
2024-08-13,228.05999755859375,529.5047607421875,89.15859985351562,18.1200008392334,228.05999755859375,542.0399780273438,97.27999877929688,18.1200008392334,228.8699951171875,542.280029296875,97.36000061035156,20.790000915527344,227.58999633789062,536.280029296875,96.9800033569336,17.950000762939453,228.07000732421875,536.530029296875,97.30000305175781,20.059999465942383,6740200,52333100,30366900,0
2024-08-14,226.1999969482422,531.1753540039062,89.71768951416016,16.190000534057617,226.1999969482422,543.75,97.88999938964844,16.190000534057617,227.47999572753906,544.9600219726562,98.16000366210938,18.489999771118164,225.35000610351562,540.1199951171875,97.51000213623047,16.1200008392334,226.5500030517578,542.8499755859375,97.55000305175781,18.40999984741211,5462500,42446900,31334100,0
2024-08-15,226.91000366210938,540.2797241210938,88.9936294555664,15.229999542236328,226.91000366210938,553.0700073242188,97.0999984741211,15.229999542236328,227.5,553.3599853515625,97.0999984741211,16.68000030517578,225.1199951171875,548.8800048828125,96.20999908447266,14.770000457763672,226.50999450683594,549.5,96.41000366210938,16.270000457763672,5273300,60846800,38723700,0
2024-08-16,231.99000549316406,541.4910278320312,89.30524444580078,14.800000190734863,231.99000549316406,554.3099975585938,97.44000244140625,14.800000190734863,232.02000427246094,555.02001953125,97.54000091552734,15.760000228881836,229.00999450683594,551.260009765625,97.01000213623047,14.649999618530273,229.99000549316406,551.4199829101562,97.44000244140625,15.289999961853027,11924500,44430700,28541000,0
2024-08-19,231.61000061035156,546.66845703125,89.71768951416016,14.649999618530273,231.61000061035156,559.6099853515625,97.88999938964844,14.649999618530273,231.77999877929688,559.6099853515625,98.16000366210938,16.06999969482422,229.74000549316406,553.8599853515625,97.41000366210938,14.460000038146973,230.14999389648438,554.72998046875,97.41999816894531,15.9399995803833,5164800,39121800,25322100,0
2024-08-20,232.4600067138672,545.7794799804688,90.43255615234375,15.880000114440918,232.4600067138672,558.7000122070312,98.66999816894531,15.880000114440918,234.00999450683594,560.8400268554688,98.86000061035156,15.930000305175781,231.1300048828125,557.3300170898438,98.12000274658203,14.779999732971191,233.7100067138672,559.1500244140625,98.31999969482422,14.890000343322754,9073600,33732300,25239300,0
2024-08-21,232.14999389648438,547.6550903320312,90.48755645751953,16.270000457763672,232.14999389648438,560.6199951171875,98.7300033569336,16.270000457763672,232.8699951171875,562.1099853515625,99.19999694824219,17.170000076293945,230.47999572753906,554.72998046875,98.20999908447266,15.920000076293945,231.69000244140625,559.77001953125,98.66999816894531,16.25,5337400,41514600,29230000,0
2024-08-22,229.3699951171875,543.3568725585938,89.58938598632812,17.549999237060547,229.3699951171875,556.219970703125,97.75,17.549999237060547,230.3800048828125,563.1799926757812,98.30000305175781,18.059999465942383,228.25999450683594,554.97998046875,97.43000030517578,15.760000228881836,230.35000610351562,562.5599975585938,98.2300033569336,16.270000457763672,5765400,56121500,33453800,0
2024-08-23,232.02000427246094,549.1302490234375,90.17594146728516,15.859999656677246,232.02000427246094,562.1300048828125,98.38999938964844,15.859999656677246,232.72999572753906,563.0900268554688,98.66999816894531,17.209999084472656,230.52000427246094,557.2899780273438,97.95999908447266,15.609999656677246,231.0399932861328,559.530029296875,98.19000244140625,17.1200008392334,5418200,50639400,32005100,0
2024-08-26,232.75999450683594,547.8211669921875,89.94682312011719,16.149999618530273,232.75999450683594,560.7899780273438,98.13999938964844,16.149999618530273,233.5,563.9099731445312,98.69999694824219,16.670000076293945,232.05999755859375,559.0499877929688,98.08000183105469,15.8100004196167,233.4499969482422,563.1799926757812,98.69000244140625,16.270000457763672,3151400,35788600,23198700,0
2024-08-27,233.38999938964844,548.5733032226562,89.7909927368164,15.430000305175781,233.38999938964844,561.5599975585938,97.97000122070312,15.430000305175781,233.47000122070312,562.0599975585938,98.08000183105469,16.809999465942383,231.57000732421875,558.3200073242188,97.41000366210938,15.369999885559082,231.69000244140625,559.489990234375,97.48999786376953,16.209999084472656,4435600,32693900,21507700,0
2024-08-28,231.75,545.3887939453125,89.68102264404297,17.110000610351562,231.75,558.2999877929688,97.8499984741211,17.110000610351562,232.02000427246094,561.6500244140625,98.19999694824219,17.889999389648438,230.72999572753906,555.0399780273438,97.7300033569336,15.460000038146973,232.0,561.2100219726562,98.01000213623047,15.510000228881836,4961500,41066000,18501400,0
2024-08-29,232.9499969482422,545.4376220703125,89.38773345947266,15.649999618530273,232.9499969482422,558.3499755859375,97.52999877929688,15.649999618530273,233.61000061035156,563.6799926757812,97.63999938964844,16.56999969482422,231.9199981689453,557.1799926757812,97.12999725341797,15.1899995803833,231.9499969482422,560.3099975585938,97.37000274658203,16.540000915527344,5524200,38715200,24988200,0
2024-08-30,231.2899932861328,550.6444091796875,88.43453979492188,15.0,231.2899932861328,563.6799926757812,96.48999786376953,15.0,232.86000061035156,564.2000122070312,97.98999786376953,16.040000915527344,230.5500030517578,557.1400146484375,96.47000122070312,14.779999732971191,232.52999877929688,560.77001953125,97.68000030517578,15.670000076293945,5743000,62700100,42896200,0
2024-09-03,230.2899932861328,539.3126220703125,89.88094329833984,20.719999313354492,230.2899932861328,552.0800170898438,97.75,20.719999313354492,230.5399932861328,560.8099975585938,98.05999755859375,21.989999771118164,228.52000427246094,549.510009765625,97.41999816894531,15.710000038146973,230.3800048828125,560.469970703125,97.55999755859375,15.760000228881836,6417900,60600100,48947900,0
2024-09-04,230.42999267578125,538.208740234375,91.03950500488281,21.31999969482422,230.42999267578125,550.9500122070312,99.01000213623047,21.31999969482422,231.05999755859375,554.4299926757812,99.02999877929688,23.309999465942383,229.3800048828125,549.4600219726562,97.80999755859375,19.34000015258789,229.7899932861328,550.2000122070312,97.87999725341797,23.200000762939453,4696000,47224900,40885200,0
2024-09-05,232.35000610351562,536.8997192382812,91.5544204711914,19.899999618530273,232.35000610351562,549.6099853515625,99.56999969482422,19.899999618530273,232.88999938964844,553.7999877929688,99.68000030517578,21.530000686645508,231.3300018310547,547.0999755859375,98.77999877929688,19.209999084472656,232.72000122070312,550.8900146484375,99.33999633789062,20.75,4838100,44264300,47450900,0
2024-09-06,230.6300048828125,527.8636474609375,91.54521942138672,22.3799991607666,230.6300048828125,540.3599853515625,99.55999755859375,22.3799991607666,232.75999450683594,551.5999755859375,100.77999877929688,23.760000228881836,229.6199951171875,539.4400024414062,99.19000244140625,18.829999923706055,231.8300018310547,549.9400024414062,99.55000305175781,21.979999542236328,6315800,68493800,57406400,0
2024-09-09,231.60000610351562,533.7737426757812,91.94060516357422,19.450000762939453,231.60000610351562,546.4099731445312,99.98999786376953,19.450000762939453,231.6199951171875,547.7100219726562,100.0999984741211,21.40999984741211,230.38999938964844,542.6799926757812,99.16000366210938,19.290000915527344,231.25999450683594,544.6500244140625,99.4000015258789,21.31999969482422,3548800,40445800,26961400,0
2024-09-10,232.6199951171875,536.0986938476562,92.58426666259766,19.079999923706055,232.6199951171875,548.7899780273438,100.69000244140625,19.079999923706055,232.74000549316406,549.1500244140625,100.91000366210938,20.739999771118164,231.1199951171875,543.3800048828125,99.81999969482422,18.899999618530273,232.38999938964844,548.3599853515625,99.87000274658203,19.860000610351562,4378300,36394600,31703400,0
2024-09-11,232.25,541.5985717773438,92.51070404052734,17.690000534057617,232.25,554.4199829101562,100.61000061035156,17.690000534057617,232.8699951171875,555.3599853515625,101.23999786376953,21.40999984741211,231.08999633789062,539.9600219726562,100.3499984741211,17.549999237060547,231.72000122070312,548.7000122070312,100.48999786376953,19.40999984741211,4637300,75248600,39497100,0
2024-09-12,236.3300018310547,546.1605224609375,92.07855224609375,17.06999969482422,236.3300018310547,559.0900268554688,100.13999938964844,17.06999969482422,236.4499969482422,559.4000244140625,100.55000305175781,18.59000015258789,234.4199981689453,552.739990234375,99.69000244140625,16.889999389648438,234.6300048828125,555.010009765625,100.36000061035156,17.6200008392334,9930200,51819600,41618700,0
2024-09-13,238.67999267578125,549.0130004882812,92.3268051147461,16.559999465942383,238.67999267578125,562.010009765625,100.41000366210938,16.559999465942383,238.97999572753906,563.030029296875,100.61000061035156,17.18000030517578,237.75999450683594,559.4500122070312,100.0199966430664,16.229999542236328,238.1300048828125,559.7100219726562,100.45999908447266,17.030000686645508,7455100,39310500,25722100,0
2024-09-16,238.66000366210938,549.8237915039062,93.17276000976562,17.139999389648438,238.66000366210938,562.8400268554688,101.33000183105469,17.139999389648438,239.27999877929688,563.1099853515625,101.37000274658203,17.690000534057617,238.0500030517578,559.9000244140625,100.41000366210938,16.90999984741211,238.72999572753906,561.739990234375,100.62999725341797,17.15999984741211,4713500,36656100,30866300,0
2024-09-17,237.33999633789062,550.0484008789062,92.72218322753906,17.610000610351562,237.33999633789062,563.0700073242188,100.83999633789062,17.610000610351562,238.60000610351562,566.5800170898438,101.63999938964844,18.079999923706055,236.61000061035156,560.7899780273438,100.73999786376953,16.670000076293945,238.0800018310547,565.0999755859375,101.47000122070312,17.15999984741211,5257100,49321000,31699400,0
2024-09-18,235.50999450683594,548.4171752929688,91.57279205322266,18.229999542236328,235.50999450683594,561.4000244140625,99.58999633789062,18.229999542236328,240.2899932861328,568.6900024414062,100.7300033569336,19.389999389648438,235.3000030517578,560.8300170898438,99.54000091552734,17.110000610351562,238.19000244140625,563.739990234375,100.23999786376953,17.579999923706055,11081100,59044900,48897000,0
2024-09-19,239.1699981689453,557.7755126953125,91.2693862915039,16.329999923706055,239.1699981689453,570.97998046875,99.26000213623047,16.329999923706055,239.52000427246094,572.8800048828125,99.30999755859375,17.270000457763672,237.38999938964844,568.0800170898438,98.7699966430664,16.209999084472656,238.24000549316406,571.010009765625,98.91999816894531,17.209999084472656,6108200,75315500,39979800,0
2024-09-20,242.2100067138672,556.8114624023438,90.9199447631836,16.149999618530273,242.2100067138672,568.25,98.87999725341797,16.149999618530273,242.6300048828125,569.3099975585938,99.25,16.68000030517578,240.47000122070312,565.1699829101562,98.72000122070312,15.8100004196167,241.11000061035156,567.8400268554688,98.98999786376953,16.350000381469727,7737400,77503100,37067600,0
2024-09-23,242.67999267578125,558.2028198242188,90.72685241699219,15.890000343322754,242.67999267578125,569.6699829101562,98.66999816894531,15.890000343322754,243.4600067138672,570.3300170898438,99.08999633789062,16.950000762939453,242.58999633789062,568.0999755859375,98.0199966430664,15.75,242.97000122070312,569.3400268554688,98.5,16.709999084472656,5426200,44116900,35703900,0
2024-09-24,246.07000732421875,559.7999877929688,90.7084732055664,15.390000343322754,246.07000732421875,571.2999877929688,98.6500015258789,15.390000343322754,246.19000244140625,571.3599853515625,98.88999938964844,16.670000076293945,243.14999389648438,567.5999755859375,97.8499984741211,15.270000457763672,243.38999938964844,570.47998046875,98.0,15.869999885559082,8386300,46805700,31005400,0
2024-09-25,245.72999572753906,558.565185546875,89.95449829101562,15.40999984741211,245.72999572753906,570.0399780273438,97.83000183105469,15.40999984741211,246.47000122070312,571.8900146484375,98.31999969482422,15.819999694824219,244.7899932861328,568.9099731445312,97.79000091552734,15.170000076293945,246.19000244140625,571.1400146484375,98.26000213623047,15.819999694824219,7393400,38428600,36738200,0
2024-09-26,246.97999572753906,560.7798461914062,90.16598510742188,15.369999885559082,246.97999572753906,572.2999877929688,98.05999755859375,15.369999885559082,247.3699951171875,574.7100219726562,98.25,15.829999923706055,245.19000244140625,569.9000244140625,97.41999816894531,14.899999618530273,246.44000244140625,574.3800048828125,98.06999969482422,15.0600004196167,7041100,48336000,33332300,0
2024-09-27,245.02000427246094,559.9664916992188,90.63491821289062,16.959999084472656,245.02000427246094,571.469970703125,98.56999969482422,16.959999084472656,246.75,574.219970703125,98.76000213623047,16.969999313354492,244.19000244140625,570.4199829101562,98.20999908447266,15.199999809265137,246.30999755859375,573.3900146484375,98.54000091552734,15.640000343322754,8329600,42100900,28317600,0
2024-09-30,243.05999755859375,562.21044921875,90.2027587890625,16.729999542236328,243.05999755859375,573.760009765625,98.0999984741211,16.729999542236328,244.0800018310547,574.3800048828125,98.70999908447266,17.790000915527344,242.5,568.0800170898438,97.87999725341797,16.469999313354492,243.97000122070312,570.4199829101562,98.63999938964844,17.010000228881836,6916700,63557400,34175500,0
2024-10-01,245.61000061035156,557.1738891601562,90.85401916503906,19.260000228881836,245.61000061035156,568.6199951171875,98.48999786376953,19.260000228881836,246.97999572753906,574.0599975585938,99.33000183105469,20.729999542236328,245.05999755859375,566.0,98.38999938964844,16.610000610351562,245.1999969482422,573.4000244140625,98.80000305175781,16.959999084472656,10605500,72668800,45254200,0
2024-10-02,245.66000366210938,557.4091186523438,90.08836364746094,18.899999618530273,245.66000366210938,568.8599853515625,97.66000366210938,18.899999618530273,246.07000732421875,569.9000244140625,97.7300033569336,20.360000610351562,243.99000549316406,565.27001953125,97.05999755859375,18.579999923706055,245.61000061035156,567.7100219726562,97.36000061035156,19.649999618530273,6798800,38097800,35810800,0
2024-10-03,245.49000549316406,556.3899536132812,89.23970031738281,20.489999771118164,245.49000549316406,567.8200073242188,96.73999786376953,20.489999771118164,245.91000366210938,569.7999877929688,97.51000213623047,20.75,243.69000244140625,565.489990234375,96.73999786376953,19.15999984741211,244.72000122070312,567.3599853515625,97.33999633789062,19.6299991607666,5674500,40846500,39677800,0
2024-10-04,245.0,561.4461669921875,88.1419677734375,19.209999084472656,245.0,572.97998046875,95.55000305175781,19.209999084472656,246.69000244140625,573.3599853515625,95.95999908447266,20.479999542236328,244.0500030517578,568.0999755859375,95.4000015258789,18.479999542236328,245.0,572.3499755859375,95.44000244140625,20.479999542236328,5947800,42939100,56954100,0
2024-10-07,244.1699981689453,556.370361328125,87.47779083251953,22.639999389648438,244.1699981689453,567.7999877929688,94.83000183105469,22.639999389648438,244.82000732421875,571.9600219726562,95.2699966430664,23.030000686645508,243.80999755859375,566.6300048828125,94.76000213623047,20.649999618530273,244.5800018310547,571.2999877929688,94.9800033569336,20.760000228881836,3849000,49964700,42606600,0
2024-10-08,242.3699951171875,561.63232421875,87.62539672851562,21.420000076293945,242.3699951171875,573.1699829101562,94.98999786376953,21.420000076293945,244.0399932861328,573.780029296875,95.02999877929688,23.139999389648438,240.6300048828125,569.530029296875,94.33999633789062,21.139999389648438,243.7899932861328,570.4199829101562,94.38999938964844,22.920000076293945,7669800,37398700,33709600,0
2024-10-09,241.0500030517578,565.5223999023438,87.12725067138672,20.860000610351562,241.0500030517578,577.1400146484375,94.44999694824219,20.860000610351562,241.83999633789062,577.7100219726562,94.91000366210938,22.010000228881836,240.63999938964844,572.5499877929688,94.2300033569336,20.709999084472656,241.16000366210938,573.1599731445312,94.66999816894531,21.979999542236328,4120500,37912200,35807700,0
2024-10-10,242.82000732421875,564.5327758789062,86.78594207763672,20.93000030517578,242.82000732421875,576.1300048828125,94.08000183105469,20.93000030517578,243.02000427246094,577.5800170898438,94.08999633789062,21.389999389648438,241.50999450683594,574.489990234375,93.41000366210938,20.639999389648438,241.77000427246094,575.77001953125,93.87999725341797,20.90999984741211,4792700,44138100,53667400,0
2024-10-11,245.47000122070312,567.9132690429688,86.43540954589844,20.459999084472656,245.47000122070312,579.5800170898438,93.69999694824219,20.459999084472656,245.9199981689453,580.3300170898438,94.06999969482422,21.15999984741211,244.47000122070312,575.9099731445312,93.41999816894531,20.139999389648438,244.5,576.0499877929688,93.4800033569336,20.8700008392334,5789500,42268000,27406400,0
2024-10-14,245.07000732421875,572.557861328125,86.49996185302734,19.700000762939453,245.07000732421875,584.3200073242188,93.7699966430664,19.700000762939453,245.86000061035156,585.27001953125,93.77999877929688,20.860000610351562,244.25999450683594,580.72998046875,92.9800033569336,19.690000534057617,245.16000366210938,581.219970703125,93.04000091552734,20.860000610351562,3922900,36217200,28795300,0
2024-10-15,245.9199981689453,568.1092529296875,87.55158996582031,20.639999389648438,245.9199981689453,579.780029296875,94.91000366210938,20.639999389648438,246.5500030517578,584.9000244140625,95.0,20.889999389648438,244.52999877929688,578.5399780273438,94.37000274658203,19.440000534057617,244.99000549316406,584.5900268554688,94.45999908447266,19.610000610351562,5640800,54203600,46429100,0
2024-10-16,247.14999389648438,570.5784912109375,87.92056274414062,19.579999923706055,247.14999389648438,582.2999877929688,95.30999755859375,19.579999923706055,248.08999633789062,582.8300170898438,95.62000274658203,21.010000228881836,246.36000061035156,578.9600219726562,95.13999938964844,19.450000762939453,247.6199951171875,579.780029296875,95.38999938964844,20.770000457763672,5431900,30725400,32281500,0
2024-10-17,248.6300048828125,570.6275024414062,86.52764129638672,19.110000610351562,248.6300048828125,582.3499755859375,93.80000305175781,19.110000610351562,249.05999755859375,586.1199951171875,94.44000244140625,19.649999618530273,247.6199951171875,582.1599731445312,93.66999816894531,18.8799991607666,247.75,585.9099731445312,94.29000091552734,19.549999237060547,5176200,34393700,43427200,0
2024-10-18,251.27000427246094,572.8224487304688,86.59221649169922,18.030000686645508,251.27000427246094,584.5900268554688,93.87000274658203,18.030000686645508,251.3699951171875,585.3900146484375,94.27999877929688,19.31999969482422,249.89999389648438,582.5800170898438,93.86000061035156,17.989999771118164,250.0,584.0700073242188,94.05000305175781,19.299999237060547,7833600,37416800,25258600,0
2024-10-21,251.22000122070312,571.8817138671875,85.07936096191406,18.3700008392334,251.22000122070312,583.6300048828125,92.2300033569336,18.3700008392334,253.13999938964844,584.8499755859375,93.08999633789062,19.34000015258789,250.72999572753906,580.5999755859375,92.2300033569336,18.360000610351562,252.74000549316406,583.8499755859375,93.0199966430664,18.780000686645508,9258600,36439000,49504700,0
2024-10-22,253.92999267578125,571.5779418945312,85.16236877441406,18.200000762939453,253.92999267578125,583.3200073242188,92.31999969482422,18.200000762939453,253.94000244140625,584.5,92.76000213623047,19.440000534057617,252.52000427246094,580.3800048828125,92.08999633789062,18.049999237060547,253.05999755859375,581.0499877929688,92.6500015258789,18.790000915527344,5756300,34183800,32096900,0
2024-10-23,250.8699951171875,566.3552856445312,84.9317855834961,19.239999771118164,250.8699951171875,577.989990234375,92.06999969482422,19.239999771118164,253.17999267578125,581.7100219726562,92.37000274658203,20.469999313354492,250.1999969482422,574.4199829101562,91.66000366210938,18.18000030517578,253.0800018310547,581.260009765625,91.83999633789062,18.209999084472656,8081000,49314600,33354200,0
2024-10-24,252.8000030517578,567.5801391601562,85.47603607177734,19.079999923706055,252.8000030517578,579.239990234375,92.66000366210938,19.079999923706055,253.32000732421875,580.0599975585938,93.0,20.239999771118164,251.39999389648438,576.5700073242188,91.95999908447266,18.6299991607666,253.27000427246094,579.97998046875,92.2300033569336,18.8700008392334,5962200,34979900,32507400,0
2024-10-25,253.32000732421875,567.384033203125,84.99633026123047,20.329999923706055,253.32000732421875,579.0399780273438,92.13999938964844,20.329999923706055,253.5500030517578,584.4600219726562,93.04000091552734,20.510000228881836,251.77000427246094,578.0800170898438,92.0199966430664,18.229999542236328,252.0,581.510009765625,92.98999786376953,19.219999313354492,4424500,47268200,28667100,0
2024-10-28,253.3300018310547,569.1381225585938,84.76570892333984,19.799999237060547,253.3300018310547,580.8300170898438,91.88999938964844,19.799999237060547,253.6300048828125,582.7100219726562,92.29000091552734,19.8799991607666,252.9499969482422,580.52001953125,91.41999816894531,18.90999984741211,253.00999450683594,582.5800170898438,92.2699966430664,19.110000610351562,4029100,30174700,33156500,0
2024-10-29,256.0899963378906,570.0592041015625,84.89486694335938,19.34000015258789,256.0899963378906,581.77001953125,92.02999877929688,19.34000015258789,256.2900085449219,582.9099731445312,92.05999755859375,20.530000686645508,254.22999572753906,578.4299926757812,90.9800033569336,19.059999465942383,254.49000549316406,579.8499755859375,91.16999816894531,19.75,8875500,42899700,46545200,0
2024-10-30,257.5,568.3346557617188,85.14393615722656,20.350000381469727,257.5,580.010009765625,92.30000305175781,20.350000381469727,257.7099914550781,583.3200073242188,93.29000091552734,20.440000534057617,255.91000366210938,579.2899780273438,92.16000366210938,19.299999237060547,256.760009765625,581.2899780273438,92.83999633789062,19.329999923706055,6386200,41435800,41951100,0
2024-10-31,253.50999450683594,557.1935424804688,85.28229522705078,23.15999984741211,253.50999450683594,568.6400146484375,92.44999694824219,23.15999984741211,255.60000610351562,575.6300048828125,92.94000244140625,23.420000076293945,252.1999969482422,568.4400024414062,91.87000274658203,21.1200008392334,255.52000427246094,575.5599975585938,92.19999694824219,21.440000534057617,9930800,60182500,52173800,0
2024-11-01,252.47000122070312,559.545166015625,84.07998657226562,21.8799991607666,252.47000122070312,571.0399780273438,90.83999633789062,21.8799991607666,254.86000061035156,575.5499877929688,92.5199966430664,23.09000015258789,252.44000244140625,570.6199951171875,90.80000305175781,21.15999984741211,254.3300018310547,571.3200073242188,92.26000213623047,22.959999084472656,6473000,45667500,80402000,0
2024-11-04,252.8300018310547,558.3399047851562,85.3850326538086,21.979999542236328,252.8300018310547,569.8099975585938,92.25,21.979999542236328,253.5800018310547,572.5,92.56999969482422,23.06999969482422,252.27000427246094,567.8900146484375,91.62999725341797,21.729999542236328,253.32000732421875,571.1799926757812,92.27999877929688,22.5,4581400,38217000,49747600,0
2024-11-05,253.39999389648438,565.09130859375,85.83856964111328,20.489999771118164,253.39999389648438,576.7000122070312,92.73999786376953,20.489999771118164,253.99000549316406,576.739990234375,92.9000015258789,22.059999465942383,252.41000366210938,570.52001953125,91.5999984741211,20.200000762939453,253.77999877929688,570.739990234375,92.02999877929688,21.979999542236328,6029900,39478300,46986000,0
2024-11-06,245.6999969482422,579.142578125,83.48760986328125,16.270000457763672,245.6999969482422,591.0399780273438,90.19999694824219,16.270000457763672,247.35000610351562,591.9299926757812,90.72000122070312,16.81999969482422,244.9499969482422,585.3900146484375,89.55000305175781,15.4399995803833,245.63999938964844,589.2000122070312,89.63999938964844,16.059999465942383,14600200,68182000,98895700,0
2024-11-07,249.64999389648438,583.62060546875,84.53351593017578,15.199999809265137,249.64999389648438,595.6099853515625,91.33000183105469,15.199999809265137,250.24000549316406,596.6500244140625,91.62000274658203,15.859999656677246,248.1199951171875,593.0,90.6500015258789,15.130000114440918,248.2899932861328,593.0800170898438,90.75,15.859999656677246,8821400,47233200,56221400,0
2024-11-08,247.9600067138672,586.1487426757812,85.60719299316406,14.9399995803833,247.9600067138672,598.1900024414062,92.48999786376953,14.9399995803833,249.35000610351562,599.6400146484375,92.5999984741211,15.329999923706055,247.77999877929688,596.1699829101562,91.83999633789062,14.65999984741211,249.07000732421875,596.1699829101562,92.0,15.130000114440918,6267900,46444900,56756200,0
2024-11-11,242.13999938964844,586.7072143554688,85.190673828125,14.970000267028809,242.13999938964844,598.760009765625,92.04000091552734,14.970000267028809,242.72999572753906,600.1699829101562,92.30000305175781,15.5600004196167,241.05999755859375,597.0,91.62000274658203,14.890000343322754,242.72999572753906,599.8099975585938,92.25,15.329999923706055,11653800,37586800,22369200,0
2024-11-12,240.0500030517578,584.8847045898438,83.9133529663086,14.710000038146973,240.0500030517578,596.9000244140625,90.66000366210938,14.710000038146973,241.66000366210938,599.2899780273438,91.8499984741211,15.369999885559082,239.38999938964844,594.3699951171875,90.51000213623047,14.6899995803833,241.2899932861328,598.6799926757812,91.37000274658203,15.09000015258789,10145500,43006100,57908400,0
2024-11-13,237.6300048828125,585.1688232421875,83.11737823486328,14.020000457763672,237.6300048828125,597.1900024414062,89.80000305175781,14.020000457763672,241.47000122070312,599.22998046875,91.54000091552734,15.260000228881836,237.58999633789062,594.9600219726562,89.72000122070312,13.770000457763672,241.30999755859375,597.3699951171875,91.5199966430664,15.09000015258789,8431700,47388600,49009100,0
2024-11-14,237.00999450683594,581.4060668945312,83.59866333007812,14.3100004196167,237.00999450683594,593.3499755859375,90.31999969482422,14.3100004196167,237.99000549316406,597.8099975585938,91.02999877929688,14.319999694824219,236.1300048828125,592.6500244140625,90.2699966430664,13.59000015258789,236.57000732421875,597.3200073242188,90.55999755859375,14.170000076293945,8262400,38904100,53328300,0
2024-11-15,236.58999633789062,573.9590454101562,83.37652587890625,16.139999389648438,236.58999633789062,585.75,90.08000183105469,16.139999389648438,237.8800048828125,590.2000122070312,90.6500015258789,17.549999237060547,236.3300018310547,583.8599853515625,89.51000213623047,14.5600004196167,237.57000732421875,589.719970703125,89.91999816894531,15.020000457763672,7299500,75988800,73722400,0
2024-11-18,241.08999633789062,576.3107299804688,83.52462768554688,15.579999923706055,241.08999633789062,588.1500244140625,90.23999786376953,15.579999923706055,241.5,589.489990234375,90.58999633789062,17.0,240.4499969482422,585.3400268554688,89.41999816894531,15.350000381469727,240.4600067138672,586.219970703125,89.66000366210938,16.600000381469727,6323400,37001700,36010600,0
2024-11-19,243.25,578.4175415039062,83.95037841796875,16.350000381469727,243.25,590.2999877929688,90.69999694824219,16.350000381469727,243.30999755859375,591.0399780273438,91.06999969482422,17.93000030517578,242.02999877929688,584.030029296875,90.62000274658203,15.369999885559082,242.75,584.7100219726562,90.81999969482422,15.4399995803833,6579100,49412000,29585100,0
2024-11-20,244.6199951171875,578.6134643554688,83.68196105957031,17.15999984741211,244.6199951171875,590.5,90.41000366210938,17.15999984741211,245.2100067138672,590.7899780273438,90.83000183105469,18.790000915527344,243.50999450683594,584.6300048828125,90.11000061035156,16.040000915527344,243.74000549316406,590.3800048828125,90.1500015258789,16.190000534057617,6630700,50032600,27755400,0
2024-11-21,246.66000366210938,581.7197265625,83.6171875,16.8700008392334,246.66000366210938,593.6699829101562,90.33999633789062,16.8700008392334,246.80999755859375,595.1199951171875,90.8499984741211,17.989999771118164,245.69000244140625,587.4500122070312,90.0,15.729999542236328,246.22999572753906,593.4000244140625,90.44999694824219,17.100000381469727,7646400,46750300,28365700,0
2024-11-22,249.83999633789062,583.5225830078125,83.66346740722656,15.239999771118164,249.83999633789062,595.510009765625,90.38999938964844,15.239999771118164,250.38999938964844,596.1500244140625,90.69999694824219,17.559999465942383,247.86000061035156,593.1500244140625,90.1500015258789,15.239999771118164,248.1999969482422,593.6599731445312,90.51000213623047,16.670000076293945,7503000,38226400,21547500,0
2024-11-25,242.47999572753906,585.5020141601562,85.82933044433594,14.600000381469727,242.47999572753906,597.530029296875,92.7300033569336,14.600000381469727,244.39999389648438,600.8599853515625,92.77999877929688,15.720000267028809,241.47999572753906,595.2000122070312,91.98999786376953,14.539999961853027,244.27000427246094,599.52001953125,92.19999694824219,15.229999542236328,10733100,42441400,56858000,0
2024-11-26,242.9499969482422,588.55908203125,85.49612426757812,14.100000381469727,242.9499969482422,600.6500244140625,92.37000274658203,14.100000381469727,243.08999633789062,601.3300170898438,92.44000244140625,15.029999732971191,241.5800018310547,598.0700073242188,91.80999755859375,13.880000114440918,242.7100067138672,598.7999877929688,92.16000366210938,14.949999809265137,4945900,45621300,31122200,0
2024-11-27,243.49000549316406,586.7757568359375,86.08848571777344,14.100000381469727,243.49000549316406,598.8300170898438,93.01000213623047,14.100000381469727,245.17999267578125,600.8499755859375,93.37999725341797,15.130000114440918,243.1999969482422,597.280029296875,92.66999816894531,13.960000038146973,244.85000610351562,600.4600219726562,93.04000091552734,14.279999732971191,6930600,34000200,39442200,0
2024-11-29,245.58999633789062,590.4208374023438,86.97704315185547,13.510000228881836,245.58999633789062,602.5499877929688,93.97000122070312,13.510000228881836,245.80999755859375,603.3499755859375,93.98999786376953,14.149999618530273,244.72999572753906,599.3800048828125,93.44000244140625,13.489999771118164,245.25,599.6599731445312,93.77999877929688,14.0,2708500,30177400,31905700,0
2024-12-02,243.44000244140625,591.4791259765625,87.18602752685547,13.34000015258789,243.44000244140625,603.6300048828125,93.87000274658203,13.34000015258789,244.5800018310547,604.3200073242188,94.1500015258789,14.100000381469727,243.13999938964844,602.469970703125,93.0,13.300000190734863,244.4600067138672,602.969970703125,93.2699966430664,14.079999923706055,4765000,31746000,39406000,0
2024-12-03,243.92999267578125,591.7535400390625,86.4337158203125,13.300000190734863,243.92999267578125,603.9099731445312,93.05999755859375,13.300000190734863,245.17999267578125,604.1599731445312,94.02999877929688,13.770000457763672,243.3000030517578,602.3400268554688,92.98999786376953,13.1899995803833,244.9600067138672,603.3900146484375,93.93000030517578,13.380000114440918,3557800,26906600,32768900,0
2024-12-04,244.6699981689453,595.427978515625,87.36249542236328,13.449999809265137,244.6699981689453,607.6599731445312,94.05999755859375,13.449999809265137,245.33999633789062,607.9099731445312,94.19000244140625,13.609999656677246,244.3699951171875,604.9500122070312,92.54000091552734,12.890000343322754,244.92999267578125,605.6300048828125,92.61000061035156,13.15999984741211,4608600,42787600,35851100,0
2024-12-05,242.86000061035156,594.4482421875,87.53897094726562,13.539999961853027,242.86000061035156,606.6599731445312,94.25,13.539999961853027,244.3800048828125,608.47998046875,94.38999938964844,13.699999809265137,242.14999389648438,606.2999877929688,93.66000366210938,13.260000228881836,244.16000366210938,607.6599731445312,93.72000122070312,13.460000038146973,4806200,28762200,23695800,0
2024-12-06,242.9499969482422,595.574951171875,87.66899108886719,12.770000457763672,242.9499969482422,607.8099975585938,94.38999938964844,12.770000457763672,243.86000061035156,609.0700073242188,94.8499984741211,13.739999771118164,242.44000244140625,607.02001953125,94.0199966430664,12.699999809265137,242.7899932861328,607.4400024414062,94.72000122070312,13.619999885559082,3540700,31241500,31761500,0
2024-12-09,245.36000061035156,592.5079956054688,86.8609619140625,14.1899995803833,245.36000061035156,604.6799926757812,93.5199966430664,14.1899995803833,247.11000061035156,607.8599853515625,94.04000091552734,14.229999542236328,245.25999450683594,604.0800170898438,93.47000122070312,13.350000381469727,246.27999877929688,607.6900024414062,93.98999786376953,13.359999656677246,4711500,34742700,30509600,0
2024-12-10,248.58999633789062,590.6658325195312,86.4522705078125,14.180000305175781,248.58999633789062,602.7999877929688,93.08000183105469,14.180000305175781,248.86000061035156,605.7999877929688,93.30000305175781,14.539999961853027,247.8300018310547,602.1300048828125,92.91000366210938,13.859999656677246,247.86000061035156,605.3699951171875,93.0199966430664,14.300000190734863,4642000,37234500,28706500,0
2024-12-11,250.9600067138672,595.2320556640625,85.63492584228516,13.579999923706055,250.9600067138672,607.4600219726562,92.19999694824219,13.579999923706055,251.25999450683594,608.4299926757812,93.29000091552734,14.430000305175781,248.97000122070312,605.5,92.11000061035156,13.520000457763672,249.35000610351562,605.780029296875,93.06999969482422,14.420000076293945,11033800,28677700,38748400,0
2024-12-12,247.27999877929688,592.1650390625,84.59468078613281,13.920000076293945,247.27999877929688,604.3300170898438,91.08000183105469,13.920000076293945,248.24000549316406,607.1599731445312,91.75,13.949999809265137,246.8699951171875,604.3300170898438,91.0,13.390000343322754,247.80999755859375,606.5800170898438,91.63999938964844,13.729999542236328,10149600,31543800,45368400,0
2024-12-13,244.2899932861328,592.0474853515625,83.73091888427734,13.8100004196167,244.2899932861328,604.2100219726562,90.1500015258789,13.8100004196167,245.94000244140625,607.1300048828125,90.8499984741211,14.25,244.27000427246094,602.8099975585938,90.08000183105469,13.239999771118164,245.6699981689453,606.4000244140625,90.80000305175781,13.569999694824219,6602600,35904700,39486000,0
2024-12-16,244.8800048828125,594.5755615234375,83.98168182373047,14.6899995803833,244.8800048828125,606.7899780273438,90.41999816894531,14.6899995803833,245.5399932861328,607.780029296875,90.62000274658203,14.6899995803833,244.2899932861328,605.2100219726562,90.05000305175781,13.989999771118164,245.41000366210938,606.0,90.55000305175781,14.369999885559082,3310000,43695200,23482300,0
2024-12-17,243.94000244140625,592.1258544921875,84.1860122680664,15.869999885559082,243.94000244140625,604.2899780273438,90.63999938964844,15.869999885559082,244.5500030517578,605.1699829101562,90.98999786376953,15.9399995803833,243.22999572753906,602.8900146484375,90.45999908447266,14.779999732971191,243.8000030517578,604.1900024414062,90.5199966430664,14.979999542236328,4421300,55773500,23839900,0
2024-12-18,239.25999450683594,574.4783935546875,83.13333892822266,27.6200008392334,239.25999450683594,586.280029296875,89.16000366210938,27.6200008392334,243.7100067138672,606.4099731445312,90.37000274658203,28.31999969482422,238.82000732421875,585.8900146484375,89.13999938964844,14.819999694824219,243.57000732421875,603.97998046875,89.97000122070312,15.569999694824219,8015800,108248700,61328400,0
2024-12-19,239.60000610351562,574.3020629882812,81.87458038330078,24.09000015258789,239.60000610351562,586.0999755859375,87.80999755859375,24.09000015258789,240.0500030517578,593.0,88.38999938964844,24.1200008392334,238.72999572753906,585.8499755859375,87.51000213623047,20.15999984741211,239.6699981689453,591.3599853515625,88.06999969482422,21.610000610351562,8111400,85919500,99083300,0
2024-12-20,242.10000610351562,581.199951171875,82.34078216552734,18.360000610351562,242.10000610351562,591.1500244140625,88.30999755859375,18.360000610351562,242.9600067138672,595.75,88.91000366210938,26.510000228881836,241.1699981689453,580.9099731445312,88.29000091552734,17.81999969482422,241.41000366210938,581.77001953125,88.52999877929688,24.139999389648438,9527800,125716700,45542400,0
2024-12-23,240.9600067138672,584.680419921875,81.58552551269531,16.780000686645508,240.9600067138672,594.6900024414062,87.5,16.780000686645508,241.6699981689453,595.2999877929688,88.2300033569336,20.020000457763672,240.64999389648438,587.6599731445312,87.44000244140625,16.739999771118164,241.60000610351562,590.8900146484375,88.16000366210938,18.09000015258789,5835500,57635800,32764600,0
2024-12-24,241.44000244140625,591.1790771484375,81.93052673339844,14.270000457763672,241.44000244140625,601.2999877929688,87.87000274658203,14.270000457763672,241.66000366210938,601.3400268554688,87.88999938964844,17.040000915527344,240.82000732421875,595.469970703125,86.9800033569336,14.270000457763672,241.49000549316406,596.0599975585938,87.04000091552734,16.969999313354492,2421000,33160100,22377600,0
2024-12-26,243.07000732421875,591.2184448242188,81.88390350341797,14.729999542236328,243.07000732421875,601.3400268554688,87.81999969482422,14.729999542236328,243.55999755859375,602.47998046875,87.95999908447266,15.930000305175781,242.1999969482422,598.0800170898438,87.19999694824219,14.550000190734863,242.38999938964844,599.5,87.20999908447266,14.989999771118164,4645100,41219100,19981800,0
2024-12-27,241.39999389648438,584.9949951171875,81.21257019042969,15.949999809265137,241.39999389648438,595.010009765625,87.0999984741211,15.949999809265137,241.9499969482422,597.780029296875,87.77999877929688,18.450000762939453,241.0500030517578,590.760009765625,87.05999755859375,15.289999961853027,241.1999969482422,597.5399780273438,87.4800033569336,15.380000114440918,4728100,64969300,27262300,0
2024-12-30,240.6300048828125,578.3193359375,81.86524963378906,17.399999618530273,240.6300048828125,588.219970703125,87.80000305175781,17.399999618530273,241.0800018310547,591.739990234375,88.04000091552734,19.219999313354492,239.5800018310547,584.4099731445312,87.66999816894531,16.440000534057617,241.0800018310547,587.8900146484375,87.83000183105469,17.209999084472656,3522500,56578800,48519600,0
2024-12-31,242.1300048828125,576.21533203125,81.42704010009766,17.350000381469727,242.1300048828125,586.0800170898438,87.33000183105469,17.350000381469727,242.52000427246094,590.6400146484375,88.27999877929688,17.809999465942383,241.0500030517578,584.4199829101562,87.26000213623047,16.68000030517578,241.0500030517578,589.9099731445312,88.12999725341797,17.389999389648438,2522100,57052700,31917300,0
2025-01-02,245.4199981689453,574.7994995117188,81.65080261230469,17.93000030517578,245.4199981689453,584.6400146484375,87.56999969482422,17.93000030517578,245.52999877929688,591.1300048828125,88.12000274658203,19.5,244.0800018310547,580.5,87.20999908447266,16.959999084472656,244.22000122070312,589.3900146484375,87.80000305175781,17.209999084472656,6241900,50204000,27841300,0
2025-01-03,243.49000549316406,581.9864501953125,81.38971710205078,16.1299991607666,243.49000549316406,591.9500122070312,87.29000091552734,16.1299991607666,244.82000732421875,592.5999755859375,87.87999725341797,17.940000534057617,243.36000061035156,586.4299926757812,87.18000030517578,16.110000610351562,244.55999755859375,587.530029296875,87.72000122070312,17.65999984741211,4872100,37888500,21962200,0
2025-01-06,243.19000244140625,585.3390502929688,81.02609252929688,16.040000915527344,243.19000244140625,595.3599853515625,86.9000015258789,16.040000915527344,243.7899932861328,599.7000122070312,87.2300033569336,16.8700008392334,242.0500030517578,593.5999755859375,86.66999816894531,15.710000038146973,242.3300018310547,596.27001953125,87.05000305175781,16.770000457763672,3758900,47679400,30231500,0
2025-01-07,244.55999755859375,578.722412109375,80.11234283447266,17.81999969482422,244.55999755859375,588.6300048828125,85.91999816894531,17.81999969482422,245.77000427246094,597.75,86.7699966430664,18.899999618530273,243.80999755859375,586.780029296875,85.79000091552734,15.789999961853027,245.52000427246094,597.4199829101562,86.5999984741211,16.479999542236328,5090300,60393100,41757200,0
2025-01-08,245.86000061035156,579.56787109375,80.21489715576172,17.700000762939453,245.86000061035156,589.489990234375,86.02999877929688,17.700000762939453,246.4499969482422,590.5800170898438,86.19999694824219,19.5,244.50999450683594,585.2000122070312,85.33999633789062,17.3700008392334,245.72000122070312,588.7000122070312,85.47000122070312,17.90999984741211,6303300,47304700,44590800,0
2025-01-10,248.2100067138672,570.7193603515625,79.68343353271484,19.540000915527344,248.2100067138672,580.489990234375,85.45999908447266,19.540000915527344,249.0399932861328,585.9500122070312,85.8499984741211,20.309999465942383,247.5500030517578,578.5499877929688,85.16000366210938,18.049999237060547,248.00999450683594,585.8800048828125,85.27999877929688,18.290000915527344,12380100,73105000,47115800,0
2025-01-13,245.74000549316406,571.604248046875,79.65546417236328,19.190000534057617,245.74000549316406,581.3900146484375,85.43000030517578,19.190000534057617,246.7899932861328,581.75,85.66000366210938,22.040000915527344,245.14999389648438,575.3499755859375,85.04000091552734,19.149999618530273,246.33999633789062,575.77001953125,85.52999877929688,21.18000030517578,8448600,47910100,33258900,0
2025-01-14,247.02999877929688,572.3906860351562,79.52494049072266,18.709999084472656,247.02999877929688,582.1900024414062,85.29000091552734,18.709999084472656,247.0399932861328,585.0,85.36000061035156,19.65999984741211,245.52000427246094,578.3499755859375,84.88999938964844,18.239999771118164,245.6199951171875,584.3599853515625,85.2300033569336,18.790000915527344,4914800,48420600,33412900,0
2025-01-15,248.8800048828125,582.8025512695312,80.89556884765625,16.1200008392334,248.8800048828125,592.780029296875,86.76000213623047,16.1200008392334,248.89999389648438,593.9400024414062,86.9800033569336,19.139999389648438,247.00999450683594,589.2000122070312,86.4000015258789,15.960000038146973,248.2100067138672,590.3300170898438,86.69999694824219,19.079999923706055,6345000,56900200,54120700,0
2025-01-16,250.60000610351562,581.6817016601562,81.15662384033203,16.600000381469727,250.60000610351562,591.6400146484375,87.04000091552734,16.600000381469727,251.38999938964844,594.3499755859375,87.4000015258789,16.600000381469727,250.27000427246094,590.9299926757812,86.27999877929688,15.640000343322754,250.55999755859375,594.1699829101562,86.63999938964844,15.869999885559082,9236000,43319700,34651100,0
2025-01-17,249.27000427246094,587.521728515625,81.29650115966797,15.970000267028809,249.27000427246094,597.5800170898438,87.19000244140625,15.970000267028809,250.80999755859375,599.3599853515625,87.4800033569336,16.229999542236328,249.14999389648438,595.6099853515625,87.04000091552734,15.529999732971191,249.6999969482422,596.9600219726562,87.43000030517578,16.190000534057617,8312900,58070600,29875600,0
2025-01-21,253.1300048828125,592.8995971679688,82.02377319335938,15.0600004196167,253.1300048828125,603.0499877929688,87.97000122070312,15.0600004196167,253.36000061035156,603.0599975585938,88.16999816894531,16.290000915527344,251.8300018310547,598.6699829101562,87.62999725341797,14.930000305175781,251.9499969482422,600.6699829101562,87.88999938964844,16.290000915527344,7668100,42532900,30548600,0
2025-01-22,254.42999267578125,596.2326049804688,81.59486389160156,15.100000381469727,254.42999267578125,606.4400024414062,87.51000213623047,15.100000381469727,254.67999267578125,607.8200073242188,87.9800033569336,15.289999961853027,253.77999877929688,605.3599853515625,87.31999969482422,14.59000015258789,254.2899932861328,605.9199829101562,87.87000274658203,14.890000343322754,5213800,48196000,25278400,0
2025-01-23,254.07000732421875,599.4868774414062,80.9608383178711,15.020000457763672,254.07000732421875,609.75,86.83000183105469,15.020000457763672,254.5399932861328,609.75,86.98999786376953,15.390000343322754,252.82000732421875,605.52001953125,86.52999877929688,14.59000015258789,253.19000244140625,605.7999877929688,86.63999938964844,15.279999732971191,6511500,41152100,31949000,0
2025-01-24,255.64999389648438,597.73681640625,81.32447052001953,14.850000381469727,255.64999389648438,607.969970703125,87.22000122070312,14.850000381469727,257.07000732421875,610.780029296875,87.27999877929688,15.15999984741211,255.61000061035156,606.7999877929688,86.5999984741211,14.579999923706055,255.9600067138672,609.8099975585938,86.72000122070312,15.020000457763672,7341300,34604700,21110400,0
2025-01-27,252.99000549316406,589.2816162109375,82.28485107421875,17.899999618530273,252.99000549316406,599.3699951171875,88.25,17.899999618530273,254.25999450683594,599.6900024414062,88.43000030517578,22.510000228881836,251.9199981689453,594.6400146484375,87.8499984741211,17.56999969482422,253.86000061035156,594.8099975585938,88.16000366210938,18.829999923706055,5799800,70361100,42864200,0
2025-01-28,255.17999267578125,594.344970703125,82.2289047241211,16.40999984741211,255.17999267578125,604.52001953125,88.19000244140625,16.40999984741211,255.25,605.3699951171875,88.19999694824219,18.389999389648438,253.88999938964844,597.25,87.66000366210938,16.25,254.22999572753906,600.6199951171875,87.83999633789062,18.290000915527344,5332000,44433300,25519100,0
2025-01-29,254.1999969482422,591.6805419921875,82.06106567382812,16.559999465942383,254.1999969482422,601.8099975585938,88.01000213623047,16.559999465942383,254.82000732421875,604.1300048828125,88.62000274658203,18.079999923706055,253.3000030517578,599.219970703125,87.62999725341797,16.170000076293945,254.5500030517578,603.719970703125,88.43000030517578,16.420000076293945,5671800,37177400,25342800,0
2025-01-30,258.04998779296875,594.8561401367188,82.36878204345703,15.84000015258789,258.04998779296875,605.0399780273438,88.33999633789062,15.84000015258789,258.2900085449219,606.5999755859375,88.70999908447266,16.420000076293945,256.45001220703125,600.719970703125,88.16999816894531,15.319999694824219,257.20001220703125,603.9600219726562,88.41000366210938,15.930000305175781,12981200,39281300,25094900,0
2025-01-31,258.55999755859375,591.6903686523438,81.82797241210938,16.43000030517578,258.55999755859375,601.8200073242188,87.76000213623047,16.43000030517578,259.989990234375,609.9600219726562,88.66000366210938,17.09000015258789,257.8599853515625,601.0499877929688,87.43000030517578,14.899999618530273,259.0799865722656,607.5,88.37999725341797,15.449999809265137,8961100,66566900,48790100,0
2025-02-03,259.94000244140625,587.70849609375,82.49420928955078,18.6200008392334,259.94000244140625,597.77001953125,88.16000366210938,18.6200008392334,261.3900146484375,600.2899780273438,89.0999984741211,20.420000076293945,259.5199890136719,590.489990234375,87.80000305175781,17.65999984741211,259.75,592.6699829101562,88.58000183105469,20.360000610351562,11521100,65857200,70657200,0
2025-02-04,262.5,591.6510009765625,82.74684143066406,17.209999084472656,262.5,601.780029296875,88.43000030517578,17.209999084472656,262.5400085449219,602.2999877929688,88.44999694824219,19.110000610351562,261.3500061035156,597.280029296875,87.4800033569336,16.780000686645508,261.8299865722656,597.8300170898438,87.55000305175781,18.780000686645508,9850400,33457800,33414000,0
2025-02-05,264.1300048828125,594.0498657226562,84.11302947998047,15.770000457763672,264.1300048828125,604.219970703125,89.88999938964844,15.770000457763672,265.989990234375,604.3699951171875,90.18000030517578,17.75,263.8900146484375,598.5800170898438,89.38999938964844,15.770000457763672,264.45001220703125,600.6400146484375,89.44999694824219,17.540000915527344,12681100,30653100,48331200,0
2025-02-06,263.42999267578125,596.1146240234375,84.07559967041016,15.5,263.42999267578125,606.3200073242188,89.8499984741211,15.5,263.7200012207031,606.4500122070312,90.1500015258789,16.149999618530273,261.489990234375,602.6300048828125,89.55000305175781,14.989999771118164,263.6600036621094,605.989990234375,89.86000061035156,15.880000114440918,8731400,35771500,22509900,0
2025-02-07,263.8999938964844,590.6580810546875,83.53287506103516,16.540000915527344,263.8999938964844,600.77001953125,89.2699966430664,16.540000915527344,266.3500061035156,608.1300048828125,89.44999694824219,16.65999984741211,263.260009765625,600.0499877929688,88.94000244140625,14.789999961853027,265.2200012207031,606.8900146484375,89.23999786376953,15.380000114440918,9154000,50788500,31171200,0
2025-02-10,268.3699951171875,594.6693115234375,83.28022003173828,15.8100004196167,268.3699951171875,604.8499755859375,89.0,15.8100004196167,268.6600036621094,605.5,89.52999877929688,16.610000610351562,267.239990234375,602.739990234375,88.8499984741211,15.699999809265137,268.0,604.030029296875,89.26000213623047,16.579999923706055,13250300,26048700,22736100,0
2025-02-11,267.3900146484375,595.12158203125,82.74684143066406,16.020000457763672,267.3900146484375,605.3099975585938,88.43000030517578,16.020000457763672,268.3599853515625,605.8599853515625,88.68000030517578,16.420000076293945,266.7099914550781,602.4299926757812,88.37999725341797,15.75,267.70001220703125,602.5499877929688,88.52999877929688,16.1299991607666,7169500,30056700,21513000,0
2025-02-12,267.6700134277344,593.2044067382812,81.62398529052734,15.890000343322754,267.6700134277344,603.3599853515625,87.2300033569336,15.890000343322754,268.42999267578125,604.5499877929688,87.5999984741211,17.18000030517578,266.3500061035156,598.510009765625,86.86000061035156,15.640000343322754,267.1499938964844,599.2000122070312,87.29000091552734,15.90999984741211,9328600,45076100,48536200,0
2025-02-13,270.30999755859375,599.4672241210938,82.98078918457031,15.100000381469727,270.30999755859375,609.72998046875,88.68000030517578,15.100000381469727,270.3900146484375,609.9400024414062,88.88999938964844,16.329999923706055,268.2200012207031,603.2000122070312,88.06999969482422,14.979999542236328,268.3999938964844,604.47998046875,88.08999633789062,15.970000267028809,8347500,40921300,42718100,0
2025-02-14,266.2900085449219,599.437744140625,83.42059326171875,14.770000457763672,266.2900085449219,609.7000122070312,89.1500015258789,14.770000457763672,270.2099914550781,610.989990234375,89.68000030517578,15.420000076293945,265.45001220703125,609.0700073242188,89.12000274658203,14.739999771118164,270.07000732421875,609.9400024414062,89.37999725341797,15.079999923706055,11546700,26910400,27460700,0
2025-02-18,270.70001220703125,601.1975708007812,82.43807983398438,15.350000381469727,270.70001220703125,611.489990234375,88.0999984741211,15.350000381469727,271.010009765625,611.489990234375,88.83999633789062,16.030000686645508,269.6000061035156,608.3800048828125,88.04000091552734,15.350000381469727,269.67999267578125,610.8800048828125,88.54000091552734,15.569999694824219,8185900,26749000,29429200,0
2025-02-19,270.8500061035156,602.61328125,82.54098510742188,15.270000457763672,270.8500061035156,612.9299926757812,88.20999908447266,15.270000457763672,271.3299865722656,613.22998046875,88.44999694824219,15.960000038146973,269.239990234375,609.5599975585938,87.88999938964844,15.050000190734863,270.67999267578125,610.0800170898438,87.94999694824219,15.140000343322754,9342500,31011100,20584300,0
2025-02-20,270.989990234375,600.1062622070312,82.84978485107422,15.65999984741211,270.989990234375,610.3800048828125,88.54000091552734,15.65999984741211,271.8399963378906,611.6799926757812,88.76000213623047,16.6299991607666,270.1700134277344,607.02001953125,88.44999694824219,15.119999885559082,270.2300109863281,611.5399780273438,88.44999694824219,15.609999656677246,7356900,36554000,27913400,0
2025-02-21,270.739990234375,589.8419799804688,83.85102081298828,18.209999084472656,270.739990234375,599.9400024414062,89.61000061035156,18.209999084472656,271.510009765625,610.2999877929688,89.93000030517578,19.030000686645508,269.510009765625,599.469970703125,88.81999969482422,15.279999732971191,270.79998779296875,610.1599731445312,88.87000274658203,15.630000114440918,8917400,76519800,46912300,0
2025-02-24,272.2099914550781,587.1580200195312,84.09430694580078,18.979999542236328,272.2099914550781,597.2100219726562,89.87000274658203,18.979999542236328,272.32000732421875,603.030029296875,90.05999755859375,20.239999771118164,270.3800048828125,596.489990234375,89.26000213623047,17.309999465942383,271.45001220703125,602.02001953125,89.33000183105469,18.079999923706055,5374400,50737200,26218000,0
2025-02-25,268.6199951171875,584.2379150390625,85.54470825195312,19.43000030517578,268.6199951171875,594.239990234375,91.41999816894531,19.43000030517578,271.67999267578125,597.8900146484375,91.5,21.479999542236328,266.45001220703125,589.5599975585938,90.80000305175781,18.850000381469727,271.4599914550781,597.1500244140625,90.97000122070312,19.09000015258789,10079800,58266500,50125100,0
2025-02-26,269.0299987792969,584.5328369140625,86.04998779296875,19.100000381469727,269.0299987792969,594.5399780273438,91.95999908447266,19.100000381469727,269.0799865722656,599.5800170898438,92.05999755859375,20.059999465942383,266.6600036621094,591.8599853515625,91.19999694824219,17.829999923706055,267.0799865722656,595.9299926757812,91.41999816894531,18.959999084472656,7276000,43321600,32220200,0
2025-02-27,264.92999267578125,575.2025756835938,85.44176483154297,21.1299991607666,264.92999267578125,585.0499877929688,91.30999755859375,21.1299991607666,266.6700134277344,598.02001953125,91.79000091552734,21.469999313354492,264.45001220703125,584.6500244140625,91.13999938964844,17.670000076293945,266.489990234375,596.8499755859375,91.30999755859375,18.25,9374600,74196700,53373600,0
2025-02-28,263.2699890136719,584.1788940429688,86.48978424072266,19.6299991607666,263.2699890136719,594.1799926757812,92.43000030517578,19.6299991607666,263.3999938964844,594.719970703125,92.4800033569336,22.399999618530273,261.25,582.4400024414062,91.47000122070312,19.049999237060547,262.55999755859375,585.5599975585938,91.8499984741211,21.209999084472656,11504500,88744100,49388600,0
2025-03-03,266.739990234375,573.9441528320312,86.8934326171875,22.780000686645508,266.739990234375,583.77001953125,92.56999969482422,22.780000686645508,266.8800048828125,597.3400268554688,92.70999908447266,24.309999465942383,265.07000732421875,579.9000244140625,91.37000274658203,19.25,265.07000732421875,596.1799926757812,91.41000366210938,19.829999923706055,7725600,74249200,42904200,0
2025-03-04,269.05999755859375,567.1504516601562,85.8233413696289,23.510000228881836,269.05999755859375,576.8599853515625,91.43000030517578,23.510000228881836,269.3999938964844,585.3900146484375,92.79000091552734,26.350000381469727,267.5199890136719,572.25,91.2699966430664,21.709999084472656,269.010009765625,579.7100219726562,92.44000244140625,22.959999084472656,8481300,109648200,56722000,0
2025-03-05,269.6199951171875,573.2461547851562,85.13809204101562,21.93000030517578,269.6199951171875,583.0599975585938,90.69999694824219,21.93000030517578,270.260009765625,584.8800048828125,91.80000305175781,24.84000015258789,267.9599914550781,573.0800170898438,90.61000061035156,21.3700008392334,267.9700012207031,576.6900024414062,91.55999755859375,23.030000686645508,6990400,71230500,50215900,0
2025-03-06,268.25,563.0703125,84.85649108886719,24.8700008392334,268.25,572.7100219726562,90.4000015258789,24.8700008392334,269.510009765625,580.1699829101562,90.80000305175781,25.920000076293945,268.1600036621094,570.1199951171875,89.7300033569336,22.389999389648438,268.25,575.47998046875,90.4800033569336,22.600000381469727,6136400,80094900,42827500,0
2025-03-07,268.3900146484375,566.226318359375,84.58428192138672,23.3700008392334,268.3900146484375,575.9199829101562,90.11000061035156,23.3700008392334,270.3399963378906,577.3900146484375,91.16000366210938,26.559999465942383,267.6400146484375,565.6300048828125,89.98999786376953,23.09000015258789,269.0899963378906,570.9000244140625,91.13999938964844,24.850000381469727,10431200,81158800,36903600,0
2025-03-10,266.0400085449219,551.14453125,85.46662902832031,27.860000610351562,266.0400085449219,560.5800170898438,91.05000305175781,27.860000610351562,268.44000244140625,569.5399780273438,91.62999725341797,29.559999465942383,265.6400146484375,555.5900268554688,90.91000366210938,24.68000030517578,267.6199951171875,567.5900268554688,91.08000183105469,24.700000762939453,7593900,99326600,41440800,0
2025-03-11,269.1600036621094,546.5629272460938,84.85649108886719,26.920000076293945,269.1600036621094,555.9199829101562,90.4000015258789,26.920000076293945,269.7300109863281,564.02001953125,91.48999786376953,29.56999969482422,268.44000244140625,552.02001953125,90.13999938964844,26.18000030517578,268.4700012207031,559.4000244140625,90.97000122070312,27.940000534057617,8436600,88102100,40555700,0
2025-03-12,270.3299865722656,549.4632568359375,84.34960174560547,24.229999542236328,270.3299865722656,558.8699951171875,89.86000061035156,24.229999542236328,271.2300109863281,563.1099853515625,90.37999725341797,26.90999984741211,268.3599853515625,553.6900024414062,89.77999877929688,23.889999389648438,268.4700012207031,562.1699829101562,90.0,26.8799991607666,7236200,69588200,32734600,0
2025-03-13,275.1300048828125,542.1387329101562,85.09114837646484,24.65999984741211,275.1300048828125,551.4199829101562,90.6500015258789,24.65999984741211,275.3500061035156,559.1099853515625,90.70999908447266,26.1299991607666,271.54998779296875,549.6799926757812,89.37999725341797,23.459999084472656,271.57000732421875,558.489990234375,89.58000183105469,24.920000076293945,13741500,74079400,38675400,0
2025-03-14,275.239990234375,553.3368530273438,84.6406021118164,21.770000457763672,275.239990234375,562.8099975585938,90.16999816894531,21.770000457763672,276.29998779296875,563.8300170898438,90.41000366210938,24.360000610351562,274.6600036621094,551.489990234375,89.86000061035156,21.479999542236328,276.2699890136719,556.1099853515625,90.01000213623047,24.350000381469727,13365000,62660300,24658000,0
2025-03-17,276.7300109863281,557.6038818359375,85.06300354003906,20.510000228881836,276.7300109863281,567.1500244140625,90.62000274658203,20.510000228881836,276.7900085449219,569.7100219726562,91.18000030517578,22.950000762939453,275.3900146484375,562.3499755859375,90.37999725341797,20.31999969482422,275.5400085449219,562.7899780273438,90.80000305175781,22.889999389648438,8583400,49008700,26700300,0
2025-03-18,279.9599914550781,551.5770874023438,85.1474838256836,21.700000762939453,279.9599914550781,561.02001953125,90.70999908447266,21.700000762939453,280.2099914550781,565.02001953125,91.0199966430664,22.56999969482422,278.9700012207031,559.0599975585938,90.12000274658203,20.40999984741211,279.8999938964844,564.7999877929688,90.13999938964844,20.829999923706055,9596500,66041400,23654700,0
2025-03-19,281.1099853515625,557.584228515625,85.58866119384766,19.899999618530273,281.1099853515625,567.1300048828125,91.18000030517578,19.899999618530273,281.4800109863281,570.9500122070312,91.22000122070312,22.100000381469727,279.05999755859375,561.6300048828125,90.37999725341797,19.420000076293945,279.8500061035156,562.8300170898438,90.68000030517578,21.84000015258789,8822200,66556000,31378700,0
2025-03-20,280.75,555.9718017578125,85.64498138427734,19.799999237060547,280.75,565.489990234375,91.23999786376953,19.799999237060547,280.8999938964844,570.5700073242188,92.23999786376953,21.170000076293945,279.42999267578125,562.5999755859375,91.16000366210938,19.299999237060547,279.489990234375,563.3300170898438,92.19999694824219,19.520000457763672,5863300,62958200,35645800,0
2025-03-21,278.489990234375,556.1552124023438,85.13809204101562,19.280000686645508,278.489990234375,563.97998046875,90.69999694824219,19.280000686645508,279.4599914550781,564.8900146484375,91.44000244140625,21.139999389648438,276.5899963378906,558.030029296875,90.62000274658203,19.149999618530273,279.4599914550781,559.280029296875,91.33000183105469,20.020000457763672,9359300,83763000,29192100,0
2025-03-24,277.25,566.1151733398438,84.2651138305664,17.479999542236328,277.25,574.0800170898438,89.7699966430664,17.479999542236328,279.0899963378906,575.1500244140625,90.26000213623047,19.139999389648438,276.8599853515625,570.2000122070312,89.69999694824219,17.459999084472656,278.9100036621094,570.7999877929688,90.19999694824219,19.1299991607666,7870100,58766800,27985600,0
2025-03-25,278.4700012207031,567.4760131835938,84.25574493408203,17.149999618530273,278.4700012207031,575.4600219726562,89.76000213623047,17.149999618530273,279.9599914550781,576.4099731445312,90.08000183105469,17.770000457763672,278.2699890136719,573.6900024414062,89.51000213623047,17.020000457763672,278.7799987792969,575.2999877929688,89.56999969482422,17.579999923706055,5090200,38355700,22333800,0
2025-03-26,278.239990234375,560.7013549804688,83.701904296875,18.329999923706055,278.239990234375,568.5900268554688,89.16999816894531,18.329999923706055,279.0199890136719,576.3300170898438,89.5999984741211,19.06999969482422,277.7799987792969,567.1900024414062,89.08999633789062,16.969999313354492,278.92999267578125,575.1900024414062,89.38999938964844,17.229999542236328,3717500,51848300,25095600,0
2025-03-27,281.9700012207031,559.2122192382812,83.45784759521484,18.690000534057617,281.9700012207031,567.0800170898438,88.91000366210938,18.690000534057617,282.07000732421875,570.9000244140625,89.02999877929688,19.280000686645508,279.5899963378906,564.9400024414062,88.62999725341797,17.950000762939453,280.54998779296875,567.1799926757812,88.8499984741211,18.360000610351562,8476300,42164200,23674500,0
2025-03-28,284.05999755859375,547.9507446289062,84.61244201660156,21.649999618530273,284.05999755859375,555.6599731445312,90.13999938964844,21.649999618530273,284.6400146484375,566.27001953125,90.33999633789062,22.18000030517578,282.8599853515625,555.0700073242188,89.80999755859375,18.920000076293945,283.82000732421875,565.530029296875,89.87999725341797,19.079999923706055,9563700,71662700,39869400,0
2025-03-31,288.1400146484375,551.62890625,85.4478530883789,22.280000686645508,288.1400146484375,559.3900146484375,91.02999877929688,22.280000686645508,288.3900146484375,560.7100219726562,91.33999633789062,24.799999237060547,285.8500061035156,546.8699951171875,90.36000061035156,21.670000076293945,287.5299987792969,549.8300170898438,91.2300033569336,24.110000610351562,13925100,95328200,38824300,0
2025-04-01,287.57000732421875,553.18701171875,86.18830108642578,21.770000457763672,287.57000732421875,560.969970703125,91.48999786376953,21.770000457763672,289.1300048828125,562.9400024414062,91.91000366210938,23.520000457763672,285.9100036621094,553.6799926757812,91.20999908447266,21.579999923706055,288.5400085449219,557.4500122070312,91.25,22.059999465942383,15923600,54609600,39800100,0
2025-04-02,288.1600036621094,556.6878051757812,86.13179779052734,21.510000228881836,288.1600036621094,564.52001953125,91.43000030517578,21.510000228881836,289.0299987792969,567.4199829101562,92.37000274658203,23.65999984741211,287.3599853515625,554.8099975585938,90.66000366210938,20.68000030517578,288.2799987792969,555.0499877929688,92.37000274658203,22.299999237060547,11074800,76014500,43488400,0
2025-04-03,286.4200134277344,529.2537841796875,86.52745819091797,30.020000457763672,286.4200134277344,536.7000122070312,91.8499984741211,30.020000457763672,289.0899963378906,547.969970703125,92.7300033569336,30.020000457763672,282.45001220703125,536.7000122070312,91.83999633789062,24.93000030517578,282.7799987792969,545.1099853515625,92.5199966430664,26.3799991607666,20524400,125986000,57467400,0
2025-04-04,279.7200012207031,498.2696838378906,87.46949005126953,45.310001373291016,279.7200012207031,505.2799987792969,92.8499984741211,45.310001373291016,284.0299987792969,525.8699951171875,94.08999633789062,45.61000061035156,278.0199890136719,505.05999755859375,92.81999969482422,29.989999771118164,283.6400146484375,523.6699829101562,93.6500015258789,30.1200008392334,21517200,217965100,92794200,0
2025-04-07,273.7099914550781,497.3821716308594,84.8317642211914,46.97999954223633,273.7099914550781,504.3800048828125,90.05000305175781,46.97999954223633,280.1400146484375,523.1699829101562,92.19000244140625,60.130001068115234,272.5799865722656,481.79998779296875,89.80000305175781,38.58000183105469,278.8599853515625,489.19000244140625,91.87999725341797,60.130001068115234,19807000,256611400,124987600,0
2025-04-08,275.20001220703125,489.5918273925781,83.23026275634766,52.33000183105469,275.20001220703125,496.4800109863281,88.3499984741211,52.33000183105469,278.32000732421875,524.97998046875,90.19999694824219,57.52000045776367,274.239990234375,489.1600036621094,88.22000122070312,36.47999954223633,277.8699951171875,521.8599853515625,89.27999877929688,44.040000915527344,12639500,165816600,73861900,0
2025-04-09,285.3800048828125,541.0084838867188,83.72013092041016,33.619998931884766,285.3800048828125,548.6199951171875,88.87000274658203,33.619998931884766,285.8699951171875,548.6199951171875,88.91000366210938,57.959999084472656,281.0400085449219,493.04998779296875,85.88999938964844,31.899999618530273,282.2200012207031,493.44000244140625,87.2699966430664,50.97999954223633,25342200,241867300,131353500,0
2025-04-10,292.3500061035156,517.3018798828125,81.41210174560547,40.720001220703125,292.3500061035156,524.5800170898438,86.41999816894531,40.720001220703125,292.8599853515625,533.5,88.18000030517578,54.869998931884766,287.2300109863281,509.32000732421875,86.3499984741211,34.439998626708984,288.80999755859375,532.1699829101562,87.73999786376953,34.439998626708984,19837800,162331200,78592000,0
2025-04-11,297.92999267578125,526.5321044921875,81.85486602783203,37.560001373291016,297.92999267578125,533.9400024414062,86.88999938964844,37.560001373291016,299.2699890136719,536.4299926757812,87.30000305175781,46.119998931884766,296.80999755859375,520.0700073242188,85.0,36.849998474121094,297.9599914550781,523.010009765625,85.87000274658203,40.79999923706055,21080100,97866300,94814100,0
2025-04-14,296.2300109863281,531.64013671875,82.43893432617188,30.889999389648438,296.2300109863281,539.1199951171875,87.51000213623047,30.889999389648438,296.5799865722656,544.280029296875,87.70999908447266,35.16999816894531,294.5299987792969,533.8599853515625,86.81999969482422,29.75,295.5400085449219,544.0499877929688,87.4000015258789,34.7599983215332,12427600,68034000,37596400,0
2025-04-15,297.7799987792969,530.1511840820312,82.73097229003906,30.1200008392334,297.7799987792969,537.6099853515625,87.81999969482422,30.1200008392334,298.0199890136719,543.22998046875,88.19000244140625,31.450000762939453,296.0899963378906,536.8099975585938,87.04000091552734,28.290000915527344,296.92999267578125,539.6699829101562,87.1500015258789,30.010000228881836,7924100,56892900,22553900,0
2025-04-16,307.4700012207031,518.3668823242188,83.19258117675781,32.63999938964844,307.4700012207031,525.6599731445312,88.30999755859375,32.63999938964844,308.05999755859375,537.8900146484375,88.5,34.959999084472656,303.79998779296875,520.2899780273438,87.47000122070312,29.479999542236328,304.6499938964844,531.6799926757812,87.80000305175781,33.2400016784668,20778100,83484800,35607300,0
2025-04-17,306.1199951171875,519.1065063476562,82.45777893066406,29.649999618530273,306.1199951171875,526.4099731445312,87.52999877929688,29.649999618530273,307.1300048828125,531.1699829101562,88.19999694824219,32.54999923706055,302.7300109863281,523.9099731445312,87.2300033569336,29.56999969482422,306.30999755859375,527.6400146484375,88.04000091552734,30.790000915527344,18287800,79868100,31758400,0
2025-04-21,315.5899963378906,506.7503356933594,81.01644897460938,33.81999969482422,315.5899963378906,513.8800048828125,86.0,33.81999969482422,316.4100036621094,521.7000122070312,87.06999969482422,35.75,313.95001220703125,508.4599914550781,85.9800033569336,31.790000915527344,315.0199890136719,521.1599731445312,86.5999984741211,32.75,20372300,69368100,39343200,0
2025-04-22,311.1099853515625,519.9348754882812,81.46864318847656,30.56999969482422,311.1099853515625,527.25,86.4800033569336,30.56999969482422,317.6300048828125,529.2999877929688,87.0199966430664,32.68000030517578,310.3599853515625,519.1900024414062,86.4000015258789,30.079999923706055,317.489990234375,520.1400146484375,86.81999969482422,32.61000061035156,35242300,75948100,32552100,0
2025-04-23,303.6499938964844,527.9915161132812,82.25995635986328,28.450000762939453,303.6499938964844,535.4199829101562,87.31999969482422,28.450000762939453,304.739990234375,545.4299926757812,89.05999755859375,30.290000915527344,300.5899963378906,533.8800048828125,87.16999816894531,27.110000610351562,304.17999267578125,540.4299926757812,88.87999725341797,28.75,25421500,90590700,44082200,0
2025-04-24,308.07000732421875,539.1051025390625,83.12664031982422,26.469999313354492,308.07000732421875,546.6900024414062,88.23999786376953,26.469999313354492,308.5,547.4299926757812,88.3499984741211,29.65999984741211,304.7099914550781,535.4500122070312,87.76000213623047,26.360000610351562,306.9800109863281,536.719970703125,88.02999877929688,28.690000534057617,10845000,64150400,24190800,0
2025-04-25,304.7300109863281,543.0003662109375,83.73898315429688,24.84000015258789,304.7300109863281,550.6400146484375,88.88999938964844,24.84000015258789,305.3699951171875,551.0499877929688,89.11000061035156,27.200000762939453,301.010009765625,543.6900024414062,88.5999984741211,24.84000015258789,301.7799987792969,546.6500244140625,88.9000015258789,26.219999313354492,10691600,61119600,22513900,0
2025-04-28,309.07000732421875,543.2074584960938,84.26651000976562,25.149999618530273,309.07000732421875,550.8499755859375,89.44999694824219,25.149999618530273,309.1099853515625,553.5499877929688,89.52999877929688,26.93000030517578,302.9700012207031,545.02001953125,88.61000061035156,24.700000762939453,304.1499938964844,551.3900146484375,88.66000366210938,25.75,9375500,47613800,20130500,0
2025-04-29,306.05999755859375,546.6292724609375,84.97306823730469,24.170000076293945,306.05999755859375,554.3200073242188,90.19999694824219,24.170000076293945,306.95001220703125,555.4500122070312,90.20999908447266,25.989999771118164,304.0,548.5499877929688,89.30000305175781,23.760000228881836,305.80999755859375,548.9099731445312,89.31999969482422,24.760000228881836,6852100,47775100,22129500,0
2025-04-30,303.7699890136719,546.84619140625,84.28536224365234,24.700000762939453,303.7699890136719,554.5399780273438,89.47000122070312,24.700000762939453,306.07000732421875,556.52001953125,90.05000305175781,28.170000076293945,303.44000244140625,541.52001953125,89.33000183105469,24.229999542236328,304.6099853515625,547.5700073242188,89.77999877929688,24.350000381469727,8331900,93101500,42630600,0
2025-05-01,297.4599914550781,550.7217407226562,83.85799407958984,24.600000381469727,297.4599914550781,558.469970703125,88.69000244140625,24.600000381469727,297.94000244140625,564.0700073242188,89.27999877929688,25.18000030517578,295.32000732421875,557.8599853515625,88.30000305175781,23.299999237060547,297.4100036621094,560.3699951171875,89.26000213623047,23.940000534057617,14969100,63186100,29932800,0
2025-05-02,297.9800109863281,558.8966674804688,82.95030212402344,22.68000030517578,297.9800109863281,566.760009765625,87.7300033569336,22.68000030517578,300.8500061035156,568.3800048828125,88.06999969482422,24.31999969482422,297.0299987792969,562.3800048828125,87.54000091552734,22.34000015258789,300.1700134277344,564.72998046875,87.70999908447266,23.6299991607666,8678400,60717300,32090400,0
2025-05-05,306.8800048828125,555.6918334960938,82.48699951171875,23.639999389648438,306.8800048828125,563.510009765625,87.23999786376953,23.639999389648438,307.6499938964844,566.6500244140625,87.41000366210938,24.6299991607666,304.67999267578125,561.7000122070312,86.83000183105469,22.809999465942383,305.9200134277344,562.5700073242188,87.3499984741211,24.25,8924000,38659200,22862800,0
2025-05-06,315.4800109863281,551.0471801757812,82.76118469238281,24.760000228881836,315.4800109863281,558.7999877929688,87.52999877929688,24.760000228881836,315.6199951171875,563.3499755859375,87.52999877929688,25.110000610351562,311.3999938964844,556.9600219726562,86.63999938964844,23.899999618530273,313.1199951171875,557.9299926757812,86.80000305175781,23.969999313354492,11445300,48264700,21095200,0
2025-05-07,310.75,553.3645629882812,83.11103820800781,23.549999237060547,310.75,561.1500244140625,87.9000015258789,23.549999237060547,313.260009765625,563.8200073242188,88.20999908447266,25.6200008392334,310.0799865722656,556.0399780273438,87.81999969482422,23.290000915527344,312.1000061035156,560.1500244140625,87.91999816894531,24.559999465942383,7888300,55588000,23161600,0
2025-05-08,304.6300048828125,557.2202758789062,82.18441772460938,22.479999542236328,304.6300048828125,565.0599975585938,86.91999816894531,22.479999542236328,310.4800109863281,570.3099975585938,88.05999755859375,23.610000610351562,303.04998779296875,561.7000122070312,86.88999938964844,21.8799991607666,309.760009765625,565.239990234375,88.0199966430664,22.84000015258789,11927600,65130800,25483700,0
2025-05-09,306.8399963378906,556.5103149414062,82.30732727050781,21.899999618530273,306.8399963378906,564.3400268554688,87.05000305175781,21.899999618530273,308.57000732421875,567.5,87.30999755859375,22.81999969482422,306.010009765625,562.760009765625,86.91999816894531,21.829999923706055,307.7900085449219,566.47998046875,87.0,22.399999618530273,6913100,37603400,17007900,0
2025-05-12,298.19000244140625,574.9015502929688,81.54146575927734,18.389999389648438,298.19000244140625,582.989990234375,86.23999786376953,18.389999389648438,299.4700012207031,583.0,86.77999877929688,20.440000534057617,296.82000732421875,577.0399780273438,86.19000244140625,18.139999389648438,298.3299865722656,581.469970703125,86.37999725341797,19.84000015258789,14375900,78993600,32115000,0
2025-05-13,299.4599914550781,578.6981201171875,81.21054077148438,18.219999313354492,299.4599914550781,586.8400268554688,85.88999938964844,18.219999313354492,300.29998779296875,589.0800170898438,86.29000091552734,18.850000381469727,297.239990234375,582.8400268554688,85.5,17.649999618530273,299.0199890136719,583.4099731445312,86.12999725341797,18.690000534057617,10233600,67947200,53912200,0
2025-05-14,293.1600036621094,579.4376220703125,80.67157745361328,18.6200008392334,293.1600036621094,587.5900268554688,85.31999969482422,18.6200008392334,294.79998779296875,588.97998046875,85.87000274658203,18.81999969482422,291.9599914550781,585.5399780273438,85.19999694824219,18.059999465942383,293.6700134277344,587.8099975585938,85.75,18.100000381469727,14800600,66283500,42119800,0
2025-05-15,297.8399963378906,582.2678833007812,81.3807373046875,17.829999923706055,297.8399963378906,590.4600219726562,86.06999969482422,17.829999923706055,297.8999938964844,590.969970703125,86.31999969482422,19.3799991607666,293.75,585.0999755859375,85.4800033569336,17.770000457763672,294.1000061035156,585.5599975585938,85.62999725341797,19.190000534057617,13497700,71268100,59448000,0
2025-05-16,294.239990234375,585.9559936523438,81.59820556640625,17.239999771118164,294.239990234375,594.2000122070312,86.30000305175781,17.239999771118164,294.5799865722656,594.5,86.88999938964844,17.959999084472656,291.7799987792969,589.280029296875,86.19999694824219,17.149999618530273,292.6199951171875,591.25,86.87000274658203,17.959999084472656,14173000,76052100,31778200,0
2025-05-19,298.0299987792969,586.596923828125,81.36182403564453,18.139999389648438,298.0299987792969,594.8499755859375,86.05000305175781,18.139999389648438,298.5799865722656,595.5399780273438,86.12000274658203,19.920000076293945,296.4800109863281,588.0999755859375,84.83000183105469,17.920000076293945,297.8500061035156,588.0999755859375,84.91000366210938,19.84000015258789,11656300,68168500,49361900,0
2025-05-20,303.5799865722656,584.6246948242188,80.77558898925781,18.09000015258789,303.5799865722656,592.8499755859375,85.43000030517578,18.09000015258789,303.67999267578125,594.0499877929688,85.5999984741211,18.68000030517578,298.29998779296875,589.5999755859375,85.05999755859375,17.700000762939453,298.3500061035156,593.0900268554688,85.43000030517578,18.459999084472656,12851000,60614500,35493100,0
2025-05-21,305.82000732421875,574.7733154296875,79.39514923095703,20.8700008392334,305.82000732421875,582.8599853515625,83.97000122070312,20.8700008392334,306.4599914550781,592.5800170898438,85.05999755859375,21.049999237060547,303.6700134277344,581.8200073242188,83.76000213623047,17.770000457763672,304.54998779296875,588.4400024414062,84.68000030517578,18.770000457763672,12414500,95197700,77053100,0
2025-05-22,303.1099853515625,575.0001831054688,79.81117248535156,20.280000686645508,303.1099853515625,583.0900268554688,84.41000366210938,20.280000686645508,305.2799987792969,586.6199951171875,84.43000030517578,22.06999969482422,302.1000061035156,581.4099731445312,83.30000305175781,19.639999389648438,305.0899963378906,582.6599731445312,83.5199966430664,20.6200008392334,9704200,70860400,61747900,0
2025-05-23,309.75,571.0753173828125,79.94355010986328,22.290000915527344,309.75,579.1099853515625,84.55000305175781,22.290000915527344,310.25,581.8099975585938,84.81999969482422,25.530000686645508,307.4700012207031,575.5999755859375,84.30999755859375,19.829999923706055,308.8599853515625,575.97998046875,84.7699966430664,20.139999389648438,13339500,76029000,47139200,0
2025-05-27,304.5,582.9483032226562,81.05925750732422,18.959999084472656,304.5,591.1500244140625,85.7300033569336,18.959999084472656,304.8800048828125,591.3099975585938,86.02999877929688,21.010000228881836,302.739990234375,578.4299926757812,85.1500015258789,18.950000762939453,303.80999755859375,586.0700073242188,85.3499984741211,20.6299991607666,9578500,72588500,56773400,0
2025-05-28,303.80999755859375,579.5757446289062,80.70941162109375,19.309999465942383,303.80999755859375,587.72998046875,85.36000061035156,19.309999465942383,304.989990234375,592.77001953125,85.54000091552734,19.43000030517578,303.05999755859375,586.989990234375,84.97000122070312,18.68000030517578,304.6400146484375,591.5599975585938,85.41000366210938,19.209999084472656,8803300,68445500,34806800,0
2025-05-29,305.6099853515625,581.8635864257812,81.45638275146484,19.18000030517578,305.6099853515625,590.0499877929688,86.1500015258789,19.18000030517578,306.8900146484375,593.2000122070312,86.26000213623047,20.200000762939453,304.4599914550781,586.0700073242188,85.63999938964844,18.110000610351562,305.739990234375,593.0599975585938,85.7699966430664,18.25,9487900,69973300,38933200,0
2025-05-30,303.6000061035156,581.2127685546875,81.57926940917969,18.56999969482422,303.6000061035156,589.3900146484375,86.27999877929688,18.56999969482422,304.0199890136719,591.1300048828125,86.47000122070312,20.549999237060547,301.5,583.239990234375,85.87999725341797,18.56999969482422,303.6400146484375,588.9299926757812,86.08999633789062,19.610000610351562,9553300,90601200,49042100,0
2025-06-02,311.6700134277344,584.4866943359375,80.82005310058594,18.360000610351562,311.6700134277344,592.7100219726562,85.16000366210938,18.360000610351562,311.7200012207031,592.7899780273438,85.47000122070312,20.450000762939453,308.7200012207031,585.0599975585938,84.79000091552734,18.360000610351562,309.2099914550781,587.760009765625,85.29000091552734,19.809999465942383,13593200,61630500,46213100,0
2025-06-03,308.9100036621094,587.8197631835938,80.67770385742188,17.690000534057617,308.9100036621094,596.0900268554688,85.01000213623047,17.690000534057617,309.55999755859375,597.0800170898438,85.73999786376953,19.209999084472656,307.1499938964844,591.8499755859375,84.88999938964844,17.639999389648438,309.55999755859375,592.3400268554688,85.44000244140625,18.829999923706055,9315100,63606200,33731300,0
2025-06-04,310.8999938964844,587.6619873046875,81.98738098144531,17.610000610351562,310.8999938964844,595.9299926757812,86.38999938964844,17.610000610351562,311.8800048828125,597.9500122070312,86.6500015258789,18.06999969482422,308.739990234375,595.489990234375,85.6500015258789,17.40999984741211,309.4100036621094,596.9600219726562,85.79000091552734,17.68000030517578,7462500,57314200,57441500,0
2025-06-05,309.3299865722656,584.8218994140625,82.0443115234375,18.479999542236328,309.3299865722656,593.0499877929688,86.44999694824219,18.479999542236328,312.20001220703125,599.0,86.93000030517578,18.799999237060547,307.6499938964844,591.0499877929688,86.22000122070312,17.079999923706055,311.239990234375,597.6300048828125,86.68000030517578,17.68000030517578,10817800,92278700,37664700,0
2025-06-06,305.17999267578125,590.827392578125,81.00037384033203,16.770000457763672,305.17999267578125,599.1400146484375,85.3499984741211,16.770000457763672,309.20001220703125,600.8300170898438,85.93000030517578,18.350000381469727,305.1000061035156,596.8599853515625,85.27999877929688,16.649999618530273,309.0899963378906,598.6599731445312,85.79000091552734,18.15999984741211,7787500,66588700,38130100,0
2025-06-09,306.6199951171875,591.3599243164062,81.08578491210938,17.15999984741211,306.6199951171875,599.6799926757812,85.44000244140625,17.15999984741211,307.6099853515625,601.25,85.63999938964844,17.719999313354492,305.05999755859375,598.489990234375,85.04000091552734,16.81999969482422,305.3900146484375,599.719970703125,85.04000091552734,17.690000534057617,7159000,53016400,26560800,0
2025-06-10,306.7099914550781,594.7128295898438,81.50336456298828,16.950000762939453,306.7099914550781,603.0800170898438,85.87999725341797,16.950000762939453,308.6000061035156,603.469970703125,86.18000030517578,17.989999771118164,305.8699951171875,599.0900268554688,85.5199966430664,16.68000030517578,308.30999755859375,600.219970703125,86.0999984741211,17.5,7071700,66247000,24857000,0
2025-06-11,308.3699951171875,593.0166625976562,81.7501220703125,17.260000228881836,308.3699951171875,601.3599853515625,86.13999938964844,17.260000228881836,308.6199951171875,605.0599975585938,86.4000015258789,18.09000015258789,305.8500061035156,599.27001953125,85.70999908447266,16.229999542236328,307.5,604.1900024414062,85.80999755859375,17.040000915527344,9248800,73658200,36334800,0
2025-06-12,312.20001220703125,595.3734741210938,82.72763061523438,18.020000457763672,312.20001220703125,603.75,87.16999816894531,18.020000457763672,313.1000061035156,603.75,87.19999694824219,18.8700008392334,311.1499938964844,599.52001953125,86.5999984741211,17.43000030517578,311.739990234375,600.010009765625,86.88999938964844,17.8700008392334,11531400,64129000,43017800,0
2025-06-13,316.2900085449219,588.7171630859375,81.93043518066406,20.81999969482422,316.2900085449219,597.0,86.33000183105469,20.81999969482422,317.6000061035156,601.8499755859375,86.87999725341797,22.0,315.0400085449219,595.47998046875,85.77999877929688,18.8799991607666,317.260009765625,598.5,86.7300033569336,21.760000228881836,16592900,89506000,49374000,0
2025-06-16,311.7799987792969,594.3182983398438,81.10477447509766,19.110000610351562,311.7799987792969,602.6799926757812,85.45999908447266,19.110000610351562,314.8699951171875,604.4500122070312,86.43000030517578,20.219999313354492,311.6499938964844,600.219970703125,85.45999908447266,18.670000076293945,314.79998779296875,600.4000244140625,86.08000183105469,19.780000686645508,12848400,79984100,36496600,0
2025-06-17,311.94000244140625,589.2398681640625,82.09176635742188,21.600000381469727,311.94000244140625,597.530029296875,86.5,21.600000381469727,313.0,601.75,86.66000366210938,21.790000915527344,310.1199951171875,596.760009765625,85.75,19.549999237060547,312.6600036621094,600.2100219726562,86.0,20.530000686645508,8234100,82209400,34521600,0
2025-06-18,310.260009765625,589.1510009765625,82.23413848876953,20.139999389648438,310.260009765625,597.4400024414062,86.6500015258789,20.139999389648438,312.9800109863281,601.219970703125,87.08999633789062,21.579999923706055,309.8599853515625,596.469970703125,86.3499984741211,19.59000015258789,312.8900146484375,598.4400024414062,86.87999725341797,20.899999618530273,9370800,76605000,38589000,0
2025-06-20,310.1300048828125,587.7673950195312,82.08226776123047,20.6200008392334,310.1300048828125,594.280029296875,86.48999786376953,20.6200008392334,310.8900146484375,599.4600219726562,86.79000091552734,21.06999969482422,309.25,592.8599853515625,85.94999694824219,19.110000610351562,309.3299865722656,598.3800048828125,86.13999938964844,20.739999771118164,8794700,94051400,26001900,0
2025-06-23,311.0799865722656,593.5730590820312,82.34800720214844,19.829999923706055,311.0799865722656,600.1500244140625,86.7699966430664,19.829999923706055,312.6700134277344,600.5399780273438,87.44000244140625,22.510000228881836,310.30999755859375,591.8900146484375,86.7699966430664,19.81999969482422,310.3399963378906,595.0399780273438,86.93000030517578,21.149999618530273,12687900,87426000,36851800,0
2025-06-24,306.19000244140625,600.13037109375,82.94590759277344,17.479999542236328,306.19000244140625,606.780029296875,87.4000015258789,17.479999542236328,306.3399963378906,607.8499755859375,87.58999633789062,18.719999313354492,303.5400085449219,603.4099731445312,86.43000030517578,17.329999923706055,305.07000732421875,604.3300170898438,86.47000122070312,18.190000534057617,12035200,67735300,32959100,0
2025-06-25,307.1199951171875,600.4666748046875,83.05029296875,16.760000228881836,307.1199951171875,607.1199951171875,87.51000213623047,16.760000228881836,307.3599853515625,608.6099853515625,87.51000213623047,17.510000228881836,305.1199951171875,605.5399780273438,86.80000305175781,16.68000030517578,305.30999755859375,607.9099731445312,87.11000061035156,17.280000686645508,6733200,62114800,26345300,0
2025-06-26,306.7799987792969,605.1646728515625,83.46788024902344,16.59000015258789,306.7799987792969,611.8699951171875,87.94999694824219,16.59000015258789,307.2799987792969,612.3099975585938,87.94999694824219,16.780000686645508,304.8599853515625,608.3699951171875,87.19999694824219,16.110000610351562,305.7699890136719,608.989990234375,87.58999633789062,16.670000076293945,6787500,78548400,30467500,0
2025-06-27,301.2200012207031,608.1713256835938,82.93640899658203,16.31999969482422,301.2200012207031,614.9099731445312,87.38999938964844,16.31999969482422,302.3599853515625,616.3900146484375,88.16000366210938,17.290000915527344,299.8900146484375,610.8300170898438,87.23999786376953,16.1200008392334,300.0299987792969,612.8800048828125,87.56999969482422,16.309999465942383,13301300,86258400,74993500,0
2025-06-30,304.8299865722656,611.0791015625,83.75259399414062,16.729999542236328,304.8299865722656,617.8499755859375,88.25,16.729999542236328,304.9200134277344,619.219970703125,88.44000244140625,17.43000030517578,301.95001220703125,615.0399780273438,87.61000061035156,16.549999237060547,302.3900146484375,617.3800048828125,87.86000061035156,17.190000534057617,8192100,92502500,53695200,0
2025-07-01,307.54998779296875,610.8812866210938,83.96025085449219,16.829999923706055,307.54998779296875,617.6500244140625,88.13999938964844,16.829999923706055,309.0,618.8300170898438,88.30999755859375,17.479999542236328,307.3599853515625,615.52001953125,87.66000366210938,16.510000228881836,308.55999755859375,616.3599853515625,88.12999725341797,16.979999542236328,9335600,70030100,38960600,0
2025-07-02,309.25,613.6505737304688,83.42681121826172,16.639999389648438,309.25,620.4500122070312,87.58000183105469,16.639999389648438,309.3999938964844,620.489990234375,87.58999633789062,17.3700008392334,306.9599914550781,616.6099853515625,87.0999984741211,16.540000915527344,308.0400085449219,617.239990234375,87.19000244140625,16.75,8316400,66510400,39382200,0
2025-07-03,307.1400146484375,618.4869995117188,82.8457260131836,16.3799991607666,307.1400146484375,625.3400268554688,86.97000122070312,16.3799991607666,307.57000732421875,626.280029296875,87.29000091552734,16.829999923706055,306.1499938964844,622.4299926757812,86.8499984741211,16.139999389648438,307.04998779296875,622.4500122070312,87.16999816894531,16.649999618530273,5275800,51065800,26729100,0
2025-07-07,307.3699951171875,613.8781127929688,82.05509185791016,17.790000915527344,307.3699951171875,620.6799926757812,86.13999938964844,17.790000915527344,307.7099914550781,624.030029296875,86.55999755859375,18.5,304.5299987792969,617.8699951171875,85.91999816894531,17.510000228881836,305.07000732421875,623.3599853515625,86.54000091552734,17.829999923706055,7351600,74814500,38314700,0
2025-07-08,304.1600036621094,613.5418090820312,81.95030975341797,16.809999465942383,304.1600036621094,620.3400268554688,86.02999877929688,16.809999465942383,306.45001220703125,622.1099853515625,86.04000091552734,17.440000534057617,302.7699890136719,619.52001953125,85.44000244140625,16.540000915527344,306.29998779296875,621.3499755859375,85.56999969482422,17.40999984741211,11840500,59024600,31407000,0
2025-07-09,305.5199890136719,617.2210083007812,82.80763244628906,15.9399995803833,305.5199890136719,624.0599975585938,86.93000030517578,15.9399995803833,305.5400085449219,624.719970703125,86.93000030517578,16.760000228881836,303.2300109863281,620.9099731445312,86.18000030517578,15.760000228881836,303.5799865722656,622.77001953125,86.19000244140625,16.760000228881836,10644100,66113300,29821900,0
2025-07-10,306.20001220703125,618.9617309570312,82.86478424072266,15.779999732971191,306.20001220703125,625.8200073242188,86.98999786376953,15.779999732971191,306.510009765625,626.8699951171875,87.05999755859375,16.239999771118164,304.82000732421875,623.010009765625,86.48999786376953,15.699999809265137,306.1099853515625,624.2000122070312,86.83000183105469,16.229999542236328,7053700,57529000,24525500,0
2025-07-11,309.1400146484375,616.7858276367188,81.7216796875,16.399999618530273,309.1400146484375,623.6199951171875,85.79000091552734,16.399999618530273,310.2799987792969,624.8599853515625,86.2699966430664,17.239999771118164,308.5199890136719,621.530029296875,85.63999938964844,15.979999542236328,308.8599853515625,622.739990234375,86.2300033569336,16.40999984741211,9187300,63670200,40764800,0
2025-07-14,308.010009765625,617.9627075195312,81.55023193359375,17.200000762939453,308.010009765625,624.8099975585938,85.61000061035156,17.200000762939453,309.3800048828125,625.1599731445312,85.87999725341797,17.850000381469727,307.7300109863281,621.7999877929688,85.31999969482422,16.90999984741211,309.07000732421875,623.1599731445312,85.54000091552734,17.729999542236328,5772900,51898500,24609500,0
2025-07-15,306.7300109863281,615.3220825195312,80.97867584228516,17.3799991607666,306.7300109863281,622.1400146484375,85.01000213623047,17.3799991607666,308.739990234375,627.8599853515625,85.91000366210938,17.389999389648438,305.7900085449219,622.0599975585938,84.9000015258789,16.559999465942383,307.7300109863281,627.52001953125,85.88999938964844,16.889999389648438,8149000,74317300,40455000,0
2025-07-16,308.260009765625,617.3792114257812,81.09298706054688,17.15999984741211,308.260009765625,624.219970703125,85.12999725341797,17.15999984741211,311.0899963378906,624.72998046875,85.66000366210938,19.479999542236328,305.7300109863281,618.0499877929688,84.19000244140625,16.690000534057617,307.1099853515625,623.739990234375,85.27999877929688,17.65999984741211,17693100,88987500,65987700,0
2025-07-17,307.5899963378906,621.1573486328125,81.07393646240234,16.520000457763672,307.5899963378906,628.0399780273438,85.11000061035156,16.520000457763672,307.6700134277344,628.4000244140625,85.48999786376953,17.3700008392334,305.1199951171875,624.1799926757812,84.98999786376953,16.479999542236328,305.5,624.4000244140625,85.22000122070312,17.15999984741211,6642300,68885700,31875500,0
2025-07-18,308.3900146484375,620.7024536132812,81.19776916503906,16.40999984741211,308.3900146484375,627.5800170898438,85.23999786376953,16.40999984741211,309.3699951171875,629.469970703125,85.45999908447266,16.809999465942383,308.32000732421875,626.4600219726562,85.0999984741211,16.280000686645508,309.239990234375,629.2999877929688,85.43000030517578,16.43000030517578,5574300,65621600,27534900,0
2025-07-21,313.1300048828125,621.87939453125,81.9217300415039,16.649999618530273,313.1300048828125,628.77001953125,86.0,16.649999618530273,313.30999755859375,631.5399780273438,86.51000213623047,16.989999771118164,311.6099853515625,628.3400268554688,85.95999908447266,16.299999237060547,311.8800048828125,628.77001953125,86.22000122070312,16.8700008392334,10995800,63375000,40019500,0
2025-07-22,316.1000061035156,621.9683837890625,82.41705322265625,16.5,316.1000061035156,628.8599853515625,86.5199966430664,16.5,316.239990234375,629.72998046875,86.7699966430664,17.479999542236328,313.6199951171875,626.1900024414062,86.11000061035156,16.43000030517578,314.4800109863281,629.0999755859375,86.16999816894531,16.75,13691800,60046300,35190300,0
2025-07-23,312.17999267578125,627.2598266601562,81.95985412597656,15.369999885559082,312.17999267578125,634.2100219726562,86.04000091552734,15.369999885559082,314.9599914550781,634.2100219726562,86.19999694824219,16.31999969482422,311.4200134277344,629.72998046875,85.79000091552734,15.319999694824219,314.0,631.5499877929688,86.05000305175781,16.229999542236328,10547500,70511000,31008500,0
2025-07-24,310.2699890136719,627.4674682617188,81.81694793701172,15.390000343322754,310.2699890136719,634.4199829101562,85.88999938964844,15.390000343322754,310.989990234375,636.1500244140625,86.23999786376953,15.539999961853027,309.05999755859375,633.989990234375,85.51000213623047,14.949999809265137,309.2900085449219,634.5999755859375,85.55000305175781,15.390000343322754,7698800,71307100,25164800,0
2025-07-25,307.3999938964844,630.1180419921875,82.33132934570312,14.930000305175781,307.3999938964844,637.0999755859375,86.43000030517578,14.930000305175781,308.30999755859375,637.5800170898438,86.44000244140625,15.390000343322754,306.20001220703125,634.8400268554688,85.72000122070312,14.920000076293945,307.82000732421875,635.0900268554688,85.80000305175781,15.329999923706055,9376400,56865400,27196200,0
2025-07-28,305.4100036621094,629.9598388671875,81.79790496826172,15.029999732971191,305.4100036621094,636.9400024414062,85.87000274658203,15.029999732971191,306.5799865722656,638.0399780273438,86.19999694824219,15.539999961853027,304.04998779296875,635.5399780273438,85.83000183105469,15.0,306.44000244140625,637.47998046875,85.98999786376953,15.149999618530273,9275400,54917100,26812500,0
2025-07-29,306.25,628.2982788085938,83.17913818359375,15.979999542236328,306.25,635.260009765625,87.31999969482422,15.979999542236328,307.0299987792969,638.6699829101562,87.33999633789062,16.1200008392334,304.989990234375,634.3400268554688,86.19999694824219,14.699999809265137,305.79998779296875,638.3499755859375,86.2300033569336,14.949999809265137,5741100,60556300,47828300,0
2025-07-30,300.9599914550781,627.507080078125,82.75047302246094,15.479999542236328,300.9599914550781,634.4600219726562,86.87000274658203,15.479999542236328,304.6499938964844,637.6799926757812,86.95999908447266,17.270000457763672,300.9599914550781,631.5399780273438,86.55999755859375,15.4399995803833,304.4200134277344,635.9199829101562,86.7699966430664,15.869999885559082,13459600,80418900,40670900,0
2025-07-31,302.9599914550781,625.1531372070312,82.79810333251953,16.719999313354492,302.9599914550781,632.0800170898438,86.91999816894531,16.719999313354492,304.6099853515625,639.8499755859375,87.41000366210938,17.170000076293945,302.8599853515625,630.77001953125,86.83999633789062,14.739999771118164,304.5899963378906,639.4600219726562,87.12999725341797,14.989999771118164,8981000,103385200,49814100,0
2025-08-01,309.1099853515625,614.9066162109375,83.97520446777344,20.3799991607666,309.1099853515625,621.719970703125,87.81999969482422,20.3799991607666,309.54998779296875,626.3400268554688,87.93000030517578,21.899999618530273,307.45001220703125,619.2899780273438,87.5199966430664,17.389999389648438,308.6099853515625,626.2999877929688,87.55999755859375,17.399999618530273,12843400,140103600,63434500,0
2025-08-04,310.9100036621094,624.2530517578125,84.20470428466797,17.520000457763672,310.9100036621094,631.1699829101562,88.05999755859375,17.520000457763672,311.739990234375,631.219970703125,88.1500015258789,19.579999923706055,310.3699951171875,625.5800170898438,87.6500015258789,17.479999542236328,310.79998779296875,625.6699829101562,87.95999908447266,19.559999465942383,7639000,73218000,36425200,0
2025-08-05,311.1600036621094,621.088134765625,84.462890625,17.850000381469727,311.1600036621094,627.969970703125,88.33000183105469,17.850000381469727,312.239990234375,632.6099853515625,88.44999694824219,18.940000534057617,310.2200012207031,627.0399780273438,87.77999877929688,17.110000610351562,310.3699951171875,631.7899780273438,87.8499984741211,17.209999084472656,6997700,68051400,28586100,0
2025-08-06,310.5,625.845458984375,83.97520446777344,16.770000457763672,310.5,632.780029296875,87.81999969482422,16.770000457763672,311.239990234375,633.4400024414062,88.05000305175781,17.8799991607666,309.8399963378906,628.1300048828125,86.91999816894531,16.559999465942383,310.32000732421875,629.0499877929688,87.83999633789062,17.219999313354492,7418200,64357500,42589300,0
2025-08-07,313.1199951171875,625.3212280273438,83.83177947998047,16.56999969482422,313.1199951171875,632.25,87.66999816894531,16.56999969482422,313.1400146484375,636.97998046875,88.25,17.639999389648438,310.70001220703125,629.1099853515625,87.58999633789062,15.979999542236328,311.7200012207031,636.239990234375,87.91999816894531,16.40999984741211,10891500,74205800,29213100,0
2025-08-08,313.04998779296875,630.197265625,83.4684066772461,15.149999618530273,313.04998779296875,637.1799926757812,87.29000091552734,15.149999618530273,313.5299987792969,637.6500244140625,87.38999938964844,16.520000457763672,311.0,633.739990234375,87.1500015258789,15.149999618530273,312.3500061035156,634.0599975585938,87.36000061035156,16.479999542236328,19886800,64051600,21596300,0
2025-08-11,308.54998779296875,628.9510498046875,83.56402587890625,16.25,308.54998779296875,635.9199829101562,87.38999938964844,16.25,309.6600036621094,638.9500122070312,87.66999816894531,16.360000610351562,307.6300048828125,634.6599731445312,87.27999877929688,15.520000457763672,308.6199951171875,637.4600219726562,87.54000091552734,15.8100004196167,10326700,58742300,20100900,0
2025-08-12,308.2699890136719,635.6469116210938,83.1432876586914,14.729999542236328,308.2699890136719,642.6900024414062,86.94999694824219,14.729999542236328,309.30999755859375,642.8499755859375,86.97000122070312,16.559999465942383,306.7099914550781,636.7899780273438,86.55000305175781,14.65999984741211,308.2200012207031,638.2899780273438,86.9000015258789,16.09000015258789,9697400,64730800,41052300,0
2025-08-13,309.2099914550781,637.82275390625,83.83177947998047,14.489999771118164,309.2099914550781,644.8900146484375,87.66999816894531,14.489999771118164,310.3900146484375,646.1900024414062,87.80999755859375,14.8100004196167,308.45001220703125,642.6799926757812,87.43000030517578,14.300000190734863,309.1000061035156,644.9099731445312,87.44000244140625,14.619999885559082,4718600,60092800,30817500,0
2025-08-14,307.25,637.8821411132812,83.21023559570312,14.829999923706055,307.25,644.9500122070312,87.0199966430664,14.829999923706055,308.3399963378906,645.6199951171875,87.51000213623047,15.390000343322754,306.5199890136719,642.3400268554688,86.88999938964844,14.569999694824219,307.92999267578125,642.7899780273438,87.51000213623047,14.65999984741211,5817700,59327500,33397400,0
2025-08-15,307.42999267578125,636.388671875,82.61737060546875,15.09000015258789,307.42999267578125,643.4400024414062,86.4000015258789,15.09000015258789,308.0,646.0900268554688,86.77999877929688,15.180000305175781,306.8699951171875,642.52001953125,86.25,14.399999618530273,307.3399963378906,645.989990234375,86.66000366210938,14.430000305175781,5990100,68592500,36343600,0
2025-08-18,306.95001220703125,636.2501220703125,82.37833404541016,14.989999771118164,306.95001220703125,643.2999877929688,86.1500015258789,14.989999771118164,307.8900146484375,644.0,86.54000091552734,15.949999809265137,306.6300048828125,642.1799926757812,85.98999786376953,14.949999809265137,307.7900085449219,642.8599853515625,86.5,15.729999542236328,6150100,43804900,26777500,0
2025-08-19,305.2699890136719,632.7984008789062,82.8564453125,15.569999694824219,305.2699890136719,639.8099975585938,86.6500015258789,15.569999694824219,307.4800109863281,644.1099853515625,86.75,15.90999984741211,305.19000244140625,638.47998046875,86.44999694824219,14.760000228881836,306.760009765625,643.1199951171875,86.44999694824219,15.229999542236328,5029900,69750700,28780600,0
2025-08-20,308.3599853515625,631.1170043945312,83.0381088256836,15.6899995803833,308.3599853515625,638.1099853515625,86.83999633789062,15.6899995803833,308.4700012207031,639.6599731445312,86.97000122070312,17.190000534057617,307.3999938964844,632.9500122070312,86.55999755859375,15.569999694824219,307.5400085449219,639.4000244140625,86.58999633789062,15.949999809265137,6515400,88890300,25912500,0
2025-08-21,307.2900085449219,628.5850830078125,82.62694549560547,16.600000381469727,307.2900085449219,635.5499877929688,86.41000366210938,16.600000381469727,308.1499938964844,637.969970703125,86.68000030517578,17.239999771118164,307.0299987792969,633.8099975585938,86.11000061035156,15.649999618530273,307.8599853515625,636.280029296875,86.55999755859375,15.720000267028809,4809000,54805800,28643900,0
2025-08-22,310.5799865722656,638.2381591796875,83.2389144897461,14.220000267028809,310.5799865722656,645.3099975585938,87.05000305175781,14.220000267028809,311.0199890136719,646.5,87.30000305175781,16.829999923706055,306.42999267578125,637.25,86.72000122070312,14.210000038146973,306.5199890136719,637.760009765625,86.83000183105469,16.809999465942383,8526500,84083200,49871900,0
2025-08-25,309.8299865722656,635.42919921875,82.99987030029297,14.789999961853027,309.8299865722656,642.469970703125,86.80000305175781,14.789999961853027,310.8399963378906,645.2899780273438,87.05000305175781,15.1899995803833,309.6700134277344,642.3499755859375,86.6500015258789,14.239999771118164,309.6700134277344,644.0399780273438,86.7300033569336,15.050000190734863,4044400,51274300,27011900,0
2025-08-26,312.0799865722656,638.0897827148438,82.9520492553711,14.619999885559082,312.0799865722656,645.1599731445312,86.75,14.619999885559082,312.2099914550781,645.510009765625,86.79000091552734,15.75,310.30999755859375,641.5700073242188,86.22000122070312,14.619999885559082,310.6199951171875,642.2000122070312,86.51000213623047,15.75,11698500,51581600,30259300,0
2025-08-27,312.7099914550781,639.5436401367188,82.8564453125,14.850000381469727,312.7099914550781,646.6300048828125,86.6500015258789,14.850000381469727,312.9100036621094,647.3699951171875,86.66000366210938,15.229999542236328,310.7699890136719,644.4199829101562,86.0,14.65999984741211,311.3900146484375,644.5700073242188,86.11000061035156,14.65999984741211,4320100,48341100,38142800,0
2025-08-28,315.0299987792969,641.8085327148438,83.4014663696289,14.430000305175781,315.0299987792969,648.9199829101562,87.22000122070312,14.430000305175781,315.0799865722656,649.47998046875,87.26000213623047,14.6899995803833,313.07000732421875,645.3400268554688,86.66000366210938,14.119999885559082,313.32000732421875,647.239990234375,86.77999877929688,14.420000076293945,9610200,61519500,32205900,0
2025-08-29,318.07000732421875,637.98095703125,82.8086166381836,15.359999656677246,318.07000732421875,645.0499877929688,86.5999984741211,15.359999656677246,318.0899963378906,647.8400268554688,86.86000061035156,15.970000267028809,314.6400146484375,643.1400146484375,86.44000244140625,14.3100004196167,314.7200012207031,647.469970703125,86.76000213623047,14.3100004196167,15642600,74522200,41686400,0
2025-09-02,325.5899963378906,633.2533569335938,82.19239044189453,17.170000076293945,325.5899963378906,640.27001953125,85.62999725341797,17.170000076293945,325.9200134277344,640.489990234375,85.83999633789062,19.3799991607666,320.239990234375,634.9199829101562,85.4800033569336,16.549999237060547,320.82000732421875,637.5,85.62999725341797,16.649999618530273,21247500,81983500,48760600,0
2025-09-03,328.1400146484375,636.6853637695312,83.09465026855469,16.350000381469727,328.1400146484375,643.739990234375,86.56999969482422,16.350000381469727,329.45001220703125,644.2100219726562,86.80999755859375,17.56999969482422,326.7300109863281,640.4600219726562,85.88999938964844,16.34000015258789,327.760009765625,642.6699829101562,85.93000030517578,17.399999618530273,16062200,70820900,52499500,0
2025-09-04,326.69000244140625,642.00634765625,83.72816467285156,15.300000190734863,326.69000244140625,649.1199951171875,87.2300033569336,15.300000190734863,327.55999755859375,649.1500244140625,87.23999786376953,16.350000381469727,325.3500061035156,643.510009765625,86.58000183105469,15.279999732971191,327.0299987792969,644.4199829101562,87.0199966430664,16.219999313354492,11703100,65219200,40501600,0
2025-09-05,331.04998779296875,640.14697265625,85.00477600097656,15.180000305175781,331.04998779296875,647.239990234375,88.55999755859375,15.180000305175781,331.44000244140625,652.2100219726562,88.61000061035156,16.920000076293945,328.92999267578125,643.3300170898438,88.13999938964844,14.739999771118164,329.5299987792969,651.47998046875,88.22000122070312,15.229999542236328,16065200,85178900,69668000,0
2025-09-08,334.82000732421875,641.7195434570312,86.13739776611328,15.109999656677246,334.82000732421875,648.8300170898438,89.73999786376953,15.109999656677246,335.6700134277344,649.8400268554688,89.76000213623047,15.649999618530273,333.2300109863281,647.22998046875,89.12000274658203,14.989999771118164,333.6600036621094,648.6199951171875,89.16999816894531,15.579999923706055,18617300,63133100,54538700,0
2025-09-09,334.05999755859375,643.203125,85.64788055419922,15.039999961853027,334.05999755859375,650.3300170898438,89.2300033569336,15.039999961853027,338.30999755859375,650.8599853515625,89.55000305175781,15.819999694824219,333.8500061035156,647.219970703125,88.98999786376953,14.970000267028809,337.0299987792969,648.969970703125,89.4000015258789,15.020000457763672,21641900,66133900,37126400,0
2025-09-10,335.260009765625,645.0625610351562,86.13739776611328,15.350000381469727,335.260009765625,652.2100219726562,89.73999786376953,15.350000381469727,336.5,654.5499877929688,90.06999969482422,15.630000114440918,326.19000244140625,650.6300048828125,89.19000244140625,14.630000114440918,335.7300109863281,653.6199951171875,89.4000015258789,14.979999542236328,11945700,78034500,40713600,0
2025-09-11,334.760009765625,650.4231567382812,86.71331024169922,14.710000038146973,334.760009765625,657.6300048828125,90.33999633789062,14.710000038146973,335.1600036621094,658.3300170898438,90.4800033569336,15.239999771118164,332.9700012207031,653.5900268554688,89.9000015258789,14.649999618530273,333.3699951171875,654.1799926757812,89.91000366210938,15.1899995803833,9082600,69934400,46694400,0
2025-09-12,335.4200134277344,650.2054443359375,86.33895874023438,14.760000228881836,335.4200134277344,657.4099731445312,89.94999694824219,14.760000228881836,336.3900146484375,659.1099853515625,89.9800033569336,14.970000267028809,335.2300109863281,656.9000244140625,89.48999786376953,14.40999984741211,335.8800048828125,657.5999755859375,89.83000183105469,14.619999885559082,9619700,72780100,32968600,0
2025-09-15,338.9100036621094,653.6671142578125,86.54053497314453,15.6899995803833,338.9100036621094,660.9099731445312,90.16000366210938,15.6899995803833,339.2799987792969,661.0399780273438,90.45999908447266,15.84000015258789,336.2300109863281,659.3400268554688,90.06999969482422,14.920000076293945,336.30999755859375,659.6400146484375,90.1500015258789,15.140000343322754,10569900,63772400,24820100,0
2025-09-16,339.5899963378906,652.76708984375,86.72290802001953,16.360000610351562,339.5899963378906,660.0,90.3499984741211,16.360000610351562,340.8800048828125,661.780029296875,90.5,16.3799991607666,338.6199951171875,659.2100219726562,90.04000091552734,15.4399995803833,340.0899963378906,661.469970703125,90.08999633789062,15.600000381469727,12161500,61169000,26794200,0
2025-09-17,336.9700012207031,651.9561767578125,86.50213623046875,15.720000267028809,336.9700012207031,659.1799926757812,90.12000274658203,15.720000267028809,341.239990234375,661.719970703125,91.04000091552734,16.75,335.5199890136719,654.2999877929688,89.87000274658203,15.260000228881836,338.5299987792969,660.010009765625,90.70999908447266,16.420000076293945,16535300,101952200,49121800,0
2025-09-18,335.6199951171875,655.00244140625,85.6094741821289,15.699999809265137,335.6199951171875,662.260009765625,89.19000244140625,15.699999809265137,336.32000732421875,664.8900146484375,89.47000122070312,15.800000190734863,333.80999755859375,660.27001953125,88.9000015258789,14.329999923706055,336.2200012207031,661.8900146484375,89.26000213623047,14.930000305175781,14913300,90459200,55717900,0
2025-09-19,339.17999267578125,658.2465209960938,85.44629669189453,15.449999809265137,339.17999267578125,663.7000122070312,89.0199966430664,15.449999809265137,339.2300109863281,664.5499877929688,89.2300033569336,16.1299991607666,336.30999755859375,660.3699951171875,88.79000091552734,15.289999961853027,336.510009765625,662.3300170898438,89.06999969482422,15.760000228881836,14982600,97945600,32509200,0
2025-09-22,345.04998779296875,661.3607788085938,85.13914489746094,16.100000381469727,345.04998779296875,666.8400268554688,88.69999694824219,16.100000381469727,345.07000732421875,667.2899780273438,88.91000366210938,16.350000381469727,341.8399963378906,662.1699829101562,88.54000091552734,15.779999732971191,342.75,662.2000122070312,88.81999969482422,16.139999389648438,12386400,69452200,24758200,0
2025-09-23,346.4599914550781,657.7606201171875,85.73426055908203,16.639999389648438,346.4599914550781,663.2100219726562,89.31999969482422,16.639999389648438,348.75,667.3400268554688,89.36000061035156,17.06999969482422,345.32000732421875,661.97998046875,88.75,15.949999809265137,348.2300109863281,666.719970703125,88.97000122070312,16.100000381469727,18384000,81708900,26689000,0
2025-09-24,343.32000732421875,655.6678466796875,85.40792083740234,16.18000030517578,343.32000732421875,661.0999755859375,88.9800033569336,16.18000030517578,346.8299865722656,664.6099853515625,89.16000366210938,17.209999084472656,342.1400146484375,659.6699829101562,88.69999694824219,16.18000030517578,346.70001220703125,664.510009765625,89.08000183105469,16.56999969482422,12709100,68082200,28098000,0
2025-09-25,344.75,652.6429443359375,85.40792083740234,16.739999771118164,344.75,658.0499877929688,88.9800033569336,16.739999771118164,345.8299865722656,659.4099731445312,89.02999877929688,17.739999771118164,342.4700012207031,654.4099731445312,88.45999908447266,16.31999969482422,344.3900146484375,657.9400024414062,88.8499984741211,16.549999237060547,12639600,89622100,29882500,0
2025-09-26,346.739990234375,656.3820190429688,85.33110809326172,15.289999961853027,346.739990234375,661.8200073242188,88.9000015258789,15.289999961853027,348.25,662.3699951171875,89.47000122070312,17.049999237060547,345.30999755859375,657.8800048828125,88.69000244140625,15.289999961853027,345.8299865722656,659.510009765625,88.98999786376953,16.889999389648438,11698200,69179200,30955100,0
2025-09-29,352.4599914550781,658.2266845703125,86.03179931640625,16.1200008392334,352.4599914550781,663.6799926757812,89.62999725341797,16.1200008392334,352.8299865722656,665.280029296875,89.73999786376953,16.290000915527344,351.2799987792969,661.8599853515625,89.26000213623047,15.739999771118164,351.7900085449219,664.3599853515625,89.29000091552734,15.84000015258789,15719600,73499000,32286200,0
2025-09-30,355.4700012207031,660.7061157226562,85.7822494506836,16.280000686645508,355.4700012207031,666.1799926757812,89.37000274658203,16.280000686645508,355.57000732421875,666.6500244140625,90.04000091552734,16.700000762939453,350.8699951171875,661.6099853515625,89.20999908447266,16.020000457763672,351.1300048828125,662.9299926757812,89.66000366210938,16.489999771118164,13312400,86288000,38584000,0
2025-10-01,356.0299987792969,662.9574584960938,86.00379180908203,16.290000915527344,356.0299987792969,668.4500122070312,89.29000091552734,16.290000915527344,356.9700012207031,669.3699951171875,89.63999938964844,17.280000686645508,354.7900085449219,663.0599975585938,89.08999633789062,15.979999542236328,356.1700134277344,663.1699829101562,89.44999694824219,17.280000686645508,15573600,72545400,39408900,0
2025-10-02,354.7900085449219,663.7210693359375,86.25422668457031,16.6299991607666,354.7900085449219,669.219970703125,89.55000305175781,16.6299991607666,358.6700134277344,670.5700073242188,89.69000244140625,16.920000076293945,351.3999938964844,666.780029296875,89.19000244140625,15.930000305175781,358.260009765625,670.4500122070312,89.30999755859375,16.1200008392334,16162100,56896000,23208300,0
2025-10-03,357.6400146484375,663.7112426757812,86.09046936035156,16.649999618530273,357.6400146484375,669.2100219726562,89.37999725341797,16.649999618530273,358.1400146484375,672.6799926757812,89.72000122070312,17.059999465942383,355.79998779296875,668.1599731445312,89.2699966430664,16.200000762939453,357.1199951171875,669.989990234375,89.62999725341797,16.350000381469727,14464000,70494400,25884500,0
2025-10-06,364.3800048828125,666.0914916992188,85.40660858154297,16.3700008392334,364.3800048828125,671.6099853515625,88.66999816894531,16.3700008392334,365.29998779296875,672.510009765625,89.16000366210938,17.09000015258789,361.3699951171875,669.4600219726562,88.6500015258789,16.290000915527344,362.1600036621094,671.6199951171875,88.70999908447266,16.739999771118164,17093700,54623300,28371000,0
2025-10-07,366.260009765625,663.6219482421875,85.89783477783203,17.239999771118164,366.260009765625,669.1199951171875,89.18000030517578,17.239999771118164,367.2699890136719,672.989990234375,89.37999725341797,17.549999237060547,364.54998779296875,667.6699829101562,88.80999755859375,16.190000534057617,366.510009765625,672.5399780273438,88.97000122070312,16.579999923706055,16836800,72020100,29103300,0
2025-10-08,372.29998779296875,667.5791625976562,85.96526336669922,16.299999237060547,372.29998779296875,673.1099853515625,89.25,16.299999237060547,373.57000732421875,673.2100219726562,89.62000274658203,17.200000762939453,370.5,669.4199829101562,89.12999725341797,16.229999542236328,371.6499938964844,670.25,89.5999984741211,17.170000076293945,28052300,60702200,22506200,0
2025-10-09,365.42999267578125,665.6452026367188,85.89783477783203,16.43000030517578,365.42999267578125,671.1599731445312,89.18000030517578,16.43000030517578,373.2200012207031,673.9400024414062,89.29000091552734,17.270000457763672,362.8299865722656,669.2100219726562,89.01000213623047,16.260000228881836,373.1400146484375,673.530029296875,89.16999816894531,16.309999465942383,33674800,66501900,21578700,0
2025-10-10,369.1199951171875,647.6542358398438,87.28483581542969,21.65999984741211,369.1199951171875,653.02001953125,90.62000274658203,21.65999984741211,370.30999755859375,673.9500122070312,90.72000122070312,22.440000534057617,365.44000244140625,652.8400268554688,89.9000015258789,16.229999542236328,367.5400085449219,672.1300048828125,89.9800033569336,16.360000610351562,24192800,159422600,59389400,0
2025-10-13,378.0899963378906,657.5919189453125,87.23668670654297,19.030000686645508,378.0899963378906,663.0399780273438,90.56999969482422,19.030000686645508,378.8599853515625,665.1300048828125,90.58000183105469,20.770000457763672,375.5799865722656,659.77001953125,89.86000061035156,18.610000610351562,376.5,660.6500244140625,90.27999877929688,19.450000762939453,18514400,79560500,28035500,0
2025-10-14,380.7900085449219,656.78857421875,87.5160140991211,20.809999465942383,380.7900085449219,662.22998046875,90.86000061035156,20.809999465942383,382.3800048828125,665.8300170898438,90.91999816894531,22.940000534057617,377.8999938964844,653.1699829101562,90.43000030517578,19.18000030517578,378.2099914550781,657.1699829101562,90.6500015258789,21.459999084472656,18409600,88779600,29800000,0
2025-10-15,387.3900146484375,659.7044067382812,87.32337188720703,20.639999389648438,387.3900146484375,665.1699829101562,90.66000366210938,20.639999389648438,387.760009765625,670.22998046875,91.30000305175781,22.440000534057617,384.5899963378906,658.9299926757812,90.47000122070312,19.110000610351562,385.92999267578125,666.8200073242188,90.95999908447266,20.020000457763672,20598300,81702600,31333900,0
2025-10-16,396.45001220703125,655.2116088867188,87.97834014892578,25.309999465942383,396.45001220703125,660.6400146484375,91.33999633789062,25.309999465942383,396.8699951171875,668.7100219726562,91.5,25.43000030517578,390.3999938964844,657.1099853515625,90.44999694824219,19.850000381469727,391.1499938964844,666.8200073242188,90.5199966430664,20.489999771118164,33621400,110563300,39631200,0
2025-10-17,388.989990234375,658.9308471679688,87.84349822998047,20.780000686645508,388.989990234375,664.3900146484375,91.19999694824219,20.780000686645508,397.2799987792969,665.760009765625,91.29000091552734,28.989999771118164,385.2200012207031,658.1400146484375,90.9000015258789,20.729999542236328,397.1400146484375,659.5,91.25,28.40999984741211,62025000,96500900,40240400,0
2025-10-20,403.1499938964844,665.7840576171875,88.18061828613281,18.229999542236328,403.1499938964844,671.2999877929688,91.55000305175781,18.229999542236328,403.29998779296875,672.2100219726562,91.55999755859375,21.020000457763672,394.20001220703125,667.27001953125,91.27999877929688,18.229999542236328,397.45001220703125,667.3200073242188,91.45999908447266,20.530000686645508,34523000,60493400,28429300,0
2025-10-21,377.239990234375,665.7741088867188,88.61405181884766,17.8700008392334,377.239990234375,671.2899780273438,92.0,17.8700008392334,388.8900146484375,672.989990234375,92.19000244140625,18.889999389648438,375.6499938964844,669.97998046875,91.91000366210938,17.399999618530273,386.5400085449219,671.4400024414062,91.98999786376953,18.649999618530273,54101400,56249000,24514300,0
2025-10-22,377.2799987792969,662.3128051757812,88.67184448242188,18.600000381469727,377.2799987792969,667.7999877929688,92.05999755859375,18.600000381469727,378.4700012207031,672.0,92.18000030517578,21.010000228881836,368.92999267578125,663.2999877929688,91.81999969482422,17.729999542236328,372.75,672.0,91.98999786376953,17.84000015258789,30524100,80564000,30496200,0
2025-10-23,378.7900085449219,666.2402954101562,88.06502532958984,17.299999237060547,378.7900085449219,671.760009765625,91.43000030517578,17.299999237060547,382.25,672.7100219726562,91.79000091552734,19.350000381469727,378.6499938964844,667.7999877929688,91.29000091552734,17.079999923706055,381.4599914550781,668.1199951171875,91.61000061035156,18.360000610351562,13695500,65604500,28275100,0
2025-10-24,377.5199890136719,671.6851806640625,88.10354614257812,16.3700008392334,377.5199890136719,677.25,91.47000122070312,16.3700008392334,380.7699890136719,678.469970703125,91.5999984741211,17.219999313354492,376.80999755859375,675.6500244140625,91.16000366210938,16.020000457763672,378.510009765625,676.4600219726562,91.58999633789062,17.020000457763672,13263800,74356500,28266000,0
2025-10-27,367.010009765625,679.6094970703125,88.40213775634766,15.789999961853027,367.010009765625,685.239990234375,91.77999877929688,15.789999961853027,371.5899963378906,685.5399780273438,91.79000091552734,16.06999969482422,365.3399963378906,682.1199951171875,91.08999633789062,15.619999885559082,371.1300048828125,682.72998046875,91.31999969482422,15.729999542236328,23657600,63339800,30033600,0
2025-10-28,364.3800048828125,681.41455078125,88.63330841064453,16.420000076293945,364.3800048828125,687.0599975585938,92.0199966430664,16.420000076293945,365.29998779296875,688.9099731445312,92.18000030517578,16.549999237060547,360.1199951171875,684.8300170898438,91.80999755859375,15.65999984741211,361.80999755859375,687.0499877929688,91.8499984741211,15.949999809265137,19257600,61738100,23564500,0
2025-10-29,363.0,681.7418823242188,87.73753356933594,16.920000076293945,363.0,687.3900146484375,91.08999633789062,16.920000076293945,370.0799865722656,689.7000122070312,91.88999938964844,17.579999923706055,361.3599853515625,682.8699951171875,91.0199966430664,16.260000228881836,369.6499938964844,688.719970703125,91.87999725341797,16.34000015258789,18891800,85657100,39551600,0
2025-10-30,370.1300048828125,674.2440185546875,87.22705078125,16.90999984741211,370.1300048828125,679.8300170898438,90.55999755859375,16.90999984741211,370.3599853515625,685.9400024414062,90.97000122070312,17.40999984741211,364.5,679.8300170898438,90.3499984741211,15.729999542236328,365.0899963378906,683.9000244140625,90.38999938964844,16.260000228881836,14812800,76335800,42649200,0
2025-10-31,368.1199951171875,676.45556640625,86.96697998046875,17.440000534057617,368.1199951171875,682.0599975585938,90.29000091552734,17.440000534057617,370.6600036621094,685.0800170898438,90.66000366210938,18.540000915527344,365.5,679.239990234375,90.19999694824219,15.960000038146973,370.4700012207031,685.0399780273438,90.55999755859375,16.43000030517578,11077900,87164100,38247300,0
2025-11-03,368.7799987792969,677.7251586914062,86.74947357177734,17.170000076293945,368.7799987792969,683.3400268554688,89.73999786376953,17.170000076293945,370.8399963378906,685.7999877929688,89.81999969482422,18.829999923706055,367.5400085449219,679.9400024414062,89.41999816894531,17.0,368.9100036621094,685.6699829101562,89.62000274658203,18.059999465942383,7254300,57315000,40752300,0
2025-11-04,362.32000732421875,669.6917114257812,86.94282531738281,19.0,362.32000732421875,675.239990234375,89.94000244140625,19.0,365.739990234375,679.9600219726562,90.05999755859375,20.479999542236328,361.3900146484375,674.5800170898438,89.73999786376953,17.899999618530273,363.4800109863281,676.1099853515625,89.77999877929688,19.729999542236328,11540100,78427000,26383800,0
2025-11-05,366.510009765625,672.012451171875,85.99546813964844,18.010000228881836,366.510009765625,677.5800170898438,88.95999908447266,18.010000228881836,367.1000061035156,680.8599853515625,89.55000305175781,20.020000457763672,364.6499938964844,674.1699829101562,88.87999725341797,17.309999465942383,366.3900146484375,674.97998046875,89.51000213623047,19.3700008392334,8357300,74402400,44643400,0
2025-11-06,366.07000732421875,664.8021850585938,86.76882934570312,19.5,366.07000732421875,670.3099975585938,89.76000213623047,19.5,368.17999267578125,677.3800048828125,89.8499984741211,20.309999465942383,364.70001220703125,668.719970703125,89.52999877929688,17.639999389648438,367.1600036621094,676.469970703125,89.55999755859375,18.360000610351562,6891100,85035300,33027400,0
2025-11-07,368.30999755859375,665.4567260742188,86.58513641357422,19.079999923706055,368.30999755859375,670.969970703125,89.56999969482422,19.079999923706055,370.4200134277344,671.0800170898438,89.87000274658203,22.719999313354492,366.4200134277344,661.2100219726562,89.36000061035156,19.079999923706055,367.94000244140625,667.9099731445312,89.36000061035156,19.520000457763672,11060400,100592400,28530100,0
2025-11-10,378.3800048828125,675.8406982421875,86.56581115722656,17.600000381469727,378.3800048828125,681.4400024414062,89.55000305175781,17.600000381469727,378.6600036621094,682.1799926757812,89.66999816894531,18.81999969482422,374.7799987792969,675.030029296875,89.38999938964844,17.600000381469727,375.92999267578125,677.239990234375,89.48999786376953,18.579999923706055,13456200,75842900,24093500,0
2025-11-11,379.8699951171875,677.3878784179688,86.962158203125,17.280000686645508,379.8699951171875,683.0,89.95999908447266,17.280000686645508,380.3999938964844,683.5700073242188,90.06999969482422,18.010000228881836,376.8699951171875,678.72998046875,89.77999877929688,17.25,379.9800109863281,679.9500122070312,89.94999694824219,17.899999618530273,10753200,58953400,18942300,0
2025-11-12,385.989990234375,677.7648315429688,87.11682891845703,17.510000228881836,385.989990234375,683.3800048828125,90.12000274658203,17.510000228881836,387.4599914550781,684.9600219726562,90.31999969482422,18.059999465942383,379.44000244140625,680.9500122070312,89.87999725341797,17.100000381469727,380.07000732421875,684.7899780273438,89.94999694824219,17.209999084472656,16203700,62312500,23594900,0
2025-11-13,382.8699951171875,666.5180053710938,86.40147399902344,20.0,382.8699951171875,672.0399780273438,89.37999725341797,20.0,388.17999267578125,680.8599853515625,89.94000244140625,21.309999465942383,381.2099914550781,670.52001953125,89.37999725341797,17.510000228881836,387.2900085449219,680.5,89.80000305175781,17.610000610351562,15867900,103457800,33825900,0
2025-11-14,375.9599914550781,666.4088745117188,85.90847778320312,19.829999923706055,375.9599914550781,671.9299926757812,88.87000274658203,19.829999923706055,378.20001220703125,675.6599731445312,89.83999633789062,23.030000686645508,370.8900146484375,663.27001953125,88.87000274658203,19.559999465942383,372.8699951171875,665.3800048828125,89.79000091552734,21.329999923706055,15198000,96846700,38550500,0
2025-11-17,371.6499938964844,660.2003173828125,86.12113952636719,22.3799991607666,371.6499938964844,665.6699829101562,89.08999633789062,22.3799991607666,375.4599914550781,673.7100219726562,89.30000305175781,23.440000534057617,368.5199890136719,662.1699829101562,88.9800033569336,19.540000915527344,374.0400085449219,669.7000122070312,89.08000183105469,19.579999923706055,13295200,90456100,25605800,0
2025-11-18,374.3500061035156,654.65625,86.09215545654297,24.690000534057617,374.3500061035156,660.0800170898438,89.05999755859375,24.690000534057617,375.5400085449219,665.1199951171875,89.44999694824219,25.84000015258789,371.6199951171875,655.8599853515625,88.80000305175781,22.90999984741211,374.8299865722656,662.0999755859375,89.3499984741211,23.540000915527344,7818800,114467500,31967400,0
2025-11-19,374.9599914550781,657.185302734375,85.91814422607422,23.65999984741211,374.9599914550781,662.6300048828125,88.87999725341797,23.65999984741211,380.1700134277344,667.3400268554688,89.30999755859375,24.790000915527344,373.0299987792969,658.75,88.8499984741211,21.93000030517578,377.7799987792969,660.780029296875,89.2300033569336,24.520000457763672,10980400,94703000,25782400,0
2025-11-20,374.8500061035156,647.1683349609375,86.25648498535156,26.420000076293945,374.8500061035156,652.530029296875,89.2300033569336,26.420000076293945,377.69000244140625,675.5599975585938,89.41999816894531,28.270000457763672,371.8500061035156,651.8900146484375,88.98999786376953,19.280000686645508,375.2900085449219,672.9099731445312,88.98999786376953,20.780000686645508,10506500,165293500,32945000,0
2025-11-21,374.2699890136719,653.6149291992188,86.51749420166016,23.43000030517578,374.2699890136719,659.030029296875,89.5,23.43000030517578,377.2300109863281,664.5499877929688,89.66999816894531,27.84000015258789,372.94000244140625,650.8499755859375,89.19999694824219,22.540000915527344,374.0299987792969,655.0499877929688,89.6500015258789,25.969999313354492,13194600,123956200,41938600,0
2025-11-24,380.20001220703125,663.235107421875,87.0104751586914,20.520000457763672,380.20001220703125,668.72998046875,90.01000213623047,20.520000457763672,380.2799987792969,670.0599975585938,90.06999969482422,23.68000030517578,374.19000244140625,661.5900268554688,89.77999877929688,20.40999984741211,374.8800048828125,662.6900024414062,89.94999694824219,22.690000534057617,10085300,80437900,30865700,0
2025-11-25,380.0799865722656,669.4735107421875,87.2328109741211,18.559999465942383,380.0799865722656,675.02001953125,90.23999786376953,18.559999465942383,382.5199890136719,676.2100219726562,90.58999633789062,21.770000457763672,378.05999755859375,664.47998046875,90.12999725341797,18.389999389648438,380.260009765625,668.6300048828125,90.30999755859375,20.549999237060547,10462800,81077100,36503300,0
2025-11-26,383.1199951171875,674.09521484375,87.6194839477539,17.190000534057617,383.1199951171875,679.6799926757812,90.63999938964844,17.190000534057617,383.7799987792969,681.7000122070312,90.63999938964844,18.700000762939453,380.4599914550781,676.719970703125,89.83000183105469,16.93000030517578,381.05999755859375,677.6300048828125,90.1500015258789,18.25,9184100,71879600,34099000,0
2025-11-28,387.8800048828125,677.7747192382812,87.20382690429688,16.350000381469727,387.8800048828125,683.3900146484375,90.20999908447266,16.350000381469727,388.0,683.6699829101562,90.52999877929688,18.520000457763672,384.989990234375,680.5,89.94999694824219,15.779999732971191,385.9800109863281,680.8599853515625,90.45999908447266,17.40999984741211,7175400,49212000,40704300,0
2025-12-01,389.75,674.6802978515625,86.11824798583984,17.239999771118164,389.75,680.27001953125,88.7699966430664,17.239999771118164,390.70001220703125,682.989990234375,88.98999786376953,18.329999923706055,388.05999755859375,678.739990234375,88.70999908447266,16.579999923706055,390.6099853515625,678.8099975585938,88.8499984741211,18.049999237060547,11177100,61201200,47086600,0
2025-12-02,387.239990234375,675.9300537109375,86.15704345703125,16.59000015258789,387.239990234375,681.530029296875,88.80999755859375,16.59000015258789,388.9800109863281,683.8200073242188,88.95999908447266,17.309999465942383,382.9100036621094,679.3300170898438,88.45999908447266,16.389999389648438,388.8699951171875,681.9199829101562,88.58000183105469,17.280000686645508,8103900,62953800,27605700,0
2025-12-03,386.8800048828125,678.2706298828125,86.39958953857422,16.079999923706055,386.8800048828125,683.8900146484375,89.05999755859375,16.079999923706055,390.1300048828125,684.9099731445312,89.16000366210938,17.280000686645508,385.8299865722656,679.6900024414062,88.73999786376953,15.930000305175781,388.4599914550781,680.5700073242188,88.91999816894531,16.43000030517578,7886800,57238500,23278600,0
2025-12-04,387.1300048828125,678.7664794921875,85.93391418457031,15.779999732971191,387.1300048828125,684.3900146484375,88.58000183105469,15.779999732971191,388.0,685.3699951171875,88.93000030517578,16.6299991607666,385.3999938964844,681.3400268554688,88.4800033569336,15.680000305175781,386.9200134277344,685.2999877929688,88.91000366210938,16.229999542236328,6754400,61970300,25541500,0
2025-12-05,386.44000244140625,680.0557861328125,85.53617095947266,15.40999984741211,386.44000244140625,685.6900024414062,88.16999816894531,15.40999984741211,391.739990234375,688.3900146484375,88.55000305175781,16.18000030517578,386.17999267578125,684.5800170898438,88.05000305175781,15.279999732971191,389.1199951171875,685.469970703125,88.55000305175781,15.579999923706055,9449800,79241000,32808100,0
2025-12-08,385.4200134277344,678.0127563476562,85.25482940673828,16.65999984741211,385.4200134277344,683.6300048828125,87.87999725341797,16.65999984741211,387.239990234375,686.6400146484375,88.19999694824219,17.09000015258789,384.010009765625,681.5700073242188,87.55999755859375,16.100000381469727,387.0199890136719,686.5900268554688,88.19000244140625,16.149999618530273,6822100,55231500,32255200,0
2025-12-09,387.3999938964844,677.4275512695312,85.34213256835938,16.93000030517578,387.3999938964844,683.0399780273438,87.97000122070312,16.93000030517578,388.2099914550781,685.3900146484375,88.3499984741211,17.200000762939453,385.2699890136719,682.5900268554688,87.83999633789062,16.450000762939453,385.6199951171875,683.1500244140625,88.33999633789062,16.65999984741211,6358700,58310100,25771800,0
2025-12-10,389.04998779296875,681.92041015625,85.67198944091797,15.770000457763672,389.04998779296875,687.5700073242188,88.30999755859375,15.770000457763672,389.760009765625,688.969970703125,88.5199966430664,17.65999984741211,384.5,681.3099975585938,87.86000061035156,15.5600004196167,385.95001220703125,682.5599975585938,88.0,16.940000534057617,9120500,85671300,46833500,0
2025-12-11,393.239990234375,683.5072021484375,85.55557250976562,14.850000381469727,393.239990234375,689.1699829101562,88.19000244140625,14.850000381469727,394.0899963378906,689.25,88.83000183105469,16.8799991607666,388.5,682.1699829101562,88.16000366210938,14.850000381469727,389.0199890136719,685.1400146484375,88.69000244140625,16.84000015258789,11240600,86173700,26778700,0
2025-12-12,395.44000244140625,676.1581420898438,84.73094940185547,15.739999771118164,395.44000244140625,681.760009765625,87.33999633789062,15.739999771118164,400.3900146484375,688.8800048828125,87.5,17.850000381469727,391.4700012207031,679.1699829101562,87.19000244140625,14.850000381469727,399.1600036621094,688.1699829101562,87.37999725341797,14.989999771118164,16792100,113160300,47030100,0
2025-12-15,395.79998779296875,675.1365356445312,84.78916931152344,16.5,395.79998779296875,680.72998046875,87.4000015258789,16.5,398.7099914550781,685.760009765625,87.87999725341797,17.350000381469727,394.07000732421875,679.25,87.38999938964844,15.989999771118164,397.760009765625,685.739990234375,87.72000122070312,16.510000228881836,11345000,90811000,28611800,0
2025-12-16,395.8900146484375,673.2918701171875,85.25482940673828,16.479999542236328,395.8900146484375,678.8699951171875,87.87999725341797,16.479999542236328,398.7099914550781,681.0800170898438,87.91999816894531,17.610000610351562,394.5899963378906,674.97998046875,87.16999816894531,16.190000534057617,397.75,679.22998046875,87.19000244140625,17.280000686645508,9201600,122030600,41018700,0
2025-12-17,399.2900085449219,665.8832397460938,85.1772232055664,17.6200008392334,399.2900085449219,671.4000244140625,87.80000305175781,17.6200008392334,399.9800109863281,680.4400024414062,87.98999786376953,18.0,397.25,671.2000122070312,87.58000183105469,15.819999694824219,398.0799865722656,679.8900146484375,87.62999725341797,16.450000762939453,10456900,110625200,24668300,0
2025-12-18,398.57000732421875,670.9114990234375,85.58467864990234,16.8700008392334,398.57000732421875,676.469970703125,88.22000122070312,16.8700008392334,402.2099914550781,680.739990234375,88.37999725341797,17.68000030517578,396.04998779296875,674.9000244140625,88.06999969482422,15.930000305175781,398.2799987792969,677.5999755859375,88.12999725341797,17.610000610351562,11837600,108650100,39048900,0
2025-12-19,399.0199890136719,676.9923095703125,85.2652359008789,14.90999984741211,399.0199890136719,680.5900268554688,87.55000305175781,14.90999984741211,400.6300048828125,681.0900268554688,87.76000213623047,16.530000686645508,397.1700134277344,676.469970703125,87.41000366210938,14.90999984741211,397.9200134277344,676.5900268554688,87.61000061035156,16.309999465942383,9894800,103599500,37858100,0
2025-12-22,408.2300109863281,681.2098999023438,85.08019256591797,14.079999923706055,408.2300109863281,684.8300170898438,87.36000061035156,14.079999923706055,408.5199890136719,685.3599853515625,87.45999908447266,15.260000228881836,405.7200012207031,680.5900268554688,87.25,14.029999732971191,406.9800109863281,683.9400024414062,87.41999816894531,15.15999984741211,14202100,69556700,25547100,0
2025-12-23,413.6400146484375,684.3233032226562,85.21653747558594,14.0,413.6400146484375,687.9600219726562,87.5,14.0,413.760009765625,688.2000122070312,87.58000183105469,14.449999809265137,407.1000061035156,683.8699951171875,87.02999877929688,13.640000343322754,410.29998779296875,683.9199829101562,87.06999969482422,14.09000015258789,13193300,64840000,33624100,0
2025-12-24,411.92999267578125,686.7305297851562,85.73271179199219,13.470000267028809,411.92999267578125,690.3800048828125,88.02999877929688,13.470000267028809,412.6300048828125,690.8300170898438,88.08000183105469,14.15999984741211,408.8299865722656,687.7999877929688,87.6500015258789,13.380000114440918,412.25,687.9500122070312,87.76000213623047,14.09000015258789,6718400,39445600,25942000,0
2025-12-26,416.739990234375,686.660888671875,85.45027160644531,13.600000381469727,416.739990234375,690.3099975585938,87.73999786376953,13.600000381469727,418.45001220703125,691.6599731445312,88.16999816894531,14.289999961853027,414.75,689.27001953125,87.5999984741211,13.520000457763672,416.4800109863281,690.6400146484375,88.0999984741211,14.119999885559082,10476200,41613300,26522700,0
2025-12-29,398.6000061035156,684.2138671875,85.77167510986328,14.199999809265137,398.6000061035156,687.8499755859375,88.06999969482422,14.199999809265137,403.760009765625,689.2000122070312,88.06999969482422,15.079999923706055,395.3299865722656,686.0700073242188,87.79000091552734,13.989999771118164,403.6600036621094,687.5399780273438,87.94999694824219,14.6899995803833,20679200,62559500,29399800,0
2025-12-30,398.8900146484375,683.3783569335938,85.56715393066406,14.329999923706055,398.8900146484375,687.010009765625,87.86000061035156,14.329999923706055,403.79998779296875,688.5599975585938,88.04000091552734,14.619999885559082,398.55999755859375,686.5800170898438,87.66999816894531,14.039999961853027,403.6000061035156,687.4500122070312,87.73999786376953,14.430000305175781,10179000,47160700,25106800,0
2025-12-31,396.30999755859375,678.3152465820312,84.88541412353516,14.949999809265137,396.30999755859375,681.9199829101562,87.16000366210938,14.949999809265137,400.1300048828125,687.3599853515625,87.91000366210938,15.170000076293945,395.5899963378906,681.7100219726562,87.12999725341797,14.380000114440918,398.6000061035156,687.1400146484375,87.68000030517578,14.770000457763672,10194700,74144800,36500000,0
